#
# There is insufficient memory for the Java Runtime Environment to continue.
# Native memory allocation (malloc) failed to allocate 1317296 bytes. Error detail: Chunk::new
# Possible reasons:
#   The system is out of physical RAM or swap space
#   This process is running with CompressedOops enabled, and the Java Heap may be blocking the growth of the native heap
# Possible solutions:
#   Reduce memory load on the system
#   Increase physical memory or swap space
#   Check if swap backing store is full
#   Decrease Java heap size (-Xmx/-Xms)
#   Decrease number of Java threads
#   Decrease Java thread stack sizes (-Xss)
#   Set larger code cache with -XX:ReservedCodeCacheSize=
#   JVM is running with Unscaled Compressed Oops mode in which the Java heap is
#     placed in the first 4GB address space. The Java Heap base address is the
#     maximum limit for the native heap growth. Please use -XX:HeapBaseMinAddress
#     to set the Java Heap base and to place the Java Heap above 4GB virtual address.
# This output file may be truncated or incomplete.
#
#  Out of Memory Error (arena.cpp:168), pid=5672, tid=13500
#
# JRE version: OpenJDK Runtime Environment (21.0.8) (build 21.0.8+-14196175-b1038.72)
# Java VM: OpenJDK 64-Bit Server VM (21.0.8+-14196175-b1038.72, mixed mode, tiered, compressed oops, compressed class ptrs, g1 gc, windows-amd64)
# No core dump will be written. Minidumps are not enabled by default on client versions of Windows
#

---------------  S U M M A R Y ------------

Command Line: --add-opens=java.base/java.lang=ALL-UNNAMED --add-opens=java.base/java.lang.invoke=ALL-UNNAMED --add-opens=java.base/java.util=ALL-UNNAMED --add-opens=java.prefs/java.util.prefs=ALL-UNNAMED --add-exports=jdk.compiler/com.sun.tools.javac.api=ALL-UNNAMED --add-exports=jdk.compiler/com.sun.tools.javac.util=ALL-UNNAMED --add-opens=java.base/java.util=ALL-UNNAMED --add-opens=java.prefs/java.util.prefs=ALL-UNNAMED --add-opens=java.base/java.nio.charset=ALL-UNNAMED --add-opens=java.base/java.net=ALL-UNNAMED --add-opens=java.base/java.util.concurrent.atomic=ALL-UNNAMED --add-opens=java.xml/javax.xml.namespace=ALL-UNNAMED -Xmx2048m -Dfile.encoding=UTF-8 -Duser.country=US -Duser.language=en -Duser.variant -javaagent:C:\Users\Sis\.gradle\wrapper\dists\gradle-8.13-bin\5xuhj0ry160q40clulazy9h7d\gradle-8.13\lib\agents\gradle-instrumentation-agent-8.13.jar org.gradle.launcher.daemon.bootstrap.GradleDaemon 8.13

Host: AMD Ryzen 5 5600G with Radeon Graphics         , 12 cores, 15G,  Windows 11 , 64 bit Build 26100 (10.0.26100.7309)
Time: Mon Jan 12 22:41:38 2026 Malay Peninsula Standard Time elapsed time: 2622.017198 seconds (0d 0h 43m 42s)

---------------  T H R E A D  ---------------

Current thread (0x000002625b375900):  JavaThread "C2 CompilerThread0" daemon [_thread_in_native, id=13500, stack(0x0000007b80500000,0x0000007b80600000) (1024K)]


Current CompileTask:
C2:2622017 120656   !   4       org.jetbrains.kotlin.metadata.ProtoBuf$Type::<init> (875 bytes)

Stack: [0x0000007b80500000,0x0000007b80600000]
Native frames: (J=compiled Java code, j=interpreted, Vv=VM code, C=native code)
V  [jvm.dll+0x6d68d9]
V  [jvm.dll+0x866693]
V  [jvm.dll+0x868c4e]
V  [jvm.dll+0x869333]
V  [jvm.dll+0x280566]
V  [jvm.dll+0xc07cd]
V  [jvm.dll+0xc0d03]
V  [jvm.dll+0x3b95e1]
V  [jvm.dll+0x385507]
V  [jvm.dll+0x38497a]
V  [jvm.dll+0x249252]
V  [jvm.dll+0x248821]
V  [jvm.dll+0x1c73a4]
V  [jvm.dll+0x257f9e]
V  [jvm.dll+0x2564e6]
V  [jvm.dll+0x3f4696]
V  [jvm.dll+0x80eac8]
V  [jvm.dll+0x6d512d]
C  [ucrtbase.dll+0x37b0]
C  [KERNEL32.DLL+0x2e8d7]
C  [ntdll.dll+0x8c53c]


---------------  P R O C E S S  ---------------

Threads class SMR info:
_java_thread_list=0x0000026200bc0af0, length=87, elements={
0x000002624190ca10, 0x000002625b32b250, 0x000002625b32e880, 0x000002625b345690,
0x000002625b34ec30, 0x000002625b358c30, 0x000002625b35a800, 0x000002625b35ccf0,
0x000002625b375900, 0x000002625b378760, 0x000002625b35e730, 0x000002625b35b940,
0x000002625b35bfd0, 0x000002625b35c660, 0x00000262612b63d0, 0x00000262612b9ee0,
0x00000262612b6a60, 0x00000262612bb290, 0x00000262612bb920, 0x00000262612bbfb0,
0x00000262612bccd0, 0x00000262612bc640, 0x00000262612bd360, 0x0000026261bc5960,
0x0000026261bc52d0, 0x0000026261bc7a30, 0x0000026261bc73a0, 0x0000026261bc6680,
0x0000026261bc8de0, 0x0000026261bc80c0, 0x0000026261bc9470, 0x0000026261bcaeb0,
0x00000262655b7460, 0x000002626f269610, 0x000002626f267540, 0x000002626f26c400,
0x000002626f26a330, 0x0000026278dd8050, 0x00000262797b9f30, 0x00000262003ec960,
0x00000262004aab30, 0x000002626f266eb0, 0x000002626e3a7dc0, 0x000002626f267bd0,
0x000002626f265b00, 0x00000262797b77d0, 0x00000262797b7e60, 0x00000262797b84f0,
0x000002627f527f70, 0x00000262797b8b80, 0x00000262797b9210, 0x00000262797b5d90,
0x00000262797bda40, 0x00000262797bb970, 0x00000262797bc690, 0x00000262797bc000,
0x00000262797bd3b0, 0x00000262797ba5c0, 0x00000262797bcd20, 0x00000262797be0d0,
0x00000262797bac50, 0x00000262797be760, 0x00000262797bb2e0, 0x00000262797c2270,
0x00000262797bf480, 0x00000262004a9e10, 0x00000262004a83d0, 0x00000262004ab1c0,
0x00000262004ab850, 0x00000262004abee0, 0x00000262004a90f0, 0x00000262004a9780,
0x00000262004aa4a0, 0x00000262004a8a60, 0x00000262004ac570, 0x00000262004acc00,
0x000002627f59b470, 0x000002627f59bb00, 0x000002627f59c190, 0x000002627f598d10,
0x000002627f59c820, 0x000002627f59ceb0, 0x000002627f59e8f0, 0x000002627f59d540,
0x000002627f59dbd0, 0x000002627f59e260, 0x0000026279ab2010
}

Java Threads: ( => current thread )
  0x000002624190ca10 JavaThread "main"                              [_thread_blocked, id=18172, stack(0x0000007bff600000,0x0000007bff700000) (1024K)]
  0x000002625b32b250 JavaThread "Common-Cleaner"             daemon [_thread_blocked, id=18196, stack(0x0000007bffe00000,0x0000007bfff00000) (1024K)]
  0x000002625b32e880 JavaThread "Reference Handler"          daemon [_thread_blocked, id=13516, stack(0x0000007bfff00000,0x0000007c00000000) (1024K)]
  0x000002625b345690 JavaThread "Finalizer"                  daemon [_thread_blocked, id=17468, stack(0x0000007b80000000,0x0000007b80100000) (1024K)]
  0x000002625b34ec30 JavaThread "Signal Dispatcher"          daemon [_thread_blocked, id=14880, stack(0x0000007b80100000,0x0000007b80200000) (1024K)]
  0x000002625b358c30 JavaThread "Attach Listener"            daemon [_thread_blocked, id=3276, stack(0x0000007b80200000,0x0000007b80300000) (1024K)]
  0x000002625b35a800 JavaThread "Service Thread"             daemon [_thread_blocked, id=7664, stack(0x0000007b80300000,0x0000007b80400000) (1024K)]
  0x000002625b35ccf0 JavaThread "Monitor Deflation Thread"   daemon [_thread_blocked, id=15780, stack(0x0000007b80400000,0x0000007b80500000) (1024K)]
=>0x000002625b375900 JavaThread "C2 CompilerThread0"         daemon [_thread_in_native, id=13500, stack(0x0000007b80500000,0x0000007b80600000) (1024K)]
  0x000002625b378760 JavaThread "C1 CompilerThread0"         daemon [_thread_in_native, id=11864, stack(0x0000007b80600000,0x0000007b80700000) (1024K)]
  0x000002625b35e730 JavaThread "Notification Thread"        daemon [_thread_blocked, id=17232, stack(0x0000007b80700000,0x0000007b80800000) (1024K)]
  0x000002625b35b940 JavaThread "Daemon health stats"               [_thread_blocked, id=10172, stack(0x0000007b80900000,0x0000007b80a00000) (1024K)]
  0x000002625b35bfd0 JavaThread "Incoming local TCP Connector on port 64366"        [_thread_in_native, id=9104, stack(0x0000007b81200000,0x0000007b81300000) (1024K)]
  0x000002625b35c660 JavaThread "Daemon periodic checks"            [_thread_blocked, id=15388, stack(0x0000007b81300000,0x0000007b81400000) (1024K)]
  0x00000262612b63d0 JavaThread "Cache worker for journal cache (C:\Users\Sis\.gradle\caches\journal-1)"        [_thread_blocked, id=2428, stack(0x0000007b81e00000,0x0000007b81f00000) (1024K)]
  0x00000262612b9ee0 JavaThread "File lock request listener"        [_thread_in_native, id=7844, stack(0x0000007b81f00000,0x0000007b82000000) (1024K)]
  0x00000262612b6a60 JavaThread "Cache worker for file hash cache (C:\Users\Sis\.gradle\caches\8.13\fileHashes)"        [_thread_blocked, id=1484, stack(0x0000007b82000000,0x0000007b82100000) (1024K)]
  0x00000262612bb290 JavaThread "File watcher server"        daemon [_thread_in_native, id=14000, stack(0x0000007b82400000,0x0000007b82500000) (1024K)]
  0x00000262612bb920 JavaThread "File watcher consumer"      daemon [_thread_blocked, id=13304, stack(0x0000007b82500000,0x0000007b82600000) (1024K)]
  0x00000262612bbfb0 JavaThread "jar transforms"                    [_thread_blocked, id=2328, stack(0x0000007b82600000,0x0000007b82700000) (1024K)]
  0x00000262612bccd0 JavaThread "jar transforms Thread 2"           [_thread_blocked, id=17324, stack(0x0000007b82700000,0x0000007b82800000) (1024K)]
  0x00000262612bc640 JavaThread "jar transforms Thread 3"           [_thread_blocked, id=16092, stack(0x0000007b82800000,0x0000007b82900000) (1024K)]
  0x00000262612bd360 JavaThread "jar transforms Thread 4"           [_thread_blocked, id=12028, stack(0x0000007b82900000,0x0000007b82a00000) (1024K)]
  0x0000026261bc5960 JavaThread "jar transforms Thread 5"           [_thread_blocked, id=15920, stack(0x0000007b82a00000,0x0000007b82b00000) (1024K)]
  0x0000026261bc52d0 JavaThread "jar transforms Thread 6"           [_thread_blocked, id=17700, stack(0x0000007b82b00000,0x0000007b82c00000) (1024K)]
  0x0000026261bc7a30 JavaThread "jar transforms Thread 7"           [_thread_blocked, id=15540, stack(0x0000007b82c00000,0x0000007b82d00000) (1024K)]
  0x0000026261bc73a0 JavaThread "jar transforms Thread 8"           [_thread_blocked, id=8132, stack(0x0000007b82d00000,0x0000007b82e00000) (1024K)]
  0x0000026261bc6680 JavaThread "jar transforms Thread 9"           [_thread_blocked, id=18064, stack(0x0000007b82e00000,0x0000007b82f00000) (1024K)]
  0x0000026261bc8de0 JavaThread "jar transforms Thread 10"          [_thread_blocked, id=12048, stack(0x0000007b82f00000,0x0000007b83000000) (1024K)]
  0x0000026261bc80c0 JavaThread "jar transforms Thread 11"          [_thread_blocked, id=7924, stack(0x0000007b83000000,0x0000007b83100000) (1024K)]
  0x0000026261bc9470 JavaThread "jar transforms Thread 12"          [_thread_blocked, id=16108, stack(0x0000007b83100000,0x0000007b83200000) (1024K)]
  0x0000026261bcaeb0 JavaThread "Cache worker for file content cache (C:\Users\Sis\.gradle\caches\8.13\fileContent)"        [_thread_blocked, id=10532, stack(0x0000007b83300000,0x0000007b83400000) (1024K)]
  0x00000262655b7460 JavaThread "Memory manager"                    [_thread_blocked, id=14844, stack(0x0000007b82100000,0x0000007b82200000) (1024K)]
  0x000002626f269610 JavaThread "RMI Scheduler(0)"           daemon [_thread_blocked, id=11128, stack(0x0000007b83800000,0x0000007b83900000) (1024K)]
  0x000002626f267540 JavaThread "RMI GC Daemon"              daemon [_thread_blocked, id=15356, stack(0x0000007b8c300000,0x0000007b8c400000) (1024K)]
  0x000002626f26c400 JavaThread "RMI TCP Accept-0"           daemon [_thread_in_native, id=13100, stack(0x0000007b8c400000,0x0000007b8c500000) (1024K)]
  0x000002626f26a330 JavaThread "RMI Reaper"                        [_thread_blocked, id=5524, stack(0x0000007b8c500000,0x0000007b8c600000) (1024K)]
  0x0000026278dd8050 JavaThread "Cache worker for Java compile cache (C:\Users\Sis\.gradle\caches\8.13\javaCompile)"        [_thread_blocked, id=2156, stack(0x0000007b8a400000,0x0000007b8a500000) (1024K)]
  0x00000262797b9f30 JavaThread "RMI RenewClean-[127.0.0.1:17222,org.jetbrains.kotlin.daemon.common.LoopbackNetworkInterface$ClientLoopbackSocketFactory@6e440cf4]" daemon [_thread_blocked, id=18132, stack(0x0000007b8bf00000,0x0000007b8c000000) (1024K)]
  0x00000262003ec960 JavaThread "RMI TCP Connection(idle)"   daemon [_thread_blocked, id=3500, stack(0x0000007b80800000,0x0000007b80900000) (1024K)]
  0x00000262004aab30 JavaThread "Daemon Thread 9"                   [_thread_blocked, id=13468, stack(0x0000007b81400000,0x0000007b81500000) (1024K)]
  0x000002626f266eb0 JavaThread "Handler for socket connection from /127.0.0.1:64366 to /127.0.0.1:57425"        [_thread_in_native, id=10824, stack(0x0000007b81500000,0x0000007b81600000) (1024K)]
  0x000002626e3a7dc0 JavaThread "C2 CompilerThread1"         daemon [_thread_in_native, id=2880, stack(0x0000007b81600000,0x0000007b81700000) (1024K)]
  0x000002626f267bd0 JavaThread "Cancel handler"                    [_thread_blocked, id=2072, stack(0x0000007b81700000,0x0000007b81800000) (1024K)]
  0x000002626f265b00 JavaThread "Daemon worker Thread 9"            [_thread_in_Java, id=1716, stack(0x0000007b81800000,0x0000007b81900000) (1024K)]
  0x00000262797b77d0 JavaThread "Asynchronous log dispatcher for DefaultDaemonConnection: socket connection from /127.0.0.1:64366 to /127.0.0.1:57425"        [_thread_blocked, id=16888, stack(0x0000007b81c00000,0x0000007b81d00000) (1024K)]
  0x00000262797b7e60 JavaThread "Stdin handler"                     [_thread_blocked, id=16968, stack(0x0000007b81d00000,0x0000007b81e00000) (1024K)]
  0x00000262797b84f0 JavaThread "Daemon client event forwarder"        [_thread_blocked, id=7588, stack(0x0000007b82200000,0x0000007b82300000) (1024K)]
  0x000002627f527f70 JavaThread "C2 CompilerThread2"         daemon [_thread_in_native, id=7380, stack(0x0000007b82300000,0x0000007b82400000) (1024K)]
  0x00000262797b8b80 JavaThread "Cache worker for file hash cache (C:\Users\Sis\AndroidStudioProjects\EmergencyCommunicationSystem\.gradle\8.13\fileHashes)"        [_thread_blocked, id=15280, stack(0x0000007b83200000,0x0000007b83300000) (1024K)]
  0x00000262797b9210 JavaThread "Cache worker for Build Output Cleanup Cache (C:\Users\Sis\AndroidStudioProjects\EmergencyCommunicationSystem\.gradle\buildOutputCleanup)"        [_thread_blocked, id=3928, stack(0x0000007b83400000,0x0000007b83500000) (1024K)]
  0x00000262797b5d90 JavaThread "Cache worker for checksums cache (C:\Users\Sis\AndroidStudioProjects\EmergencyCommunicationSystem\.gradle\8.13\checksums)"        [_thread_blocked, id=10844, stack(0x0000007b83500000,0x0000007b83600000) (1024K)]
  0x00000262797bda40 JavaThread "Cache worker for cache directory md-supplier (C:\Users\Sis\.gradle\caches\8.13\md-supplier)"        [_thread_blocked, id=4300, stack(0x0000007b83600000,0x0000007b83700000) (1024K)]
  0x00000262797bb970 JavaThread "Cache worker for cache directory md-rule (C:\Users\Sis\.gradle\caches\8.13\md-rule)"        [_thread_blocked, id=12140, stack(0x0000007b83700000,0x0000007b83800000) (1024K)]
  0x00000262797bc690 JavaThread "Unconstrained build operations"        [_thread_blocked, id=6976, stack(0x0000007b83900000,0x0000007b83a00000) (1024K)]
  0x00000262797bc000 JavaThread "Unconstrained build operations Thread 2"        [_thread_blocked, id=4632, stack(0x0000007b83a00000,0x0000007b83b00000) (1024K)]
  0x00000262797bd3b0 JavaThread "Unconstrained build operations Thread 3"        [_thread_blocked, id=15232, stack(0x0000007b83b00000,0x0000007b83c00000) (1024K)]
  0x00000262797ba5c0 JavaThread "Unconstrained build operations Thread 4"        [_thread_blocked, id=15404, stack(0x0000007b83c00000,0x0000007b83d00000) (1024K)]
  0x00000262797bcd20 JavaThread "Unconstrained build operations Thread 5"        [_thread_blocked, id=6560, stack(0x0000007b83d00000,0x0000007b83e00000) (1024K)]
  0x00000262797be0d0 JavaThread "Unconstrained build operations Thread 6"        [_thread_blocked, id=14304, stack(0x0000007b83e00000,0x0000007b83f00000) (1024K)]
  0x00000262797bac50 JavaThread "Unconstrained build operations Thread 7"        [_thread_blocked, id=10944, stack(0x0000007b83f00000,0x0000007b84000000) (1024K)]
  0x00000262797be760 JavaThread "Unconstrained build operations Thread 8"        [_thread_blocked, id=13636, stack(0x0000007b84000000,0x0000007b84100000) (1024K)]
  0x00000262797bb2e0 JavaThread "Unconstrained build operations Thread 9"        [_thread_blocked, id=17644, stack(0x0000007b84100000,0x0000007b84200000) (1024K)]
  0x00000262797c2270 JavaThread "Unconstrained build operations Thread 10"        [_thread_blocked, id=1808, stack(0x0000007b84200000,0x0000007b84300000) (1024K)]
  0x00000262797bf480 JavaThread "Unconstrained build operations Thread 11"        [_thread_blocked, id=13188, stack(0x0000007b84300000,0x0000007b84400000) (1024K)]
  0x00000262004a9e10 JavaThread "Unconstrained build operations Thread 12"        [_thread_blocked, id=3344, stack(0x0000007b84400000,0x0000007b84500000) (1024K)]
  0x00000262004a83d0 JavaThread "Unconstrained build operations Thread 13"        [_thread_blocked, id=12256, stack(0x0000007b84500000,0x0000007b84600000) (1024K)]
  0x00000262004ab1c0 JavaThread "Unconstrained build operations Thread 14"        [_thread_blocked, id=18028, stack(0x0000007b84600000,0x0000007b84700000) (1024K)]
  0x00000262004ab850 JavaThread "Unconstrained build operations Thread 15"        [_thread_blocked, id=14032, stack(0x0000007b84700000,0x0000007b84800000) (1024K)]
  0x00000262004abee0 JavaThread "Unconstrained build operations Thread 16"        [_thread_blocked, id=1676, stack(0x0000007b84800000,0x0000007b84900000) (1024K)]
  0x00000262004a90f0 JavaThread "Unconstrained build operations Thread 17"        [_thread_blocked, id=2956, stack(0x0000007b84900000,0x0000007b84a00000) (1024K)]
  0x00000262004a9780 JavaThread "Unconstrained build operations Thread 18"        [_thread_blocked, id=11460, stack(0x0000007b84a00000,0x0000007b84b00000) (1024K)]
  0x00000262004aa4a0 JavaThread "Unconstrained build operations Thread 19"        [_thread_blocked, id=13944, stack(0x0000007b84b00000,0x0000007b84c00000) (1024K)]
  0x00000262004a8a60 JavaThread "Unconstrained build operations Thread 20"        [_thread_blocked, id=18016, stack(0x0000007b84c00000,0x0000007b84d00000) (1024K)]
  0x00000262004ac570 JavaThread "Unconstrained build operations Thread 21"        [_thread_blocked, id=16564, stack(0x0000007b84d00000,0x0000007b84e00000) (1024K)]
  0x00000262004acc00 JavaThread "Unconstrained build operations Thread 22"        [_thread_blocked, id=9112, stack(0x0000007b84e00000,0x0000007b84f00000) (1024K)]
  0x000002627f59b470 JavaThread "Unconstrained build operations Thread 23"        [_thread_blocked, id=15688, stack(0x0000007b84f00000,0x0000007b85000000) (1024K)]
  0x000002627f59bb00 JavaThread "Unconstrained build operations Thread 24"        [_thread_blocked, id=4828, stack(0x0000007b85000000,0x0000007b85100000) (1024K)]
  0x000002627f59c190 JavaThread "Unconstrained build operations Thread 25"        [_thread_blocked, id=4176, stack(0x0000007b85100000,0x0000007b85200000) (1024K)]
  0x000002627f598d10 JavaThread "Unconstrained build operations Thread 26"        [_thread_blocked, id=13904, stack(0x0000007b85200000,0x0000007b85300000) (1024K)]
  0x000002627f59c820 JavaThread "Unconstrained build operations Thread 27"        [_thread_blocked, id=15072, stack(0x0000007b85300000,0x0000007b85400000) (1024K)]
  0x000002627f59ceb0 JavaThread "Unconstrained build operations Thread 28"        [_thread_blocked, id=2316, stack(0x0000007b85400000,0x0000007b85500000) (1024K)]
  0x000002627f59e8f0 JavaThread "Unconstrained build operations Thread 29"        [_thread_blocked, id=12980, stack(0x0000007b85500000,0x0000007b85600000) (1024K)]
  0x000002627f59d540 JavaThread "Unconstrained build operations Thread 30"        [_thread_blocked, id=16644, stack(0x0000007b85600000,0x0000007b85700000) (1024K)]
  0x000002627f59dbd0 JavaThread "Unconstrained build operations Thread 31"        [_thread_blocked, id=11392, stack(0x0000007b85700000,0x0000007b85800000) (1024K)]
  0x000002627f59e260 JavaThread "Unconstrained build operations Thread 32"        [_thread_blocked, id=16512, stack(0x0000007b85800000,0x0000007b85900000) (1024K)]
  0x0000026279ab2010 JavaThread "Unconstrained build operations Thread 33"        [_thread_blocked, id=2384, stack(0x0000007b85900000,0x0000007b85a00000) (1024K)]
Total: 87

Other Threads:
  0x000002625b20f5f0 VMThread "VM Thread"                           [id=16352, stack(0x0000007bffd00000,0x0000007bffe00000) (1024K)]
  0x000002625b1cb050 WatcherThread "VM Periodic Task Thread"        [id=17872, stack(0x0000007bffc00000,0x0000007bffd00000) (1024K)]
  0x00000262419652e0 WorkerThread "GC Thread#0"                     [id=13452, stack(0x0000007bff700000,0x0000007bff800000) (1024K)]
  0x000002625bbda310 WorkerThread "GC Thread#1"                     [id=17580, stack(0x0000007b80a00000,0x0000007b80b00000) (1024K)]
  0x000002625b89ebe0 WorkerThread "GC Thread#2"                     [id=6076, stack(0x0000007b80b00000,0x0000007b80c00000) (1024K)]
  0x000002625b89ef80 WorkerThread "GC Thread#3"                     [id=7944, stack(0x0000007b80c00000,0x0000007b80d00000) (1024K)]
  0x000002625be17250 WorkerThread "GC Thread#4"                     [id=11748, stack(0x0000007b80d00000,0x0000007b80e00000) (1024K)]
  0x0000026261240fe0 WorkerThread "GC Thread#5"                     [id=7008, stack(0x0000007b80e00000,0x0000007b80f00000) (1024K)]
  0x000002626151afc0 WorkerThread "GC Thread#6"                     [id=9316, stack(0x0000007b80f00000,0x0000007b81000000) (1024K)]
  0x000002626151b360 WorkerThread "GC Thread#7"                     [id=15108, stack(0x0000007b81000000,0x0000007b81100000) (1024K)]
  0x00000262613f4990 WorkerThread "GC Thread#8"                     [id=4596, stack(0x0000007b81100000,0x0000007b81200000) (1024K)]
  0x00000262613f4d30 WorkerThread "GC Thread#9"                     [id=1892, stack(0x0000007b81900000,0x0000007b81a00000) (1024K)]
  0x00000262419b4b80 ConcurrentGCThread "G1 Main Marker"            [id=408, stack(0x0000007bff800000,0x0000007bff900000) (1024K)]
  0x00000262419b5590 WorkerThread "G1 Conc#0"                       [id=5432, stack(0x0000007bff900000,0x0000007bffa00000) (1024K)]
  0x00000262613f3eb0 WorkerThread "G1 Conc#1"                       [id=10808, stack(0x0000007b81a00000,0x0000007b81b00000) (1024K)]
  0x00000262613f4250 WorkerThread "G1 Conc#2"                       [id=12728, stack(0x0000007b81b00000,0x0000007b81c00000) (1024K)]
  0x000002625b120000 ConcurrentGCThread "G1 Refine#0"               [id=18336, stack(0x0000007bffa00000,0x0000007bffb00000) (1024K)]
  0x000002625b123c40 ConcurrentGCThread "G1 Service"                [id=5180, stack(0x0000007bffb00000,0x0000007bffc00000) (1024K)]
Total: 18

Threads with active compile tasks:
C2 CompilerThread0  2622112 120656   !   4       org.jetbrains.kotlin.metadata.ProtoBuf$Type::<init> (875 bytes)
C1 CompilerThread0  2622112 121026       2       org.jetbrains.kotlin.container.ComponentStorage::resolve (278 bytes)
C2 CompilerThread1  2622112 120862 % !   4       org.jetbrains.kotlin.metadata.jvm.JvmModuleProtoBuf$PackageParts::<init> @ 558 (1103 bytes)
C2 CompilerThread2  2622112 117719 %     4       org.objectweb.asm.ClassReader::readCode @ 2187 (5117 bytes)
Total: 4

VM state: not at safepoint (normal execution)

VM Mutex/Monitor currently owned by a thread: None

Heap address: 0x0000000080000000, size: 2048 MB, Compressed Oops mode: 32-bit

CDS archive(s) not mapped
Compressed class space mapped at: 0x0000000100000000-0x0000000140000000, reserved size: 1073741824
Narrow klass base: 0x0000000000000000, Narrow klass shift: 3, Narrow klass range: 0x140000000

GC Precious Log:
 CardTable entry size: 512
 Card Set container configuration: InlinePtr #cards 5 size 8 Array Of Cards #cards 12 size 40 Howl #buckets 4 coarsen threshold 1843 Howl Bitmap #cards 512 size 80 coarsen threshold 460 Card regions per heap region 1 cards per card region 2048
 CPUs: 12 total, 12 available
 Memory: 15741M
 Large Page Support: Disabled
 NUMA Support: Disabled
 Compressed Oops: Enabled (32-bit)
 Heap Region Size: 1M
 Heap Min Capacity: 8M
 Heap Initial Capacity: 246M
 Heap Max Capacity: 2G
 Pre-touch: Disabled
 Parallel Workers: 10
 Concurrent Workers: 3
 Concurrent Refinement Workers: 10
 Periodic GC: Disabled

Heap:
 garbage-first heap   total 2028544K, used 1458432K [0x0000000080000000, 0x0000000100000000)
  region size 1024K, 573 young (586752K), 39 survivors (39936K)
 Metaspace       used 308968K, committed 311168K, reserved 1376256K
  class space    used 39470K, committed 40512K, reserved 1048576K

Heap Regions: E=young(eden), S=young(survivor), O=old, HS=humongous(starts), HC=humongous(continues), CS=collection set, F=free, TAMS=top-at-mark-start, PB=parsable bottom
|   0|0x0000000080000000, 0x0000000080100000, 0x0000000080100000|100%|HS|  |TAMS 0x0000000080000000| PB 0x0000000080000000| Complete 
|   1|0x0000000080100000, 0x0000000080200000, 0x0000000080200000|100%|HC|  |TAMS 0x0000000080100000| PB 0x0000000080100000| Complete 
|   2|0x0000000080200000, 0x0000000080300000, 0x0000000080300000|100%|HC|  |TAMS 0x0000000080200000| PB 0x0000000080200000| Complete 
|   3|0x0000000080300000, 0x0000000080400000, 0x0000000080400000|100%| O|  |TAMS 0x0000000080300000| PB 0x0000000080300000| Untracked 
|   4|0x0000000080400000, 0x0000000080500000, 0x0000000080500000|100%| O|  |TAMS 0x0000000080400000| PB 0x0000000080400000| Untracked 
|   5|0x0000000080500000, 0x0000000080600000, 0x0000000080600000|100%| O|  |TAMS 0x0000000080500000| PB 0x0000000080500000| Untracked 
|   6|0x0000000080600000, 0x0000000080700000, 0x0000000080700000|100%|HS|  |TAMS 0x0000000080600000| PB 0x0000000080600000| Complete 
|   7|0x0000000080700000, 0x0000000080800000, 0x0000000080800000|100%| O|  |TAMS 0x0000000080700000| PB 0x0000000080700000| Untracked 
|   8|0x0000000080800000, 0x0000000080900000, 0x0000000080900000|100%| O|  |TAMS 0x0000000080800000| PB 0x0000000080800000| Untracked 
|   9|0x0000000080900000, 0x0000000080a00000, 0x0000000080a00000|100%| O|  |TAMS 0x0000000080900000| PB 0x0000000080900000| Untracked 
|  10|0x0000000080a00000, 0x0000000080b00000, 0x0000000080b00000|100%| O|  |TAMS 0x0000000080a00000| PB 0x0000000080a00000| Untracked 
|  11|0x0000000080b00000, 0x0000000080c00000, 0x0000000080c00000|100%| O|  |TAMS 0x0000000080b00000| PB 0x0000000080b00000| Untracked 
|  12|0x0000000080c00000, 0x0000000080d00000, 0x0000000080d00000|100%| O|  |TAMS 0x0000000080c00000| PB 0x0000000080c00000| Untracked 
|  13|0x0000000080d00000, 0x0000000080e00000, 0x0000000080e00000|100%| O|  |TAMS 0x0000000080d00000| PB 0x0000000080d00000| Untracked 
|  14|0x0000000080e00000, 0x0000000080f00000, 0x0000000080f00000|100%| O|  |TAMS 0x0000000080e00000| PB 0x0000000080e00000| Untracked 
|  15|0x0000000080f00000, 0x0000000081000000, 0x0000000081000000|100%| O|  |TAMS 0x0000000080f00000| PB 0x0000000080f00000| Untracked 
|  16|0x0000000081000000, 0x0000000081100000, 0x0000000081100000|100%| O|  |TAMS 0x0000000081000000| PB 0x0000000081000000| Untracked 
|  17|0x0000000081100000, 0x0000000081200000, 0x0000000081200000|100%| O|  |TAMS 0x0000000081100000| PB 0x0000000081100000| Untracked 
|  18|0x0000000081200000, 0x0000000081300000, 0x0000000081300000|100%| O|  |TAMS 0x0000000081200000| PB 0x0000000081200000| Untracked 
|  19|0x0000000081300000, 0x0000000081400000, 0x0000000081400000|100%| O|  |TAMS 0x0000000081300000| PB 0x0000000081300000| Untracked 
|  20|0x0000000081400000, 0x0000000081500000, 0x0000000081500000|100%| O|  |TAMS 0x0000000081400000| PB 0x0000000081400000| Untracked 
|  21|0x0000000081500000, 0x0000000081600000, 0x0000000081600000|100%| O|  |TAMS 0x0000000081500000| PB 0x0000000081500000| Untracked 
|  22|0x0000000081600000, 0x0000000081700000, 0x0000000081700000|100%|HS|  |TAMS 0x0000000081600000| PB 0x0000000081600000| Complete 
|  23|0x0000000081700000, 0x0000000081800000, 0x0000000081800000|100%|HC|  |TAMS 0x0000000081700000| PB 0x0000000081700000| Complete 
|  24|0x0000000081800000, 0x0000000081900000, 0x0000000081900000|100%|HC|  |TAMS 0x0000000081800000| PB 0x0000000081800000| Complete 
|  25|0x0000000081900000, 0x0000000081a00000, 0x0000000081a00000|100%|HC|  |TAMS 0x0000000081900000| PB 0x0000000081900000| Complete 
|  26|0x0000000081a00000, 0x0000000081b00000, 0x0000000081b00000|100%|HC|  |TAMS 0x0000000081a00000| PB 0x0000000081a00000| Complete 
|  27|0x0000000081b00000, 0x0000000081c00000, 0x0000000081c00000|100%|HC|  |TAMS 0x0000000081b00000| PB 0x0000000081b00000| Complete 
|  28|0x0000000081c00000, 0x0000000081d00000, 0x0000000081d00000|100%|HS|  |TAMS 0x0000000081c00000| PB 0x0000000081c00000| Complete 
|  29|0x0000000081d00000, 0x0000000081e00000, 0x0000000081e00000|100%|HS|  |TAMS 0x0000000081d00000| PB 0x0000000081d00000| Complete 
|  30|0x0000000081e00000, 0x0000000081f00000, 0x0000000081f00000|100%|HC|  |TAMS 0x0000000081e00000| PB 0x0000000081e00000| Complete 
|  31|0x0000000081f00000, 0x0000000082000000, 0x0000000082000000|100%|HS|  |TAMS 0x0000000081f00000| PB 0x0000000081f00000| Complete 
|  32|0x0000000082000000, 0x0000000082100000, 0x0000000082100000|100%|HC|  |TAMS 0x0000000082000000| PB 0x0000000082000000| Complete 
|  33|0x0000000082100000, 0x0000000082200000, 0x0000000082200000|100%|HC|  |TAMS 0x0000000082100000| PB 0x0000000082100000| Complete 
|  34|0x0000000082200000, 0x0000000082300000, 0x0000000082300000|100%|HC|  |TAMS 0x0000000082200000| PB 0x0000000082200000| Complete 
|  35|0x0000000082300000, 0x0000000082400000, 0x0000000082400000|100%|HS|  |TAMS 0x0000000082300000| PB 0x0000000082300000| Complete 
|  36|0x0000000082400000, 0x0000000082500000, 0x0000000082500000|100%|HS|  |TAMS 0x0000000082400000| PB 0x0000000082400000| Complete 
|  37|0x0000000082500000, 0x0000000082600000, 0x0000000082600000|100%|HC|  |TAMS 0x0000000082500000| PB 0x0000000082500000| Complete 
|  38|0x0000000082600000, 0x0000000082700000, 0x0000000082700000|100%|HC|  |TAMS 0x0000000082600000| PB 0x0000000082600000| Complete 
|  39|0x0000000082700000, 0x0000000082800000, 0x0000000082800000|100%|HC|  |TAMS 0x0000000082700000| PB 0x0000000082700000| Complete 
|  40|0x0000000082800000, 0x0000000082900000, 0x0000000082900000|100%|HC|  |TAMS 0x0000000082800000| PB 0x0000000082800000| Complete 
|  41|0x0000000082900000, 0x0000000082a00000, 0x0000000082a00000|100%|HC|  |TAMS 0x0000000082900000| PB 0x0000000082900000| Complete 
|  42|0x0000000082a00000, 0x0000000082b00000, 0x0000000082b00000|100%|HS|  |TAMS 0x0000000082a00000| PB 0x0000000082a00000| Complete 
|  43|0x0000000082b00000, 0x0000000082c00000, 0x0000000082c00000|100%|HS|  |TAMS 0x0000000082b00000| PB 0x0000000082b00000| Complete 
|  44|0x0000000082c00000, 0x0000000082d00000, 0x0000000082d00000|100%|HC|  |TAMS 0x0000000082c00000| PB 0x0000000082c00000| Complete 
|  45|0x0000000082d00000, 0x0000000082e00000, 0x0000000082e00000|100%|HS|  |TAMS 0x0000000082d00000| PB 0x0000000082d00000| Complete 
|  46|0x0000000082e00000, 0x0000000082f00000, 0x0000000082f00000|100%|HC|  |TAMS 0x0000000082e00000| PB 0x0000000082e00000| Complete 
|  47|0x0000000082f00000, 0x0000000083000000, 0x0000000083000000|100%|HC|  |TAMS 0x0000000082f00000| PB 0x0000000082f00000| Complete 
|  48|0x0000000083000000, 0x0000000083100000, 0x0000000083100000|100%|HC|  |TAMS 0x0000000083000000| PB 0x0000000083000000| Complete 
|  49|0x0000000083100000, 0x0000000083200000, 0x0000000083200000|100%|HS|  |TAMS 0x0000000083100000| PB 0x0000000083100000| Complete 
|  50|0x0000000083200000, 0x0000000083300000, 0x0000000083300000|100%| O|  |TAMS 0x0000000083200000| PB 0x0000000083200000| Untracked 
|  51|0x0000000083300000, 0x0000000083400000, 0x0000000083400000|100%| O|  |TAMS 0x0000000083300000| PB 0x0000000083300000| Untracked 
|  52|0x0000000083400000, 0x0000000083500000, 0x0000000083500000|100%| O|  |TAMS 0x0000000083400000| PB 0x0000000083400000| Untracked 
|  53|0x0000000083500000, 0x0000000083600000, 0x0000000083600000|100%| O|  |TAMS 0x0000000083500000| PB 0x0000000083500000| Untracked 
|  54|0x0000000083600000, 0x0000000083700000, 0x0000000083700000|100%| O|  |TAMS 0x0000000083600000| PB 0x0000000083600000| Untracked 
|  55|0x0000000083700000, 0x0000000083800000, 0x0000000083800000|100%| O|  |TAMS 0x0000000083700000| PB 0x0000000083700000| Untracked 
|  56|0x0000000083800000, 0x0000000083900000, 0x0000000083900000|100%| O|  |TAMS 0x0000000083800000| PB 0x0000000083800000| Untracked 
|  57|0x0000000083900000, 0x0000000083a00000, 0x0000000083a00000|100%| O|  |TAMS 0x0000000083900000| PB 0x0000000083900000| Untracked 
|  58|0x0000000083a00000, 0x0000000083b00000, 0x0000000083b00000|100%| O|  |TAMS 0x0000000083a00000| PB 0x0000000083a00000| Untracked 
|  59|0x0000000083b00000, 0x0000000083c00000, 0x0000000083c00000|100%|HS|  |TAMS 0x0000000083b00000| PB 0x0000000083b00000| Complete 
|  60|0x0000000083c00000, 0x0000000083d00000, 0x0000000083d00000|100%|HC|  |TAMS 0x0000000083c00000| PB 0x0000000083c00000| Complete 
|  61|0x0000000083d00000, 0x0000000083e00000, 0x0000000083e00000|100%| O|  |TAMS 0x0000000083d00000| PB 0x0000000083d00000| Untracked 
|  62|0x0000000083e00000, 0x0000000083f00000, 0x0000000083f00000|100%| O|  |TAMS 0x0000000083e00000| PB 0x0000000083e00000| Untracked 
|  63|0x0000000083f00000, 0x0000000084000000, 0x0000000084000000|100%| O|  |TAMS 0x0000000083f00000| PB 0x0000000083f00000| Untracked 
|  64|0x0000000084000000, 0x0000000084100000, 0x0000000084100000|100%| O|  |TAMS 0x0000000084000000| PB 0x0000000084000000| Untracked 
|  65|0x0000000084100000, 0x0000000084200000, 0x0000000084200000|100%| O|  |TAMS 0x0000000084100000| PB 0x0000000084100000| Untracked 
|  66|0x0000000084200000, 0x0000000084300000, 0x0000000084300000|100%| O|  |TAMS 0x0000000084200000| PB 0x0000000084200000| Untracked 
|  67|0x0000000084300000, 0x0000000084400000, 0x0000000084400000|100%|HS|  |TAMS 0x0000000084300000| PB 0x0000000084300000| Complete 
|  68|0x0000000084400000, 0x0000000084500000, 0x0000000084500000|100%|HS|  |TAMS 0x0000000084400000| PB 0x0000000084400000| Complete 
|  69|0x0000000084500000, 0x0000000084600000, 0x0000000084600000|100%| O|  |TAMS 0x0000000084500000| PB 0x0000000084500000| Untracked 
|  70|0x0000000084600000, 0x0000000084700000, 0x0000000084700000|100%|HS|  |TAMS 0x0000000084600000| PB 0x0000000084600000| Complete 
|  71|0x0000000084700000, 0x0000000084800000, 0x0000000084800000|100%|HC|  |TAMS 0x0000000084700000| PB 0x0000000084700000| Complete 
|  72|0x0000000084800000, 0x0000000084900000, 0x0000000084900000|100%|HC|  |TAMS 0x0000000084800000| PB 0x0000000084800000| Complete 
|  73|0x0000000084900000, 0x0000000084a00000, 0x0000000084a00000|100%|HC|  |TAMS 0x0000000084900000| PB 0x0000000084900000| Complete 
|  74|0x0000000084a00000, 0x0000000084b00000, 0x0000000084b00000|100%|HC|  |TAMS 0x0000000084a00000| PB 0x0000000084a00000| Complete 
|  75|0x0000000084b00000, 0x0000000084c00000, 0x0000000084c00000|100%|HC|  |TAMS 0x0000000084b00000| PB 0x0000000084b00000| Complete 
|  76|0x0000000084c00000, 0x0000000084d00000, 0x0000000084d00000|100%|HS|  |TAMS 0x0000000084c00000| PB 0x0000000084c00000| Complete 
|  77|0x0000000084d00000, 0x0000000084e00000, 0x0000000084e00000|100%|HC|  |TAMS 0x0000000084d00000| PB 0x0000000084d00000| Complete 
|  78|0x0000000084e00000, 0x0000000084f00000, 0x0000000084f00000|100%|HC|  |TAMS 0x0000000084e00000| PB 0x0000000084e00000| Complete 
|  79|0x0000000084f00000, 0x0000000085000000, 0x0000000085000000|100%|HC|  |TAMS 0x0000000084f00000| PB 0x0000000084f00000| Complete 
|  80|0x0000000085000000, 0x0000000085100000, 0x0000000085100000|100%|HC|  |TAMS 0x0000000085000000| PB 0x0000000085000000| Complete 
|  81|0x0000000085100000, 0x0000000085200000, 0x0000000085200000|100%|HC|  |TAMS 0x0000000085100000| PB 0x0000000085100000| Complete 
|  82|0x0000000085200000, 0x0000000085300000, 0x0000000085300000|100%| O|  |TAMS 0x0000000085200000| PB 0x0000000085200000| Untracked 
|  83|0x0000000085300000, 0x0000000085400000, 0x0000000085400000|100%| O|  |TAMS 0x0000000085300000| PB 0x0000000085300000| Untracked 
|  84|0x0000000085400000, 0x0000000085500000, 0x0000000085500000|100%| O|  |TAMS 0x0000000085400000| PB 0x0000000085400000| Untracked 
|  85|0x0000000085500000, 0x0000000085600000, 0x0000000085600000|100%|HS|  |TAMS 0x0000000085500000| PB 0x0000000085500000| Complete 
|  86|0x0000000085600000, 0x0000000085700000, 0x0000000085700000|100%| O|  |TAMS 0x0000000085600000| PB 0x0000000085600000| Untracked 
|  87|0x0000000085700000, 0x0000000085800000, 0x0000000085800000|100%| O|  |TAMS 0x0000000085700000| PB 0x0000000085700000| Untracked 
|  88|0x0000000085800000, 0x0000000085900000, 0x0000000085900000|100%| O|  |TAMS 0x0000000085800000| PB 0x0000000085800000| Untracked 
|  89|0x0000000085900000, 0x0000000085a00000, 0x0000000085a00000|100%|HS|  |TAMS 0x0000000085900000| PB 0x0000000085900000| Complete 
|  90|0x0000000085a00000, 0x0000000085b00000, 0x0000000085b00000|100%| O|  |TAMS 0x0000000085a00000| PB 0x0000000085a00000| Untracked 
|  91|0x0000000085b00000, 0x0000000085c00000, 0x0000000085c00000|100%| O|  |TAMS 0x0000000085b00000| PB 0x0000000085b00000| Untracked 
|  92|0x0000000085c00000, 0x0000000085d00000, 0x0000000085d00000|100%| O|  |TAMS 0x0000000085c00000| PB 0x0000000085c00000| Untracked 
|  93|0x0000000085d00000, 0x0000000085e00000, 0x0000000085e00000|100%| O|  |TAMS 0x0000000085d00000| PB 0x0000000085d00000| Untracked 
|  94|0x0000000085e00000, 0x0000000085f00000, 0x0000000085f00000|100%| O|  |TAMS 0x0000000085e00000| PB 0x0000000085e00000| Untracked 
|  95|0x0000000085f00000, 0x0000000086000000, 0x0000000086000000|100%| O|  |TAMS 0x0000000085f00000| PB 0x0000000085f00000| Untracked 
|  96|0x0000000086000000, 0x0000000086100000, 0x0000000086100000|100%|HS|  |TAMS 0x0000000086000000| PB 0x0000000086000000| Complete 
|  97|0x0000000086100000, 0x0000000086200000, 0x0000000086200000|100%|HS|  |TAMS 0x0000000086100000| PB 0x0000000086100000| Complete 
|  98|0x0000000086200000, 0x0000000086300000, 0x0000000086300000|100%|HC|  |TAMS 0x0000000086200000| PB 0x0000000086200000| Complete 
|  99|0x0000000086300000, 0x0000000086400000, 0x0000000086400000|100%|HS|  |TAMS 0x0000000086300000| PB 0x0000000086300000| Complete 
| 100|0x0000000086400000, 0x0000000086500000, 0x0000000086500000|100%|HC|  |TAMS 0x0000000086400000| PB 0x0000000086400000| Complete 
| 101|0x0000000086500000, 0x0000000086600000, 0x0000000086600000|100%| O|  |TAMS 0x0000000086500000| PB 0x0000000086500000| Untracked 
| 102|0x0000000086600000, 0x0000000086700000, 0x0000000086700000|100%|HS|  |TAMS 0x0000000086600000| PB 0x0000000086600000| Complete 
| 103|0x0000000086700000, 0x0000000086800000, 0x0000000086800000|100%| O|  |TAMS 0x0000000086700000| PB 0x0000000086700000| Untracked 
| 104|0x0000000086800000, 0x0000000086900000, 0x0000000086900000|100%|HS|  |TAMS 0x0000000086800000| PB 0x0000000086800000| Complete 
| 105|0x0000000086900000, 0x0000000086a00000, 0x0000000086a00000|100%|HC|  |TAMS 0x0000000086900000| PB 0x0000000086900000| Complete 
| 106|0x0000000086a00000, 0x0000000086b00000, 0x0000000086b00000|100%|HC|  |TAMS 0x0000000086a00000| PB 0x0000000086a00000| Complete 
| 107|0x0000000086b00000, 0x0000000086c00000, 0x0000000086c00000|100%| O|  |TAMS 0x0000000086b00000| PB 0x0000000086b00000| Untracked 
| 108|0x0000000086c00000, 0x0000000086d00000, 0x0000000086d00000|100%| O|  |TAMS 0x0000000086c00000| PB 0x0000000086c00000| Untracked 
| 109|0x0000000086d00000, 0x0000000086e00000, 0x0000000086e00000|100%| O|  |TAMS 0x0000000086d00000| PB 0x0000000086d00000| Untracked 
| 110|0x0000000086e00000, 0x0000000086f00000, 0x0000000086f00000|100%| O|  |TAMS 0x0000000086e00000| PB 0x0000000086e00000| Untracked 
| 111|0x0000000086f00000, 0x0000000087000000, 0x0000000087000000|100%| O|  |TAMS 0x0000000086f00000| PB 0x0000000086f00000| Untracked 
| 112|0x0000000087000000, 0x0000000087100000, 0x0000000087100000|100%|HS|  |TAMS 0x0000000087000000| PB 0x0000000087000000| Complete 
| 113|0x0000000087100000, 0x0000000087200000, 0x0000000087200000|100%|HS|  |TAMS 0x0000000087100000| PB 0x0000000087100000| Complete 
| 114|0x0000000087200000, 0x0000000087300000, 0x0000000087300000|100%| O|  |TAMS 0x0000000087200000| PB 0x0000000087200000| Untracked 
| 115|0x0000000087300000, 0x0000000087400000, 0x0000000087400000|100%|HS|  |TAMS 0x0000000087300000| PB 0x0000000087300000| Complete 
| 116|0x0000000087400000, 0x0000000087500000, 0x0000000087500000|100%|HS|  |TAMS 0x0000000087400000| PB 0x0000000087400000| Complete 
| 117|0x0000000087500000, 0x0000000087600000, 0x0000000087600000|100%| O|  |TAMS 0x0000000087500000| PB 0x0000000087500000| Untracked 
| 118|0x0000000087600000, 0x0000000087700000, 0x0000000087700000|100%| O|  |TAMS 0x0000000087600000| PB 0x0000000087600000| Untracked 
| 119|0x0000000087700000, 0x0000000087800000, 0x0000000087800000|100%| O|  |TAMS 0x0000000087700000| PB 0x0000000087700000| Untracked 
| 120|0x0000000087800000, 0x0000000087900000, 0x0000000087900000|100%|HS|  |TAMS 0x0000000087800000| PB 0x0000000087800000| Complete 
| 121|0x0000000087900000, 0x0000000087a00000, 0x0000000087a00000|100%| O|  |TAMS 0x0000000087900000| PB 0x0000000087900000| Untracked 
| 122|0x0000000087a00000, 0x0000000087b00000, 0x0000000087b00000|100%|HS|  |TAMS 0x0000000087a00000| PB 0x0000000087a00000| Complete 
| 123|0x0000000087b00000, 0x0000000087c00000, 0x0000000087c00000|100%| O|  |TAMS 0x0000000087b00000| PB 0x0000000087b00000| Untracked 
| 124|0x0000000087c00000, 0x0000000087d00000, 0x0000000087d00000|100%| O|  |TAMS 0x0000000087c00000| PB 0x0000000087c00000| Untracked 
| 125|0x0000000087d00000, 0x0000000087e00000, 0x0000000087e00000|100%|HS|  |TAMS 0x0000000087d00000| PB 0x0000000087d00000| Complete 
| 126|0x0000000087e00000, 0x0000000087f00000, 0x0000000087f00000|100%|HS|  |TAMS 0x0000000087e00000| PB 0x0000000087e00000| Complete 
| 127|0x0000000087f00000, 0x0000000088000000, 0x0000000088000000|100%|HC|  |TAMS 0x0000000087f00000| PB 0x0000000087f00000| Complete 
| 128|0x0000000088000000, 0x0000000088100000, 0x0000000088100000|100%|HC|  |TAMS 0x0000000088000000| PB 0x0000000088000000| Complete 
| 129|0x0000000088100000, 0x0000000088200000, 0x0000000088200000|100%| O|  |TAMS 0x0000000088100000| PB 0x0000000088100000| Untracked 
| 130|0x0000000088200000, 0x0000000088300000, 0x0000000088300000|100%| O|Cm|TAMS 0x0000000088200000| PB 0x0000000088200000| Complete 
| 131|0x0000000088300000, 0x0000000088400000, 0x0000000088400000|100%|HS|  |TAMS 0x0000000088300000| PB 0x0000000088300000| Complete 
| 132|0x0000000088400000, 0x0000000088500000, 0x0000000088500000|100%| O|  |TAMS 0x0000000088400000| PB 0x0000000088400000| Untracked 
| 133|0x0000000088500000, 0x0000000088600000, 0x0000000088600000|100%| O|  |TAMS 0x0000000088500000| PB 0x0000000088500000| Untracked 
| 134|0x0000000088600000, 0x0000000088700000, 0x0000000088700000|100%| O|  |TAMS 0x0000000088600000| PB 0x0000000088600000| Untracked 
| 135|0x0000000088700000, 0x0000000088800000, 0x0000000088800000|100%| O|  |TAMS 0x0000000088700000| PB 0x0000000088700000| Untracked 
| 136|0x0000000088800000, 0x0000000088900000, 0x0000000088900000|100%|HS|  |TAMS 0x0000000088800000| PB 0x0000000088800000| Complete 
| 137|0x0000000088900000, 0x0000000088a00000, 0x0000000088a00000|100%| O|  |TAMS 0x0000000088900000| PB 0x0000000088900000| Untracked 
| 138|0x0000000088a00000, 0x0000000088b00000, 0x0000000088b00000|100%| O|  |TAMS 0x0000000088a00000| PB 0x0000000088a00000| Untracked 
| 139|0x0000000088b00000, 0x0000000088c00000, 0x0000000088c00000|100%| O|Cm|TAMS 0x0000000088b00000| PB 0x0000000088b00000| Complete 
| 140|0x0000000088c00000, 0x0000000088d00000, 0x0000000088d00000|100%|HS|  |TAMS 0x0000000088c00000| PB 0x0000000088c00000| Complete 
| 141|0x0000000088d00000, 0x0000000088e00000, 0x0000000088e00000|100%|HC|  |TAMS 0x0000000088d00000| PB 0x0000000088d00000| Complete 
| 142|0x0000000088e00000, 0x0000000088f00000, 0x0000000088f00000|100%| O|  |TAMS 0x0000000088e00000| PB 0x0000000088e00000| Untracked 
| 143|0x0000000088f00000, 0x0000000089000000, 0x0000000089000000|100%| O|  |TAMS 0x0000000088f00000| PB 0x0000000088f00000| Untracked 
| 144|0x0000000089000000, 0x0000000089100000, 0x0000000089100000|100%| O|  |TAMS 0x0000000089000000| PB 0x0000000089000000| Untracked 
| 145|0x0000000089100000, 0x0000000089200000, 0x0000000089200000|100%| O|  |TAMS 0x0000000089100000| PB 0x0000000089100000| Untracked 
| 146|0x0000000089200000, 0x0000000089300000, 0x0000000089300000|100%| O|  |TAMS 0x0000000089200000| PB 0x0000000089200000| Untracked 
| 147|0x0000000089300000, 0x0000000089400000, 0x0000000089400000|100%| O|  |TAMS 0x0000000089300000| PB 0x0000000089300000| Untracked 
| 148|0x0000000089400000, 0x0000000089500000, 0x0000000089500000|100%| O|  |TAMS 0x0000000089400000| PB 0x0000000089400000| Untracked 
| 149|0x0000000089500000, 0x0000000089600000, 0x0000000089600000|100%|HS|  |TAMS 0x0000000089500000| PB 0x0000000089500000| Complete 
| 150|0x0000000089600000, 0x0000000089700000, 0x0000000089700000|100%| O|  |TAMS 0x0000000089600000| PB 0x0000000089600000| Untracked 
| 151|0x0000000089700000, 0x0000000089800000, 0x0000000089800000|100%| O|  |TAMS 0x0000000089700000| PB 0x0000000089700000| Untracked 
| 152|0x0000000089800000, 0x0000000089900000, 0x0000000089900000|100%|HS|  |TAMS 0x0000000089800000| PB 0x0000000089800000| Complete 
| 153|0x0000000089900000, 0x0000000089a00000, 0x0000000089a00000|100%| O|Cm|TAMS 0x0000000089900000| PB 0x0000000089900000| Complete 
| 154|0x0000000089a00000, 0x0000000089b00000, 0x0000000089b00000|100%|HS|  |TAMS 0x0000000089a00000| PB 0x0000000089a00000| Complete 
| 155|0x0000000089b00000, 0x0000000089c00000, 0x0000000089c00000|100%| O|  |TAMS 0x0000000089b00000| PB 0x0000000089b00000| Untracked 
| 156|0x0000000089c00000, 0x0000000089d00000, 0x0000000089d00000|100%| O|  |TAMS 0x0000000089c00000| PB 0x0000000089c00000| Untracked 
| 157|0x0000000089d00000, 0x0000000089e00000, 0x0000000089e00000|100%| O|  |TAMS 0x0000000089d00000| PB 0x0000000089d00000| Untracked 
| 158|0x0000000089e00000, 0x0000000089f00000, 0x0000000089f00000|100%| O|  |TAMS 0x0000000089e00000| PB 0x0000000089e00000| Untracked 
| 159|0x0000000089f00000, 0x000000008a000000, 0x000000008a000000|100%| O|  |TAMS 0x0000000089f00000| PB 0x0000000089f00000| Untracked 
| 160|0x000000008a000000, 0x000000008a100000, 0x000000008a100000|100%| O|  |TAMS 0x000000008a000000| PB 0x000000008a000000| Untracked 
| 161|0x000000008a100000, 0x000000008a200000, 0x000000008a200000|100%| O|  |TAMS 0x000000008a100000| PB 0x000000008a100000| Untracked 
| 162|0x000000008a200000, 0x000000008a300000, 0x000000008a300000|100%| O|  |TAMS 0x000000008a200000| PB 0x000000008a200000| Untracked 
| 163|0x000000008a300000, 0x000000008a400000, 0x000000008a400000|100%| O|  |TAMS 0x000000008a300000| PB 0x000000008a300000| Untracked 
| 164|0x000000008a400000, 0x000000008a500000, 0x000000008a500000|100%| O|  |TAMS 0x000000008a400000| PB 0x000000008a400000| Untracked 
| 165|0x000000008a500000, 0x000000008a600000, 0x000000008a600000|100%| O|  |TAMS 0x000000008a500000| PB 0x000000008a500000| Untracked 
| 166|0x000000008a600000, 0x000000008a600000, 0x000000008a700000|  0%| F|  |TAMS 0x000000008a600000| PB 0x000000008a600000| Untracked 
| 167|0x000000008a700000, 0x000000008a800000, 0x000000008a800000|100%| O|  |TAMS 0x000000008a700000| PB 0x000000008a700000| Untracked 
| 168|0x000000008a800000, 0x000000008a900000, 0x000000008a900000|100%| O|  |TAMS 0x000000008a800000| PB 0x000000008a800000| Untracked 
| 169|0x000000008a900000, 0x000000008aa00000, 0x000000008aa00000|100%| O|  |TAMS 0x000000008a900000| PB 0x000000008a900000| Untracked 
| 170|0x000000008aa00000, 0x000000008aa00000, 0x000000008ab00000|  0%| F|  |TAMS 0x000000008aa00000| PB 0x000000008aa00000| Untracked 
| 171|0x000000008ab00000, 0x000000008ac00000, 0x000000008ac00000|100%| O|  |TAMS 0x000000008ab00000| PB 0x000000008ab00000| Untracked 
| 172|0x000000008ac00000, 0x000000008ac00000, 0x000000008ad00000|  0%| F|  |TAMS 0x000000008ac00000| PB 0x000000008ac00000| Untracked 
| 173|0x000000008ad00000, 0x000000008ae00000, 0x000000008ae00000|100%| O|  |TAMS 0x000000008ad00000| PB 0x000000008ad00000| Untracked 
| 174|0x000000008ae00000, 0x000000008af00000, 0x000000008af00000|100%| O|  |TAMS 0x000000008ae00000| PB 0x000000008ae00000| Untracked 
| 175|0x000000008af00000, 0x000000008b000000, 0x000000008b000000|100%| O|  |TAMS 0x000000008af00000| PB 0x000000008af00000| Untracked 
| 176|0x000000008b000000, 0x000000008b100000, 0x000000008b100000|100%| O|  |TAMS 0x000000008b000000| PB 0x000000008b000000| Untracked 
| 177|0x000000008b100000, 0x000000008b200000, 0x000000008b200000|100%| O|  |TAMS 0x000000008b100000| PB 0x000000008b100000| Untracked 
| 178|0x000000008b200000, 0x000000008b300000, 0x000000008b300000|100%| O|  |TAMS 0x000000008b200000| PB 0x000000008b200000| Untracked 
| 179|0x000000008b300000, 0x000000008b300000, 0x000000008b400000|  0%| F|  |TAMS 0x000000008b300000| PB 0x000000008b300000| Untracked 
| 180|0x000000008b400000, 0x000000008b500000, 0x000000008b500000|100%| O|  |TAMS 0x000000008b400000| PB 0x000000008b400000| Untracked 
| 181|0x000000008b500000, 0x000000008b600000, 0x000000008b600000|100%| O|  |TAMS 0x000000008b500000| PB 0x000000008b500000| Untracked 
| 182|0x000000008b600000, 0x000000008b700000, 0x000000008b700000|100%| O|  |TAMS 0x000000008b600000| PB 0x000000008b600000| Untracked 
| 183|0x000000008b700000, 0x000000008b800000, 0x000000008b800000|100%| O|  |TAMS 0x000000008b700000| PB 0x000000008b700000| Untracked 
| 184|0x000000008b800000, 0x000000008b900000, 0x000000008b900000|100%| O|  |TAMS 0x000000008b800000| PB 0x000000008b800000| Untracked 
| 185|0x000000008b900000, 0x000000008ba00000, 0x000000008ba00000|100%| O|  |TAMS 0x000000008b900000| PB 0x000000008b900000| Untracked 
| 186|0x000000008ba00000, 0x000000008bb00000, 0x000000008bb00000|100%| O|  |TAMS 0x000000008ba00000| PB 0x000000008ba00000| Untracked 
| 187|0x000000008bb00000, 0x000000008bc00000, 0x000000008bc00000|100%| O|Cm|TAMS 0x000000008bb00000| PB 0x000000008bb00000| Complete 
| 188|0x000000008bc00000, 0x000000008bd00000, 0x000000008bd00000|100%| O|Cm|TAMS 0x000000008bc00000| PB 0x000000008bc00000| Complete 
| 189|0x000000008bd00000, 0x000000008be00000, 0x000000008be00000|100%| O|  |TAMS 0x000000008bd00000| PB 0x000000008bd00000| Untracked 
| 190|0x000000008be00000, 0x000000008bf00000, 0x000000008bf00000|100%| O|  |TAMS 0x000000008be00000| PB 0x000000008be00000| Untracked 
| 191|0x000000008bf00000, 0x000000008bf00000, 0x000000008c000000|  0%| F|  |TAMS 0x000000008bf00000| PB 0x000000008bf00000| Untracked 
| 192|0x000000008c000000, 0x000000008c100000, 0x000000008c100000|100%| O|  |TAMS 0x000000008c000000| PB 0x000000008c000000| Untracked 
| 193|0x000000008c100000, 0x000000008c200000, 0x000000008c200000|100%| O|  |TAMS 0x000000008c100000| PB 0x000000008c100000| Untracked 
| 194|0x000000008c200000, 0x000000008c200000, 0x000000008c300000|  0%| F|  |TAMS 0x000000008c200000| PB 0x000000008c200000| Untracked 
| 195|0x000000008c300000, 0x000000008c400000, 0x000000008c400000|100%| O|  |TAMS 0x000000008c300000| PB 0x000000008c300000| Untracked 
| 196|0x000000008c400000, 0x000000008c500000, 0x000000008c500000|100%| O|  |TAMS 0x000000008c400000| PB 0x000000008c400000| Untracked 
| 197|0x000000008c500000, 0x000000008c600000, 0x000000008c600000|100%| O|  |TAMS 0x000000008c500000| PB 0x000000008c500000| Untracked 
| 198|0x000000008c600000, 0x000000008c700000, 0x000000008c700000|100%| O|  |TAMS 0x000000008c600000| PB 0x000000008c600000| Untracked 
| 199|0x000000008c700000, 0x000000008c700000, 0x000000008c800000|  0%| F|  |TAMS 0x000000008c700000| PB 0x000000008c700000| Untracked 
| 200|0x000000008c800000, 0x000000008c900000, 0x000000008c900000|100%| O|  |TAMS 0x000000008c800000| PB 0x000000008c800000| Untracked 
| 201|0x000000008c900000, 0x000000008ca00000, 0x000000008ca00000|100%| O|  |TAMS 0x000000008c900000| PB 0x000000008c900000| Untracked 
| 202|0x000000008ca00000, 0x000000008cb00000, 0x000000008cb00000|100%| O|  |TAMS 0x000000008ca00000| PB 0x000000008ca00000| Untracked 
| 203|0x000000008cb00000, 0x000000008cb00000, 0x000000008cc00000|  0%| F|  |TAMS 0x000000008cb00000| PB 0x000000008cb00000| Untracked 
| 204|0x000000008cc00000, 0x000000008cd00000, 0x000000008cd00000|100%| O|  |TAMS 0x000000008cc00000| PB 0x000000008cc00000| Untracked 
| 205|0x000000008cd00000, 0x000000008ce00000, 0x000000008ce00000|100%| O|Cm|TAMS 0x000000008cd00000| PB 0x000000008cd00000| Complete 
| 206|0x000000008ce00000, 0x000000008ce00000, 0x000000008cf00000|  0%| F|  |TAMS 0x000000008ce00000| PB 0x000000008ce00000| Untracked 
| 207|0x000000008cf00000, 0x000000008d000000, 0x000000008d000000|100%| O|  |TAMS 0x000000008cf00000| PB 0x000000008cf00000| Untracked 
| 208|0x000000008d000000, 0x000000008d100000, 0x000000008d100000|100%| O|  |TAMS 0x000000008d000000| PB 0x000000008d000000| Untracked 
| 209|0x000000008d100000, 0x000000008d200000, 0x000000008d200000|100%| O|  |TAMS 0x000000008d100000| PB 0x000000008d100000| Untracked 
| 210|0x000000008d200000, 0x000000008d300000, 0x000000008d300000|100%| O|  |TAMS 0x000000008d200000| PB 0x000000008d200000| Untracked 
| 211|0x000000008d300000, 0x000000008d400000, 0x000000008d400000|100%| O|  |TAMS 0x000000008d300000| PB 0x000000008d300000| Untracked 
| 212|0x000000008d400000, 0x000000008d500000, 0x000000008d500000|100%| O|  |TAMS 0x000000008d400000| PB 0x000000008d400000| Untracked 
| 213|0x000000008d500000, 0x000000008d500000, 0x000000008d600000|  0%| F|  |TAMS 0x000000008d500000| PB 0x000000008d500000| Untracked 
| 214|0x000000008d600000, 0x000000008d700000, 0x000000008d700000|100%| O|  |TAMS 0x000000008d600000| PB 0x000000008d600000| Untracked 
| 215|0x000000008d700000, 0x000000008d800000, 0x000000008d800000|100%| O|  |TAMS 0x000000008d700000| PB 0x000000008d700000| Untracked 
| 216|0x000000008d800000, 0x000000008d900000, 0x000000008d900000|100%| O|  |TAMS 0x000000008d800000| PB 0x000000008d800000| Untracked 
| 217|0x000000008d900000, 0x000000008da00000, 0x000000008da00000|100%| O|  |TAMS 0x000000008d900000| PB 0x000000008d900000| Untracked 
| 218|0x000000008da00000, 0x000000008db00000, 0x000000008db00000|100%| O|  |TAMS 0x000000008da00000| PB 0x000000008da00000| Untracked 
| 219|0x000000008db00000, 0x000000008dc00000, 0x000000008dc00000|100%| O|  |TAMS 0x000000008db00000| PB 0x000000008db00000| Untracked 
| 220|0x000000008dc00000, 0x000000008dd00000, 0x000000008dd00000|100%| O|  |TAMS 0x000000008dc00000| PB 0x000000008dc00000| Untracked 
| 221|0x000000008dd00000, 0x000000008de00000, 0x000000008de00000|100%| O|  |TAMS 0x000000008dd00000| PB 0x000000008dd00000| Untracked 
| 222|0x000000008de00000, 0x000000008df00000, 0x000000008df00000|100%| O|  |TAMS 0x000000008de00000| PB 0x000000008de00000| Untracked 
| 223|0x000000008df00000, 0x000000008e000000, 0x000000008e000000|100%| O|  |TAMS 0x000000008df00000| PB 0x000000008df00000| Untracked 
| 224|0x000000008e000000, 0x000000008e100000, 0x000000008e100000|100%| O|  |TAMS 0x000000008e000000| PB 0x000000008e000000| Untracked 
| 225|0x000000008e100000, 0x000000008e200000, 0x000000008e200000|100%| O|  |TAMS 0x000000008e100000| PB 0x000000008e100000| Untracked 
| 226|0x000000008e200000, 0x000000008e300000, 0x000000008e300000|100%| O|  |TAMS 0x000000008e200000| PB 0x000000008e200000| Untracked 
| 227|0x000000008e300000, 0x000000008e400000, 0x000000008e400000|100%| O|  |TAMS 0x000000008e300000| PB 0x000000008e300000| Untracked 
| 228|0x000000008e400000, 0x000000008e500000, 0x000000008e500000|100%| O|  |TAMS 0x000000008e400000| PB 0x000000008e400000| Untracked 
| 229|0x000000008e500000, 0x000000008e600000, 0x000000008e600000|100%| O|  |TAMS 0x000000008e500000| PB 0x000000008e500000| Untracked 
| 230|0x000000008e600000, 0x000000008e700000, 0x000000008e700000|100%| O|  |TAMS 0x000000008e600000| PB 0x000000008e600000| Untracked 
| 231|0x000000008e700000, 0x000000008e800000, 0x000000008e800000|100%| O|  |TAMS 0x000000008e700000| PB 0x000000008e700000| Untracked 
| 232|0x000000008e800000, 0x000000008e900000, 0x000000008e900000|100%| O|  |TAMS 0x000000008e800000| PB 0x000000008e800000| Untracked 
| 233|0x000000008e900000, 0x000000008e900000, 0x000000008ea00000|  0%| F|  |TAMS 0x000000008e900000| PB 0x000000008e900000| Untracked 
| 234|0x000000008ea00000, 0x000000008eb00000, 0x000000008eb00000|100%| O|  |TAMS 0x000000008ea00000| PB 0x000000008ea00000| Untracked 
| 235|0x000000008eb00000, 0x000000008ec00000, 0x000000008ec00000|100%| O|  |TAMS 0x000000008eb00000| PB 0x000000008eb00000| Untracked 
| 236|0x000000008ec00000, 0x000000008ed00000, 0x000000008ed00000|100%|HS|  |TAMS 0x000000008ec00000| PB 0x000000008ec00000| Complete 
| 237|0x000000008ed00000, 0x000000008ee00000, 0x000000008ee00000|100%|HC|  |TAMS 0x000000008ed00000| PB 0x000000008ed00000| Complete 
| 238|0x000000008ee00000, 0x000000008ee00000, 0x000000008ef00000|  0%| F|  |TAMS 0x000000008ee00000| PB 0x000000008ee00000| Untracked 
| 239|0x000000008ef00000, 0x000000008f000000, 0x000000008f000000|100%| O|  |TAMS 0x000000008ef00000| PB 0x000000008ef00000| Untracked 
| 240|0x000000008f000000, 0x000000008f100000, 0x000000008f100000|100%| O|  |TAMS 0x000000008f000000| PB 0x000000008f000000| Untracked 
| 241|0x000000008f100000, 0x000000008f200000, 0x000000008f200000|100%| O|Cm|TAMS 0x000000008f100000| PB 0x000000008f100000| Complete 
| 242|0x000000008f200000, 0x000000008f300000, 0x000000008f300000|100%| O|  |TAMS 0x000000008f200000| PB 0x000000008f200000| Untracked 
| 243|0x000000008f300000, 0x000000008f400000, 0x000000008f400000|100%| O|  |TAMS 0x000000008f300000| PB 0x000000008f300000| Untracked 
| 244|0x000000008f400000, 0x000000008f500000, 0x000000008f500000|100%| O|  |TAMS 0x000000008f400000| PB 0x000000008f400000| Untracked 
| 245|0x000000008f500000, 0x000000008f600000, 0x000000008f600000|100%| O|Cm|TAMS 0x000000008f500000| PB 0x000000008f500000| Complete 
| 246|0x000000008f600000, 0x000000008f700000, 0x000000008f700000|100%| O|  |TAMS 0x000000008f600000| PB 0x000000008f600000| Untracked 
| 247|0x000000008f700000, 0x000000008f700000, 0x000000008f800000|  0%| F|  |TAMS 0x000000008f700000| PB 0x000000008f700000| Untracked 
| 248|0x000000008f800000, 0x000000008f900000, 0x000000008f900000|100%| O|  |TAMS 0x000000008f800000| PB 0x000000008f800000| Untracked 
| 249|0x000000008f900000, 0x000000008fa00000, 0x000000008fa00000|100%| O|  |TAMS 0x000000008f900000| PB 0x000000008f900000| Untracked 
| 250|0x000000008fa00000, 0x000000008fb00000, 0x000000008fb00000|100%| O|  |TAMS 0x000000008fa00000| PB 0x000000008fa00000| Untracked 
| 251|0x000000008fb00000, 0x000000008fc00000, 0x000000008fc00000|100%| O|  |TAMS 0x000000008fb00000| PB 0x000000008fb00000| Untracked 
| 252|0x000000008fc00000, 0x000000008fc00000, 0x000000008fd00000|  0%| F|  |TAMS 0x000000008fc00000| PB 0x000000008fc00000| Untracked 
| 253|0x000000008fd00000, 0x000000008fe00000, 0x000000008fe00000|100%| O|  |TAMS 0x000000008fd00000| PB 0x000000008fd00000| Untracked 
| 254|0x000000008fe00000, 0x000000008ff00000, 0x000000008ff00000|100%| O|  |TAMS 0x000000008fe00000| PB 0x000000008fe00000| Untracked 
| 255|0x000000008ff00000, 0x0000000090000000, 0x0000000090000000|100%| O|  |TAMS 0x000000008ff00000| PB 0x000000008ff00000| Untracked 
| 256|0x0000000090000000, 0x0000000090100000, 0x0000000090100000|100%| O|  |TAMS 0x0000000090000000| PB 0x0000000090000000| Untracked 
| 257|0x0000000090100000, 0x0000000090100000, 0x0000000090200000|  0%| F|  |TAMS 0x0000000090100000| PB 0x0000000090100000| Untracked 
| 258|0x0000000090200000, 0x0000000090300000, 0x0000000090300000|100%| O|  |TAMS 0x0000000090200000| PB 0x0000000090200000| Untracked 
| 259|0x0000000090300000, 0x0000000090400000, 0x0000000090400000|100%| O|  |TAMS 0x0000000090300000| PB 0x0000000090300000| Untracked 
| 260|0x0000000090400000, 0x0000000090400000, 0x0000000090500000|  0%| F|  |TAMS 0x0000000090400000| PB 0x0000000090400000| Untracked 
| 261|0x0000000090500000, 0x0000000090600000, 0x0000000090600000|100%| O|  |TAMS 0x0000000090500000| PB 0x0000000090500000| Untracked 
| 262|0x0000000090600000, 0x0000000090700000, 0x0000000090700000|100%| O|  |TAMS 0x0000000090600000| PB 0x0000000090600000| Untracked 
| 263|0x0000000090700000, 0x0000000090700000, 0x0000000090800000|  0%| F|  |TAMS 0x0000000090700000| PB 0x0000000090700000| Untracked 
| 264|0x0000000090800000, 0x0000000090900000, 0x0000000090900000|100%| O|  |TAMS 0x0000000090800000| PB 0x0000000090800000| Untracked 
| 265|0x0000000090900000, 0x0000000090a00000, 0x0000000090a00000|100%| O|  |TAMS 0x0000000090900000| PB 0x0000000090900000| Untracked 
| 266|0x0000000090a00000, 0x0000000090b00000, 0x0000000090b00000|100%| O|  |TAMS 0x0000000090a00000| PB 0x0000000090a00000| Untracked 
| 267|0x0000000090b00000, 0x0000000090c00000, 0x0000000090c00000|100%| O|  |TAMS 0x0000000090b00000| PB 0x0000000090b00000| Untracked 
| 268|0x0000000090c00000, 0x0000000090d00000, 0x0000000090d00000|100%| O|  |TAMS 0x0000000090c00000| PB 0x0000000090c00000| Untracked 
| 269|0x0000000090d00000, 0x0000000090e00000, 0x0000000090e00000|100%| O|Cm|TAMS 0x0000000090d00000| PB 0x0000000090d00000| Complete 
| 270|0x0000000090e00000, 0x0000000090f00000, 0x0000000090f00000|100%| O|Cm|TAMS 0x0000000090e00000| PB 0x0000000090e00000| Complete 
| 271|0x0000000090f00000, 0x0000000091000000, 0x0000000091000000|100%| O|  |TAMS 0x0000000090f00000| PB 0x0000000090f00000| Untracked 
| 272|0x0000000091000000, 0x0000000091100000, 0x0000000091100000|100%| O|  |TAMS 0x0000000091000000| PB 0x0000000091000000| Untracked 
| 273|0x0000000091100000, 0x0000000091200000, 0x0000000091200000|100%| O|Cm|TAMS 0x0000000091100000| PB 0x0000000091100000| Complete 
| 274|0x0000000091200000, 0x0000000091300000, 0x0000000091300000|100%| O|Cm|TAMS 0x0000000091200000| PB 0x0000000091200000| Complete 
| 275|0x0000000091300000, 0x0000000091400000, 0x0000000091400000|100%| O|  |TAMS 0x0000000091300000| PB 0x0000000091300000| Untracked 
| 276|0x0000000091400000, 0x0000000091500000, 0x0000000091500000|100%|HS|  |TAMS 0x0000000091400000| PB 0x0000000091400000| Complete 
| 277|0x0000000091500000, 0x0000000091600000, 0x0000000091600000|100%|HC|  |TAMS 0x0000000091500000| PB 0x0000000091500000| Complete 
| 278|0x0000000091600000, 0x0000000091700000, 0x0000000091700000|100%| O|  |TAMS 0x0000000091600000| PB 0x0000000091600000| Untracked 
| 279|0x0000000091700000, 0x0000000091800000, 0x0000000091800000|100%| O|Cm|TAMS 0x0000000091700000| PB 0x0000000091700000| Complete 
| 280|0x0000000091800000, 0x0000000091900000, 0x0000000091900000|100%| O|  |TAMS 0x0000000091800000| PB 0x0000000091800000| Untracked 
| 281|0x0000000091900000, 0x0000000091a00000, 0x0000000091a00000|100%| O|  |TAMS 0x0000000091900000| PB 0x0000000091900000| Untracked 
| 282|0x0000000091a00000, 0x0000000091b00000, 0x0000000091b00000|100%| O|Cm|TAMS 0x0000000091a00000| PB 0x0000000091a00000| Complete 
| 283|0x0000000091b00000, 0x0000000091c00000, 0x0000000091c00000|100%| O|  |TAMS 0x0000000091b00000| PB 0x0000000091b00000| Untracked 
| 284|0x0000000091c00000, 0x0000000091d00000, 0x0000000091d00000|100%| O|  |TAMS 0x0000000091c00000| PB 0x0000000091c00000| Untracked 
| 285|0x0000000091d00000, 0x0000000091e00000, 0x0000000091e00000|100%| O|  |TAMS 0x0000000091d00000| PB 0x0000000091d00000| Untracked 
| 286|0x0000000091e00000, 0x0000000091f00000, 0x0000000091f00000|100%| O|  |TAMS 0x0000000091e00000| PB 0x0000000091e00000| Untracked 
| 287|0x0000000091f00000, 0x0000000092000000, 0x0000000092000000|100%| O|  |TAMS 0x0000000091f00000| PB 0x0000000091f00000| Untracked 
| 288|0x0000000092000000, 0x0000000092100000, 0x0000000092100000|100%| O|  |TAMS 0x0000000092000000| PB 0x0000000092000000| Untracked 
| 289|0x0000000092100000, 0x0000000092200000, 0x0000000092200000|100%| O|  |TAMS 0x0000000092100000| PB 0x0000000092100000| Untracked 
| 290|0x0000000092200000, 0x0000000092200000, 0x0000000092300000|  0%| F|  |TAMS 0x0000000092200000| PB 0x0000000092200000| Untracked 
| 291|0x0000000092300000, 0x0000000092400000, 0x0000000092400000|100%| O|  |TAMS 0x0000000092300000| PB 0x0000000092300000| Untracked 
| 292|0x0000000092400000, 0x0000000092500000, 0x0000000092500000|100%| O|  |TAMS 0x0000000092400000| PB 0x0000000092400000| Untracked 
| 293|0x0000000092500000, 0x0000000092600000, 0x0000000092600000|100%| O|  |TAMS 0x0000000092500000| PB 0x0000000092500000| Untracked 
| 294|0x0000000092600000, 0x0000000092600000, 0x0000000092700000|  0%| F|  |TAMS 0x0000000092600000| PB 0x0000000092600000| Untracked 
| 295|0x0000000092700000, 0x0000000092800000, 0x0000000092800000|100%| O|  |TAMS 0x0000000092700000| PB 0x0000000092700000| Untracked 
| 296|0x0000000092800000, 0x0000000092900000, 0x0000000092900000|100%| O|  |TAMS 0x0000000092800000| PB 0x0000000092800000| Untracked 
| 297|0x0000000092900000, 0x0000000092a00000, 0x0000000092a00000|100%| O|  |TAMS 0x0000000092900000| PB 0x0000000092900000| Untracked 
| 298|0x0000000092a00000, 0x0000000092b00000, 0x0000000092b00000|100%| O|  |TAMS 0x0000000092a00000| PB 0x0000000092a00000| Untracked 
| 299|0x0000000092b00000, 0x0000000092c00000, 0x0000000092c00000|100%| O|  |TAMS 0x0000000092b00000| PB 0x0000000092b00000| Untracked 
| 300|0x0000000092c00000, 0x0000000092d00000, 0x0000000092d00000|100%| O|  |TAMS 0x0000000092c00000| PB 0x0000000092c00000| Untracked 
| 301|0x0000000092d00000, 0x0000000092e00000, 0x0000000092e00000|100%| O|  |TAMS 0x0000000092d00000| PB 0x0000000092d00000| Untracked 
| 302|0x0000000092e00000, 0x0000000092f00000, 0x0000000092f00000|100%| O|  |TAMS 0x0000000092e00000| PB 0x0000000092e00000| Untracked 
| 303|0x0000000092f00000, 0x0000000093000000, 0x0000000093000000|100%| O|  |TAMS 0x0000000092f00000| PB 0x0000000092f00000| Untracked 
| 304|0x0000000093000000, 0x0000000093100000, 0x0000000093100000|100%| O|  |TAMS 0x0000000093000000| PB 0x0000000093000000| Untracked 
| 305|0x0000000093100000, 0x0000000093200000, 0x0000000093200000|100%| O|  |TAMS 0x0000000093100000| PB 0x0000000093100000| Untracked 
| 306|0x0000000093200000, 0x0000000093300000, 0x0000000093300000|100%| O|  |TAMS 0x0000000093200000| PB 0x0000000093200000| Untracked 
| 307|0x0000000093300000, 0x0000000093400000, 0x0000000093400000|100%| O|  |TAMS 0x0000000093300000| PB 0x0000000093300000| Untracked 
| 308|0x0000000093400000, 0x0000000093500000, 0x0000000093500000|100%| O|Cm|TAMS 0x0000000093400000| PB 0x0000000093400000| Complete 
| 309|0x0000000093500000, 0x0000000093600000, 0x0000000093600000|100%| O|Cm|TAMS 0x0000000093500000| PB 0x0000000093500000| Complete 
| 310|0x0000000093600000, 0x0000000093700000, 0x0000000093700000|100%| O|Cm|TAMS 0x0000000093600000| PB 0x0000000093600000| Complete 
| 311|0x0000000093700000, 0x0000000093800000, 0x0000000093800000|100%| O|Cm|TAMS 0x0000000093700000| PB 0x0000000093700000| Complete 
| 312|0x0000000093800000, 0x0000000093900000, 0x0000000093900000|100%| O|Cm|TAMS 0x0000000093800000| PB 0x0000000093800000| Complete 
| 313|0x0000000093900000, 0x0000000093a00000, 0x0000000093a00000|100%| O|  |TAMS 0x0000000093900000| PB 0x0000000093900000| Untracked 
| 314|0x0000000093a00000, 0x0000000093b00000, 0x0000000093b00000|100%| O|  |TAMS 0x0000000093a00000| PB 0x0000000093a00000| Untracked 
| 315|0x0000000093b00000, 0x0000000093c00000, 0x0000000093c00000|100%| O|  |TAMS 0x0000000093b00000| PB 0x0000000093b00000| Untracked 
| 316|0x0000000093c00000, 0x0000000093d00000, 0x0000000093d00000|100%| O|  |TAMS 0x0000000093c00000| PB 0x0000000093c00000| Untracked 
| 317|0x0000000093d00000, 0x0000000093e00000, 0x0000000093e00000|100%| O|  |TAMS 0x0000000093d00000| PB 0x0000000093d00000| Untracked 
| 318|0x0000000093e00000, 0x0000000093f00000, 0x0000000093f00000|100%| O|  |TAMS 0x0000000093e00000| PB 0x0000000093e00000| Untracked 
| 319|0x0000000093f00000, 0x0000000093f00000, 0x0000000094000000|  0%| F|  |TAMS 0x0000000093f00000| PB 0x0000000093f00000| Untracked 
| 320|0x0000000094000000, 0x0000000094100000, 0x0000000094100000|100%| O|  |TAMS 0x0000000094000000| PB 0x0000000094000000| Untracked 
| 321|0x0000000094100000, 0x0000000094200000, 0x0000000094200000|100%| O|  |TAMS 0x0000000094100000| PB 0x0000000094100000| Untracked 
| 322|0x0000000094200000, 0x0000000094300000, 0x0000000094300000|100%| O|  |TAMS 0x0000000094200000| PB 0x0000000094200000| Untracked 
| 323|0x0000000094300000, 0x0000000094400000, 0x0000000094400000|100%| O|  |TAMS 0x0000000094300000| PB 0x0000000094300000| Untracked 
| 324|0x0000000094400000, 0x0000000094500000, 0x0000000094500000|100%| O|  |TAMS 0x0000000094400000| PB 0x0000000094400000| Untracked 
| 325|0x0000000094500000, 0x0000000094600000, 0x0000000094600000|100%| O|  |TAMS 0x0000000094500000| PB 0x0000000094500000| Untracked 
| 326|0x0000000094600000, 0x0000000094700000, 0x0000000094700000|100%| O|  |TAMS 0x0000000094600000| PB 0x0000000094600000| Untracked 
| 327|0x0000000094700000, 0x0000000094800000, 0x0000000094800000|100%| O|Cm|TAMS 0x0000000094700000| PB 0x0000000094700000| Complete 
| 328|0x0000000094800000, 0x0000000094800000, 0x0000000094900000|  0%| F|  |TAMS 0x0000000094800000| PB 0x0000000094800000| Untracked 
| 329|0x0000000094900000, 0x0000000094a00000, 0x0000000094a00000|100%| O|  |TAMS 0x0000000094900000| PB 0x0000000094900000| Untracked 
| 330|0x0000000094a00000, 0x0000000094b00000, 0x0000000094b00000|100%| O|  |TAMS 0x0000000094a00000| PB 0x0000000094a00000| Untracked 
| 331|0x0000000094b00000, 0x0000000094c00000, 0x0000000094c00000|100%| O|  |TAMS 0x0000000094b00000| PB 0x0000000094b00000| Untracked 
| 332|0x0000000094c00000, 0x0000000094d00000, 0x0000000094d00000|100%| O|  |TAMS 0x0000000094c00000| PB 0x0000000094c00000| Untracked 
| 333|0x0000000094d00000, 0x0000000094e00000, 0x0000000094e00000|100%| O|  |TAMS 0x0000000094d00000| PB 0x0000000094d00000| Untracked 
| 334|0x0000000094e00000, 0x0000000094f00000, 0x0000000094f00000|100%| O|  |TAMS 0x0000000094e00000| PB 0x0000000094e00000| Untracked 
| 335|0x0000000094f00000, 0x0000000095000000, 0x0000000095000000|100%| O|  |TAMS 0x0000000094f00000| PB 0x0000000094f00000| Untracked 
| 336|0x0000000095000000, 0x0000000095000000, 0x0000000095100000|  0%| F|  |TAMS 0x0000000095000000| PB 0x0000000095000000| Untracked 
| 337|0x0000000095100000, 0x0000000095200000, 0x0000000095200000|100%| O|Cm|TAMS 0x0000000095100000| PB 0x0000000095100000| Complete 
| 338|0x0000000095200000, 0x0000000095200000, 0x0000000095300000|  0%| F|  |TAMS 0x0000000095200000| PB 0x0000000095200000| Untracked 
| 339|0x0000000095300000, 0x0000000095400000, 0x0000000095400000|100%| O|Cm|TAMS 0x0000000095300000| PB 0x0000000095300000| Complete 
| 340|0x0000000095400000, 0x0000000095400000, 0x0000000095500000|  0%| F|  |TAMS 0x0000000095400000| PB 0x0000000095400000| Untracked 
| 341|0x0000000095500000, 0x0000000095600000, 0x0000000095600000|100%| O|Cm|TAMS 0x0000000095500000| PB 0x0000000095500000| Complete 
| 342|0x0000000095600000, 0x0000000095700000, 0x0000000095700000|100%|HS|  |TAMS 0x0000000095600000| PB 0x0000000095600000| Complete 
| 343|0x0000000095700000, 0x0000000095800000, 0x0000000095800000|100%|HC|  |TAMS 0x0000000095700000| PB 0x0000000095700000| Complete 
| 344|0x0000000095800000, 0x0000000095800000, 0x0000000095900000|  0%| F|  |TAMS 0x0000000095800000| PB 0x0000000095800000| Untracked 
| 345|0x0000000095900000, 0x0000000095a00000, 0x0000000095a00000|100%| O|Cm|TAMS 0x0000000095900000| PB 0x0000000095900000| Complete 
| 346|0x0000000095a00000, 0x0000000095b00000, 0x0000000095b00000|100%| O|Cm|TAMS 0x0000000095a00000| PB 0x0000000095a00000| Complete 
| 347|0x0000000095b00000, 0x0000000095b00000, 0x0000000095c00000|  0%| F|  |TAMS 0x0000000095b00000| PB 0x0000000095b00000| Untracked 
| 348|0x0000000095c00000, 0x0000000095d00000, 0x0000000095d00000|100%| O|Cm|TAMS 0x0000000095c00000| PB 0x0000000095c00000| Complete 
| 349|0x0000000095d00000, 0x0000000095d00000, 0x0000000095e00000|  0%| F|  |TAMS 0x0000000095d00000| PB 0x0000000095d00000| Untracked 
| 350|0x0000000095e00000, 0x0000000095f00000, 0x0000000095f00000|100%| O|Cm|TAMS 0x0000000095e00000| PB 0x0000000095e00000| Complete 
| 351|0x0000000095f00000, 0x0000000096000000, 0x0000000096000000|100%|HS|  |TAMS 0x0000000095f00000| PB 0x0000000095f00000| Complete 
| 352|0x0000000096000000, 0x0000000096100000, 0x0000000096100000|100%|HC|  |TAMS 0x0000000096000000| PB 0x0000000096000000| Complete 
| 353|0x0000000096100000, 0x0000000096100000, 0x0000000096200000|  0%| F|  |TAMS 0x0000000096100000| PB 0x0000000096100000| Untracked 
| 354|0x0000000096200000, 0x0000000096300000, 0x0000000096300000|100%| O|Cm|TAMS 0x0000000096200000| PB 0x0000000096200000| Complete 
| 355|0x0000000096300000, 0x0000000096300000, 0x0000000096400000|  0%| F|  |TAMS 0x0000000096300000| PB 0x0000000096300000| Untracked 
| 356|0x0000000096400000, 0x0000000096400000, 0x0000000096500000|  0%| F|  |TAMS 0x0000000096400000| PB 0x0000000096400000| Untracked 
| 357|0x0000000096500000, 0x0000000096600000, 0x0000000096600000|100%|HS|  |TAMS 0x0000000096500000| PB 0x0000000096500000| Complete 
| 358|0x0000000096600000, 0x0000000096700000, 0x0000000096700000|100%| O|  |TAMS 0x0000000096600000| PB 0x0000000096600000| Untracked 
| 359|0x0000000096700000, 0x0000000096800000, 0x0000000096800000|100%| O|  |TAMS 0x0000000096700000| PB 0x0000000096700000| Untracked 
| 360|0x0000000096800000, 0x0000000096900000, 0x0000000096900000|100%| O|  |TAMS 0x0000000096800000| PB 0x0000000096800000| Untracked 
| 361|0x0000000096900000, 0x0000000096a00000, 0x0000000096a00000|100%| O|  |TAMS 0x0000000096900000| PB 0x0000000096900000| Untracked 
| 362|0x0000000096a00000, 0x0000000096b00000, 0x0000000096b00000|100%| O|  |TAMS 0x0000000096a00000| PB 0x0000000096a00000| Untracked 
| 363|0x0000000096b00000, 0x0000000096c00000, 0x0000000096c00000|100%| O|  |TAMS 0x0000000096b00000| PB 0x0000000096b00000| Untracked 
| 364|0x0000000096c00000, 0x0000000096d00000, 0x0000000096d00000|100%| O|  |TAMS 0x0000000096c00000| PB 0x0000000096c00000| Untracked 
| 365|0x0000000096d00000, 0x0000000096e00000, 0x0000000096e00000|100%| O|  |TAMS 0x0000000096d00000| PB 0x0000000096d00000| Untracked 
| 366|0x0000000096e00000, 0x0000000096f00000, 0x0000000096f00000|100%| O|  |TAMS 0x0000000096e00000| PB 0x0000000096e00000| Untracked 
| 367|0x0000000096f00000, 0x0000000096f00000, 0x0000000097000000|  0%| F|  |TAMS 0x0000000096f00000| PB 0x0000000096f00000| Untracked 
| 368|0x0000000097000000, 0x0000000097000000, 0x0000000097100000|  0%| F|  |TAMS 0x0000000097000000| PB 0x0000000097000000| Untracked 
| 369|0x0000000097100000, 0x0000000097200000, 0x0000000097200000|100%|HS|  |TAMS 0x0000000097100000| PB 0x0000000097100000| Complete 
| 370|0x0000000097200000, 0x0000000097300000, 0x0000000097300000|100%| O|  |TAMS 0x0000000097200000| PB 0x0000000097200000| Untracked 
| 371|0x0000000097300000, 0x0000000097300000, 0x0000000097400000|  0%| F|  |TAMS 0x0000000097300000| PB 0x0000000097300000| Untracked 
| 372|0x0000000097400000, 0x0000000097400000, 0x0000000097500000|  0%| F|  |TAMS 0x0000000097400000| PB 0x0000000097400000| Untracked 
| 373|0x0000000097500000, 0x0000000097500000, 0x0000000097600000|  0%| F|  |TAMS 0x0000000097500000| PB 0x0000000097500000| Untracked 
| 374|0x0000000097600000, 0x0000000097700000, 0x0000000097700000|100%| O|Cm|TAMS 0x0000000097600000| PB 0x0000000097600000| Complete 
| 375|0x0000000097700000, 0x0000000097800000, 0x0000000097800000|100%|HS|  |TAMS 0x0000000097700000| PB 0x0000000097700000| Complete 
| 376|0x0000000097800000, 0x0000000097900000, 0x0000000097900000|100%|HC|  |TAMS 0x0000000097800000| PB 0x0000000097800000| Complete 
| 377|0x0000000097900000, 0x0000000097a00000, 0x0000000097a00000|100%|HC|  |TAMS 0x0000000097900000| PB 0x0000000097900000| Complete 
| 378|0x0000000097a00000, 0x0000000097b00000, 0x0000000097b00000|100%|HC|  |TAMS 0x0000000097a00000| PB 0x0000000097a00000| Complete 
| 379|0x0000000097b00000, 0x0000000097c00000, 0x0000000097c00000|100%|HC|  |TAMS 0x0000000097b00000| PB 0x0000000097b00000| Complete 
| 380|0x0000000097c00000, 0x0000000097d00000, 0x0000000097d00000|100%|HC|  |TAMS 0x0000000097c00000| PB 0x0000000097c00000| Complete 
| 381|0x0000000097d00000, 0x0000000097e00000, 0x0000000097e00000|100%| O|  |TAMS 0x0000000097d00000| PB 0x0000000097d00000| Untracked 
| 382|0x0000000097e00000, 0x0000000097e00000, 0x0000000097f00000|  0%| F|  |TAMS 0x0000000097e00000| PB 0x0000000097e00000| Untracked 
| 383|0x0000000097f00000, 0x0000000098000000, 0x0000000098000000|100%|HS|  |TAMS 0x0000000097f00000| PB 0x0000000097f00000| Complete 
| 384|0x0000000098000000, 0x0000000098100000, 0x0000000098100000|100%|HC|  |TAMS 0x0000000098000000| PB 0x0000000098000000| Complete 
| 385|0x0000000098100000, 0x0000000098100000, 0x0000000098200000|  0%| F|  |TAMS 0x0000000098100000| PB 0x0000000098100000| Untracked 
| 386|0x0000000098200000, 0x0000000098200000, 0x0000000098300000|  0%| F|  |TAMS 0x0000000098200000| PB 0x0000000098200000| Untracked 
| 387|0x0000000098300000, 0x0000000098300000, 0x0000000098400000|  0%| F|  |TAMS 0x0000000098300000| PB 0x0000000098300000| Untracked 
| 388|0x0000000098400000, 0x0000000098500000, 0x0000000098500000|100%| O|Cm|TAMS 0x0000000098400000| PB 0x0000000098400000| Complete 
| 389|0x0000000098500000, 0x0000000098600000, 0x0000000098600000|100%| O|  |TAMS 0x0000000098500000| PB 0x0000000098500000| Untracked 
| 390|0x0000000098600000, 0x0000000098600000, 0x0000000098700000|  0%| F|  |TAMS 0x0000000098600000| PB 0x0000000098600000| Untracked 
| 391|0x0000000098700000, 0x0000000098700000, 0x0000000098800000|  0%| F|  |TAMS 0x0000000098700000| PB 0x0000000098700000| Untracked 
| 392|0x0000000098800000, 0x0000000098900000, 0x0000000098900000|100%| O|  |TAMS 0x0000000098800000| PB 0x0000000098800000| Untracked 
| 393|0x0000000098900000, 0x0000000098a00000, 0x0000000098a00000|100%| O|  |TAMS 0x0000000098900000| PB 0x0000000098900000| Untracked 
| 394|0x0000000098a00000, 0x0000000098a00000, 0x0000000098b00000|  0%| F|  |TAMS 0x0000000098a00000| PB 0x0000000098a00000| Untracked 
| 395|0x0000000098b00000, 0x0000000098b00000, 0x0000000098c00000|  0%| F|  |TAMS 0x0000000098b00000| PB 0x0000000098b00000| Untracked 
| 396|0x0000000098c00000, 0x0000000098c00000, 0x0000000098d00000|  0%| F|  |TAMS 0x0000000098c00000| PB 0x0000000098c00000| Untracked 
| 397|0x0000000098d00000, 0x0000000098e00000, 0x0000000098e00000|100%| O|  |TAMS 0x0000000098d00000| PB 0x0000000098d00000| Untracked 
| 398|0x0000000098e00000, 0x0000000098e00000, 0x0000000098f00000|  0%| F|  |TAMS 0x0000000098e00000| PB 0x0000000098e00000| Untracked 
| 399|0x0000000098f00000, 0x0000000099000000, 0x0000000099000000|100%| O|  |TAMS 0x0000000098f00000| PB 0x0000000098f00000| Untracked 
| 400|0x0000000099000000, 0x0000000099000000, 0x0000000099100000|  0%| F|  |TAMS 0x0000000099000000| PB 0x0000000099000000| Untracked 
| 401|0x0000000099100000, 0x0000000099200000, 0x0000000099200000|100%| O|Cm|TAMS 0x0000000099100000| PB 0x0000000099100000| Complete 
| 402|0x0000000099200000, 0x0000000099300000, 0x0000000099300000|100%| O|Cm|TAMS 0x0000000099200000| PB 0x0000000099200000| Complete 
| 403|0x0000000099300000, 0x0000000099400000, 0x0000000099400000|100%| O|Cm|TAMS 0x0000000099300000| PB 0x0000000099300000| Complete 
| 404|0x0000000099400000, 0x0000000099500000, 0x0000000099500000|100%| O|  |TAMS 0x0000000099400000| PB 0x0000000099400000| Untracked 
| 405|0x0000000099500000, 0x0000000099500000, 0x0000000099600000|  0%| F|  |TAMS 0x0000000099500000| PB 0x0000000099500000| Untracked 
| 406|0x0000000099600000, 0x0000000099600000, 0x0000000099700000|  0%| F|  |TAMS 0x0000000099600000| PB 0x0000000099600000| Untracked 
| 407|0x0000000099700000, 0x0000000099800000, 0x0000000099800000|100%| O|  |TAMS 0x0000000099700000| PB 0x0000000099700000| Untracked 
| 408|0x0000000099800000, 0x0000000099900000, 0x0000000099900000|100%| O|Cm|TAMS 0x0000000099800000| PB 0x0000000099800000| Complete 
| 409|0x0000000099900000, 0x0000000099a00000, 0x0000000099a00000|100%| O|  |TAMS 0x0000000099900000| PB 0x0000000099900000| Untracked 
| 410|0x0000000099a00000, 0x0000000099a00000, 0x0000000099b00000|  0%| F|  |TAMS 0x0000000099a00000| PB 0x0000000099a00000| Untracked 
| 411|0x0000000099b00000, 0x0000000099c00000, 0x0000000099c00000|100%| O|Cm|TAMS 0x0000000099b00000| PB 0x0000000099b00000| Complete 
| 412|0x0000000099c00000, 0x0000000099d00000, 0x0000000099d00000|100%| O|Cm|TAMS 0x0000000099c00000| PB 0x0000000099c00000| Complete 
| 413|0x0000000099d00000, 0x0000000099e00000, 0x0000000099e00000|100%| O|  |TAMS 0x0000000099d00000| PB 0x0000000099d00000| Untracked 
| 414|0x0000000099e00000, 0x0000000099f00000, 0x0000000099f00000|100%| O|  |TAMS 0x0000000099e00000| PB 0x0000000099e00000| Untracked 
| 415|0x0000000099f00000, 0x000000009a000000, 0x000000009a000000|100%| O|Cm|TAMS 0x0000000099f00000| PB 0x0000000099f00000| Complete 
| 416|0x000000009a000000, 0x000000009a100000, 0x000000009a100000|100%| O|  |TAMS 0x000000009a000000| PB 0x000000009a000000| Untracked 
| 417|0x000000009a100000, 0x000000009a100000, 0x000000009a200000|  0%| F|  |TAMS 0x000000009a100000| PB 0x000000009a100000| Untracked 
| 418|0x000000009a200000, 0x000000009a300000, 0x000000009a300000|100%| O|  |TAMS 0x000000009a200000| PB 0x000000009a200000| Untracked 
| 419|0x000000009a300000, 0x000000009a400000, 0x000000009a400000|100%| O|Cm|TAMS 0x000000009a300000| PB 0x000000009a300000| Complete 
| 420|0x000000009a400000, 0x000000009a500000, 0x000000009a500000|100%| O|  |TAMS 0x000000009a400000| PB 0x000000009a400000| Untracked 
| 421|0x000000009a500000, 0x000000009a500000, 0x000000009a600000|  0%| F|  |TAMS 0x000000009a500000| PB 0x000000009a500000| Untracked 
| 422|0x000000009a600000, 0x000000009a700000, 0x000000009a700000|100%| O|  |TAMS 0x000000009a600000| PB 0x000000009a600000| Untracked 
| 423|0x000000009a700000, 0x000000009a700000, 0x000000009a800000|  0%| F|  |TAMS 0x000000009a700000| PB 0x000000009a700000| Untracked 
| 424|0x000000009a800000, 0x000000009a800000, 0x000000009a900000|  0%| F|  |TAMS 0x000000009a800000| PB 0x000000009a800000| Untracked 
| 425|0x000000009a900000, 0x000000009aa00000, 0x000000009aa00000|100%| O|  |TAMS 0x000000009a900000| PB 0x000000009a900000| Untracked 
| 426|0x000000009aa00000, 0x000000009ab00000, 0x000000009ab00000|100%| O|Cm|TAMS 0x000000009aa00000| PB 0x000000009aa00000| Complete 
| 427|0x000000009ab00000, 0x000000009ac00000, 0x000000009ac00000|100%| O|  |TAMS 0x000000009ab00000| PB 0x000000009ab00000| Untracked 
| 428|0x000000009ac00000, 0x000000009ad00000, 0x000000009ad00000|100%| O|Cm|TAMS 0x000000009ac00000| PB 0x000000009ac00000| Complete 
| 429|0x000000009ad00000, 0x000000009ae00000, 0x000000009ae00000|100%| O|Cm|TAMS 0x000000009ad00000| PB 0x000000009ad00000| Complete 
| 430|0x000000009ae00000, 0x000000009af00000, 0x000000009af00000|100%| O|  |TAMS 0x000000009ae00000| PB 0x000000009ae00000| Untracked 
| 431|0x000000009af00000, 0x000000009b000000, 0x000000009b000000|100%| O|  |TAMS 0x000000009af00000| PB 0x000000009af00000| Untracked 
| 432|0x000000009b000000, 0x000000009b100000, 0x000000009b100000|100%| O|  |TAMS 0x000000009b000000| PB 0x000000009b000000| Untracked 
| 433|0x000000009b100000, 0x000000009b200000, 0x000000009b200000|100%| O|  |TAMS 0x000000009b100000| PB 0x000000009b100000| Untracked 
| 434|0x000000009b200000, 0x000000009b300000, 0x000000009b300000|100%| O|  |TAMS 0x000000009b200000| PB 0x000000009b200000| Untracked 
| 435|0x000000009b300000, 0x000000009b300000, 0x000000009b400000|  0%| F|  |TAMS 0x000000009b300000| PB 0x000000009b300000| Untracked 
| 436|0x000000009b400000, 0x000000009b400000, 0x000000009b500000|  0%| F|  |TAMS 0x000000009b400000| PB 0x000000009b400000| Untracked 
| 437|0x000000009b500000, 0x000000009b500000, 0x000000009b600000|  0%| F|  |TAMS 0x000000009b500000| PB 0x000000009b500000| Untracked 
| 438|0x000000009b600000, 0x000000009b600000, 0x000000009b700000|  0%| F|  |TAMS 0x000000009b600000| PB 0x000000009b600000| Untracked 
| 439|0x000000009b700000, 0x000000009b800000, 0x000000009b800000|100%| O|  |TAMS 0x000000009b700000| PB 0x000000009b700000| Untracked 
| 440|0x000000009b800000, 0x000000009b800000, 0x000000009b900000|  0%| F|  |TAMS 0x000000009b800000| PB 0x000000009b800000| Untracked 
| 441|0x000000009b900000, 0x000000009ba00000, 0x000000009ba00000|100%| O|  |TAMS 0x000000009b900000| PB 0x000000009b900000| Untracked 
| 442|0x000000009ba00000, 0x000000009ba00000, 0x000000009bb00000|  0%| F|  |TAMS 0x000000009ba00000| PB 0x000000009ba00000| Untracked 
| 443|0x000000009bb00000, 0x000000009bc00000, 0x000000009bc00000|100%| O|  |TAMS 0x000000009bb00000| PB 0x000000009bb00000| Untracked 
| 444|0x000000009bc00000, 0x000000009bd00000, 0x000000009bd00000|100%| O|  |TAMS 0x000000009bc00000| PB 0x000000009bc00000| Untracked 
| 445|0x000000009bd00000, 0x000000009bd00000, 0x000000009be00000|  0%| F|  |TAMS 0x000000009bd00000| PB 0x000000009bd00000| Untracked 
| 446|0x000000009be00000, 0x000000009be00000, 0x000000009bf00000|  0%| F|  |TAMS 0x000000009be00000| PB 0x000000009be00000| Untracked 
| 447|0x000000009bf00000, 0x000000009bf00000, 0x000000009c000000|  0%| F|  |TAMS 0x000000009bf00000| PB 0x000000009bf00000| Untracked 
| 448|0x000000009c000000, 0x000000009c000000, 0x000000009c100000|  0%| F|  |TAMS 0x000000009c000000| PB 0x000000009c000000| Untracked 
| 449|0x000000009c100000, 0x000000009c200000, 0x000000009c200000|100%| O|  |TAMS 0x000000009c100000| PB 0x000000009c100000| Untracked 
| 450|0x000000009c200000, 0x000000009c300000, 0x000000009c300000|100%| O|  |TAMS 0x000000009c200000| PB 0x000000009c200000| Untracked 
| 451|0x000000009c300000, 0x000000009c400000, 0x000000009c400000|100%| O|  |TAMS 0x000000009c300000| PB 0x000000009c300000| Untracked 
| 452|0x000000009c400000, 0x000000009c500000, 0x000000009c500000|100%| O|  |TAMS 0x000000009c400000| PB 0x000000009c400000| Untracked 
| 453|0x000000009c500000, 0x000000009c600000, 0x000000009c600000|100%| O|  |TAMS 0x000000009c500000| PB 0x000000009c500000| Untracked 
| 454|0x000000009c600000, 0x000000009c700000, 0x000000009c700000|100%| O|  |TAMS 0x000000009c600000| PB 0x000000009c600000| Untracked 
| 455|0x000000009c700000, 0x000000009c800000, 0x000000009c800000|100%| O|  |TAMS 0x000000009c700000| PB 0x000000009c700000| Untracked 
| 456|0x000000009c800000, 0x000000009c900000, 0x000000009c900000|100%| O|  |TAMS 0x000000009c800000| PB 0x000000009c800000| Untracked 
| 457|0x000000009c900000, 0x000000009ca00000, 0x000000009ca00000|100%| O|  |TAMS 0x000000009c900000| PB 0x000000009c900000| Untracked 
| 458|0x000000009ca00000, 0x000000009cb00000, 0x000000009cb00000|100%| O|  |TAMS 0x000000009ca00000| PB 0x000000009ca00000| Untracked 
| 459|0x000000009cb00000, 0x000000009cb00000, 0x000000009cc00000|  0%| F|  |TAMS 0x000000009cb00000| PB 0x000000009cb00000| Untracked 
| 460|0x000000009cc00000, 0x000000009cc00000, 0x000000009cd00000|  0%| F|  |TAMS 0x000000009cc00000| PB 0x000000009cc00000| Untracked 
| 461|0x000000009cd00000, 0x000000009ce00000, 0x000000009ce00000|100%| O|  |TAMS 0x000000009cd00000| PB 0x000000009cd00000| Untracked 
| 462|0x000000009ce00000, 0x000000009ce00000, 0x000000009cf00000|  0%| F|  |TAMS 0x000000009ce00000| PB 0x000000009ce00000| Untracked 
| 463|0x000000009cf00000, 0x000000009cf00000, 0x000000009d000000|  0%| F|  |TAMS 0x000000009cf00000| PB 0x000000009cf00000| Untracked 
| 464|0x000000009d000000, 0x000000009d100000, 0x000000009d100000|100%| O|  |TAMS 0x000000009d000000| PB 0x000000009d000000| Untracked 
| 465|0x000000009d100000, 0x000000009d200000, 0x000000009d200000|100%|HS|  |TAMS 0x000000009d100000| PB 0x000000009d100000| Complete 
| 466|0x000000009d200000, 0x000000009d300000, 0x000000009d300000|100%|HC|  |TAMS 0x000000009d200000| PB 0x000000009d200000| Complete 
| 467|0x000000009d300000, 0x000000009d400000, 0x000000009d400000|100%|HC|  |TAMS 0x000000009d300000| PB 0x000000009d300000| Complete 
| 468|0x000000009d400000, 0x000000009d500000, 0x000000009d500000|100%|HC|  |TAMS 0x000000009d400000| PB 0x000000009d400000| Complete 
| 469|0x000000009d500000, 0x000000009d600000, 0x000000009d600000|100%|HC|  |TAMS 0x000000009d500000| PB 0x000000009d500000| Complete 
| 470|0x000000009d600000, 0x000000009d700000, 0x000000009d700000|100%|HC|  |TAMS 0x000000009d600000| PB 0x000000009d600000| Complete 
| 471|0x000000009d700000, 0x000000009d700000, 0x000000009d800000|  0%| F|  |TAMS 0x000000009d700000| PB 0x000000009d700000| Untracked 
| 472|0x000000009d800000, 0x000000009d800000, 0x000000009d900000|  0%| F|  |TAMS 0x000000009d800000| PB 0x000000009d800000| Untracked 
| 473|0x000000009d900000, 0x000000009d900000, 0x000000009da00000|  0%| F|  |TAMS 0x000000009d900000| PB 0x000000009d900000| Untracked 
| 474|0x000000009da00000, 0x000000009da00000, 0x000000009db00000|  0%| F|  |TAMS 0x000000009da00000| PB 0x000000009da00000| Untracked 
| 475|0x000000009db00000, 0x000000009db00000, 0x000000009dc00000|  0%| F|  |TAMS 0x000000009db00000| PB 0x000000009db00000| Untracked 
| 476|0x000000009dc00000, 0x000000009dc00000, 0x000000009dd00000|  0%| F|  |TAMS 0x000000009dc00000| PB 0x000000009dc00000| Untracked 
| 477|0x000000009dd00000, 0x000000009dd00000, 0x000000009de00000|  0%| F|  |TAMS 0x000000009dd00000| PB 0x000000009dd00000| Untracked 
| 478|0x000000009de00000, 0x000000009de00000, 0x000000009df00000|  0%| F|  |TAMS 0x000000009de00000| PB 0x000000009de00000| Untracked 
| 479|0x000000009df00000, 0x000000009df00000, 0x000000009e000000|  0%| F|  |TAMS 0x000000009df00000| PB 0x000000009df00000| Untracked 
| 480|0x000000009e000000, 0x000000009e000000, 0x000000009e100000|  0%| F|  |TAMS 0x000000009e000000| PB 0x000000009e000000| Untracked 
| 481|0x000000009e100000, 0x000000009e100000, 0x000000009e200000|  0%| F|  |TAMS 0x000000009e100000| PB 0x000000009e100000| Untracked 
| 482|0x000000009e200000, 0x000000009e200000, 0x000000009e300000|  0%| F|  |TAMS 0x000000009e200000| PB 0x000000009e200000| Untracked 
| 483|0x000000009e300000, 0x000000009e300000, 0x000000009e400000|  0%| F|  |TAMS 0x000000009e300000| PB 0x000000009e300000| Untracked 
| 484|0x000000009e400000, 0x000000009e400000, 0x000000009e500000|  0%| F|  |TAMS 0x000000009e400000| PB 0x000000009e400000| Untracked 
| 485|0x000000009e500000, 0x000000009e500000, 0x000000009e600000|  0%| F|  |TAMS 0x000000009e500000| PB 0x000000009e500000| Untracked 
| 486|0x000000009e600000, 0x000000009e600000, 0x000000009e700000|  0%| F|  |TAMS 0x000000009e600000| PB 0x000000009e600000| Untracked 
| 487|0x000000009e700000, 0x000000009e800000, 0x000000009e800000|100%| O|  |TAMS 0x000000009e700000| PB 0x000000009e700000| Untracked 
| 488|0x000000009e800000, 0x000000009e900000, 0x000000009e900000|100%| O|  |TAMS 0x000000009e800000| PB 0x000000009e800000| Untracked 
| 489|0x000000009e900000, 0x000000009ea00000, 0x000000009ea00000|100%| O|  |TAMS 0x000000009e900000| PB 0x000000009e900000| Untracked 
| 490|0x000000009ea00000, 0x000000009eb00000, 0x000000009eb00000|100%| O|  |TAMS 0x000000009ea00000| PB 0x000000009ea00000| Untracked 
| 491|0x000000009eb00000, 0x000000009ec00000, 0x000000009ec00000|100%| O|  |TAMS 0x000000009eb00000| PB 0x000000009eb00000| Untracked 
| 492|0x000000009ec00000, 0x000000009ed00000, 0x000000009ed00000|100%| O|  |TAMS 0x000000009ec00000| PB 0x000000009ec00000| Untracked 
| 493|0x000000009ed00000, 0x000000009ee00000, 0x000000009ee00000|100%| O|  |TAMS 0x000000009ed00000| PB 0x000000009ed00000| Untracked 
| 494|0x000000009ee00000, 0x000000009ee00000, 0x000000009ef00000|  0%| F|  |TAMS 0x000000009ee00000| PB 0x000000009ee00000| Untracked 
| 495|0x000000009ef00000, 0x000000009f000000, 0x000000009f000000|100%| O|  |TAMS 0x000000009ef00000| PB 0x000000009ef00000| Untracked 
| 496|0x000000009f000000, 0x000000009f100000, 0x000000009f100000|100%| O|  |TAMS 0x000000009f000000| PB 0x000000009f000000| Untracked 
| 497|0x000000009f100000, 0x000000009f200000, 0x000000009f200000|100%| O|  |TAMS 0x000000009f100000| PB 0x000000009f100000| Untracked 
| 498|0x000000009f200000, 0x000000009f300000, 0x000000009f300000|100%| O|  |TAMS 0x000000009f200000| PB 0x000000009f200000| Untracked 
| 499|0x000000009f300000, 0x000000009f400000, 0x000000009f400000|100%| O|  |TAMS 0x000000009f300000| PB 0x000000009f300000| Untracked 
| 500|0x000000009f400000, 0x000000009f400000, 0x000000009f500000|  0%| F|  |TAMS 0x000000009f400000| PB 0x000000009f400000| Untracked 
| 501|0x000000009f500000, 0x000000009f500000, 0x000000009f600000|  0%| F|  |TAMS 0x000000009f500000| PB 0x000000009f500000| Untracked 
| 502|0x000000009f600000, 0x000000009f700000, 0x000000009f700000|100%| O|  |TAMS 0x000000009f600000| PB 0x000000009f600000| Untracked 
| 503|0x000000009f700000, 0x000000009f700000, 0x000000009f800000|  0%| F|  |TAMS 0x000000009f700000| PB 0x000000009f700000| Untracked 
| 504|0x000000009f800000, 0x000000009f800000, 0x000000009f900000|  0%| F|  |TAMS 0x000000009f800000| PB 0x000000009f800000| Untracked 
| 505|0x000000009f900000, 0x000000009f900000, 0x000000009fa00000|  0%| F|  |TAMS 0x000000009f900000| PB 0x000000009f900000| Untracked 
| 506|0x000000009fa00000, 0x000000009fa00000, 0x000000009fb00000|  0%| F|  |TAMS 0x000000009fa00000| PB 0x000000009fa00000| Untracked 
| 507|0x000000009fb00000, 0x000000009fb00000, 0x000000009fc00000|  0%| F|  |TAMS 0x000000009fb00000| PB 0x000000009fb00000| Untracked 
| 508|0x000000009fc00000, 0x000000009fd00000, 0x000000009fd00000|100%| O|Cm|TAMS 0x000000009fc00000| PB 0x000000009fc00000| Complete 
| 509|0x000000009fd00000, 0x000000009fe00000, 0x000000009fe00000|100%| O|  |TAMS 0x000000009fd00000| PB 0x000000009fd00000| Untracked 
| 510|0x000000009fe00000, 0x000000009ff00000, 0x000000009ff00000|100%| O|  |TAMS 0x000000009fe00000| PB 0x000000009fe00000| Untracked 
| 511|0x000000009ff00000, 0x00000000a0000000, 0x00000000a0000000|100%| O|  |TAMS 0x000000009ff00000| PB 0x000000009ff00000| Untracked 
| 512|0x00000000a0000000, 0x00000000a0100000, 0x00000000a0100000|100%| O|  |TAMS 0x00000000a0000000| PB 0x00000000a0000000| Untracked 
| 513|0x00000000a0100000, 0x00000000a0200000, 0x00000000a0200000|100%| O|  |TAMS 0x00000000a0100000| PB 0x00000000a0100000| Untracked 
| 514|0x00000000a0200000, 0x00000000a0300000, 0x00000000a0300000|100%| O|  |TAMS 0x00000000a0200000| PB 0x00000000a0200000| Untracked 
| 515|0x00000000a0300000, 0x00000000a0400000, 0x00000000a0400000|100%| O|  |TAMS 0x00000000a0300000| PB 0x00000000a0300000| Untracked 
| 516|0x00000000a0400000, 0x00000000a0500000, 0x00000000a0500000|100%| O|  |TAMS 0x00000000a0400000| PB 0x00000000a0400000| Untracked 
| 517|0x00000000a0500000, 0x00000000a0600000, 0x00000000a0600000|100%| O|  |TAMS 0x00000000a0500000| PB 0x00000000a0500000| Untracked 
| 518|0x00000000a0600000, 0x00000000a0700000, 0x00000000a0700000|100%| O|  |TAMS 0x00000000a0600000| PB 0x00000000a0600000| Untracked 
| 519|0x00000000a0700000, 0x00000000a0800000, 0x00000000a0800000|100%| O|  |TAMS 0x00000000a0700000| PB 0x00000000a0700000| Untracked 
| 520|0x00000000a0800000, 0x00000000a0900000, 0x00000000a0900000|100%| O|  |TAMS 0x00000000a0800000| PB 0x00000000a0800000| Untracked 
| 521|0x00000000a0900000, 0x00000000a0a00000, 0x00000000a0a00000|100%| O|  |TAMS 0x00000000a0900000| PB 0x00000000a0900000| Untracked 
| 522|0x00000000a0a00000, 0x00000000a0b00000, 0x00000000a0b00000|100%| O|  |TAMS 0x00000000a0a00000| PB 0x00000000a0a00000| Untracked 
| 523|0x00000000a0b00000, 0x00000000a0b00000, 0x00000000a0c00000|  0%| F|  |TAMS 0x00000000a0b00000| PB 0x00000000a0b00000| Untracked 
| 524|0x00000000a0c00000, 0x00000000a0d00000, 0x00000000a0d00000|100%| O|  |TAMS 0x00000000a0c00000| PB 0x00000000a0c00000| Untracked 
| 525|0x00000000a0d00000, 0x00000000a0e00000, 0x00000000a0e00000|100%| O|  |TAMS 0x00000000a0d00000| PB 0x00000000a0d00000| Untracked 
| 526|0x00000000a0e00000, 0x00000000a0f00000, 0x00000000a0f00000|100%| O|  |TAMS 0x00000000a0e00000| PB 0x00000000a0e00000| Untracked 
| 527|0x00000000a0f00000, 0x00000000a0f00000, 0x00000000a1000000|  0%| F|  |TAMS 0x00000000a0f00000| PB 0x00000000a0f00000| Untracked 
| 528|0x00000000a1000000, 0x00000000a1000000, 0x00000000a1100000|  0%| F|  |TAMS 0x00000000a1000000| PB 0x00000000a1000000| Untracked 
| 529|0x00000000a1100000, 0x00000000a1100000, 0x00000000a1200000|  0%| F|  |TAMS 0x00000000a1100000| PB 0x00000000a1100000| Untracked 
| 530|0x00000000a1200000, 0x00000000a1200000, 0x00000000a1300000|  0%| F|  |TAMS 0x00000000a1200000| PB 0x00000000a1200000| Untracked 
| 531|0x00000000a1300000, 0x00000000a1300000, 0x00000000a1400000|  0%| F|  |TAMS 0x00000000a1300000| PB 0x00000000a1300000| Untracked 
| 532|0x00000000a1400000, 0x00000000a1400000, 0x00000000a1500000|  0%| F|  |TAMS 0x00000000a1400000| PB 0x00000000a1400000| Untracked 
| 533|0x00000000a1500000, 0x00000000a1500000, 0x00000000a1600000|  0%| F|  |TAMS 0x00000000a1500000| PB 0x00000000a1500000| Untracked 
| 534|0x00000000a1600000, 0x00000000a1600000, 0x00000000a1700000|  0%| F|  |TAMS 0x00000000a1600000| PB 0x00000000a1600000| Untracked 
| 535|0x00000000a1700000, 0x00000000a1700000, 0x00000000a1800000|  0%| F|  |TAMS 0x00000000a1700000| PB 0x00000000a1700000| Untracked 
| 536|0x00000000a1800000, 0x00000000a1800000, 0x00000000a1900000|  0%| F|  |TAMS 0x00000000a1800000| PB 0x00000000a1800000| Untracked 
| 537|0x00000000a1900000, 0x00000000a1900000, 0x00000000a1a00000|  0%| F|  |TAMS 0x00000000a1900000| PB 0x00000000a1900000| Untracked 
| 538|0x00000000a1a00000, 0x00000000a1a00000, 0x00000000a1b00000|  0%| F|  |TAMS 0x00000000a1a00000| PB 0x00000000a1a00000| Untracked 
| 539|0x00000000a1b00000, 0x00000000a1b00000, 0x00000000a1c00000|  0%| F|  |TAMS 0x00000000a1b00000| PB 0x00000000a1b00000| Untracked 
| 540|0x00000000a1c00000, 0x00000000a1c00000, 0x00000000a1d00000|  0%| F|  |TAMS 0x00000000a1c00000| PB 0x00000000a1c00000| Untracked 
| 541|0x00000000a1d00000, 0x00000000a1d00000, 0x00000000a1e00000|  0%| F|  |TAMS 0x00000000a1d00000| PB 0x00000000a1d00000| Untracked 
| 542|0x00000000a1e00000, 0x00000000a1e00000, 0x00000000a1f00000|  0%| F|  |TAMS 0x00000000a1e00000| PB 0x00000000a1e00000| Untracked 
| 543|0x00000000a1f00000, 0x00000000a1f00000, 0x00000000a2000000|  0%| F|  |TAMS 0x00000000a1f00000| PB 0x00000000a1f00000| Untracked 
| 544|0x00000000a2000000, 0x00000000a2000000, 0x00000000a2100000|  0%| F|  |TAMS 0x00000000a2000000| PB 0x00000000a2000000| Untracked 
| 545|0x00000000a2100000, 0x00000000a2100000, 0x00000000a2200000|  0%| F|  |TAMS 0x00000000a2100000| PB 0x00000000a2100000| Untracked 
| 546|0x00000000a2200000, 0x00000000a2200000, 0x00000000a2300000|  0%| F|  |TAMS 0x00000000a2200000| PB 0x00000000a2200000| Untracked 
| 547|0x00000000a2300000, 0x00000000a2300000, 0x00000000a2400000|  0%| F|  |TAMS 0x00000000a2300000| PB 0x00000000a2300000| Untracked 
| 548|0x00000000a2400000, 0x00000000a2400000, 0x00000000a2500000|  0%| F|  |TAMS 0x00000000a2400000| PB 0x00000000a2400000| Untracked 
| 549|0x00000000a2500000, 0x00000000a2500000, 0x00000000a2600000|  0%| F|  |TAMS 0x00000000a2500000| PB 0x00000000a2500000| Untracked 
| 550|0x00000000a2600000, 0x00000000a2600000, 0x00000000a2700000|  0%| F|  |TAMS 0x00000000a2600000| PB 0x00000000a2600000| Untracked 
| 551|0x00000000a2700000, 0x00000000a2800000, 0x00000000a2800000|100%| O|  |TAMS 0x00000000a2700000| PB 0x00000000a2700000| Untracked 
| 552|0x00000000a2800000, 0x00000000a2900000, 0x00000000a2900000|100%| O|  |TAMS 0x00000000a2800000| PB 0x00000000a2800000| Untracked 
| 553|0x00000000a2900000, 0x00000000a2a00000, 0x00000000a2a00000|100%| O|  |TAMS 0x00000000a2900000| PB 0x00000000a2900000| Untracked 
| 554|0x00000000a2a00000, 0x00000000a2b00000, 0x00000000a2b00000|100%| O|  |TAMS 0x00000000a2a00000| PB 0x00000000a2a00000| Untracked 
| 555|0x00000000a2b00000, 0x00000000a2c00000, 0x00000000a2c00000|100%| O|  |TAMS 0x00000000a2b00000| PB 0x00000000a2b00000| Untracked 
| 556|0x00000000a2c00000, 0x00000000a2d00000, 0x00000000a2d00000|100%| O|  |TAMS 0x00000000a2c00000| PB 0x00000000a2c00000| Untracked 
| 557|0x00000000a2d00000, 0x00000000a2e00000, 0x00000000a2e00000|100%| O|  |TAMS 0x00000000a2d00000| PB 0x00000000a2d00000| Untracked 
| 558|0x00000000a2e00000, 0x00000000a2f00000, 0x00000000a2f00000|100%| O|  |TAMS 0x00000000a2e00000| PB 0x00000000a2e00000| Untracked 
| 559|0x00000000a2f00000, 0x00000000a3000000, 0x00000000a3000000|100%| O|  |TAMS 0x00000000a2f00000| PB 0x00000000a2f00000| Untracked 
| 560|0x00000000a3000000, 0x00000000a3100000, 0x00000000a3100000|100%| O|  |TAMS 0x00000000a3000000| PB 0x00000000a3000000| Untracked 
| 561|0x00000000a3100000, 0x00000000a3100000, 0x00000000a3200000|  0%| F|  |TAMS 0x00000000a3100000| PB 0x00000000a3100000| Untracked 
| 562|0x00000000a3200000, 0x00000000a3300000, 0x00000000a3300000|100%| O|  |TAMS 0x00000000a3200000| PB 0x00000000a3200000| Untracked 
| 563|0x00000000a3300000, 0x00000000a3400000, 0x00000000a3400000|100%| O|  |TAMS 0x00000000a3300000| PB 0x00000000a3300000| Untracked 
| 564|0x00000000a3400000, 0x00000000a3500000, 0x00000000a3500000|100%| O|  |TAMS 0x00000000a3400000| PB 0x00000000a3400000| Untracked 
| 565|0x00000000a3500000, 0x00000000a3600000, 0x00000000a3600000|100%| O|  |TAMS 0x00000000a3500000| PB 0x00000000a3500000| Untracked 
| 566|0x00000000a3600000, 0x00000000a3700000, 0x00000000a3700000|100%| O|  |TAMS 0x00000000a3600000| PB 0x00000000a3600000| Untracked 
| 567|0x00000000a3700000, 0x00000000a3800000, 0x00000000a3800000|100%| O|  |TAMS 0x00000000a3700000| PB 0x00000000a3700000| Untracked 
| 568|0x00000000a3800000, 0x00000000a3900000, 0x00000000a3900000|100%| O|  |TAMS 0x00000000a3800000| PB 0x00000000a3800000| Untracked 
| 569|0x00000000a3900000, 0x00000000a3900000, 0x00000000a3a00000|  0%| F|  |TAMS 0x00000000a3900000| PB 0x00000000a3900000| Untracked 
| 570|0x00000000a3a00000, 0x00000000a3b00000, 0x00000000a3b00000|100%| O|  |TAMS 0x00000000a3a00000| PB 0x00000000a3a00000| Untracked 
| 571|0x00000000a3b00000, 0x00000000a3c00000, 0x00000000a3c00000|100%| O|  |TAMS 0x00000000a3b00000| PB 0x00000000a3b00000| Untracked 
| 572|0x00000000a3c00000, 0x00000000a3d00000, 0x00000000a3d00000|100%|HS|  |TAMS 0x00000000a3c00000| PB 0x00000000a3c00000| Complete 
| 573|0x00000000a3d00000, 0x00000000a3e00000, 0x00000000a3e00000|100%|HC|  |TAMS 0x00000000a3d00000| PB 0x00000000a3d00000| Complete 
| 574|0x00000000a3e00000, 0x00000000a3f00000, 0x00000000a3f00000|100%|HC|  |TAMS 0x00000000a3e00000| PB 0x00000000a3e00000| Complete 
| 575|0x00000000a3f00000, 0x00000000a4000000, 0x00000000a4000000|100%| O|  |TAMS 0x00000000a3f00000| PB 0x00000000a3f00000| Untracked 
| 576|0x00000000a4000000, 0x00000000a4100000, 0x00000000a4100000|100%| O|  |TAMS 0x00000000a4000000| PB 0x00000000a4000000| Untracked 
| 577|0x00000000a4100000, 0x00000000a4200000, 0x00000000a4200000|100%| O|  |TAMS 0x00000000a4100000| PB 0x00000000a4100000| Untracked 
| 578|0x00000000a4200000, 0x00000000a4300000, 0x00000000a4300000|100%| O|  |TAMS 0x00000000a4200000| PB 0x00000000a4200000| Untracked 
| 579|0x00000000a4300000, 0x00000000a4400000, 0x00000000a4400000|100%| O|  |TAMS 0x00000000a4300000| PB 0x00000000a4300000| Untracked 
| 580|0x00000000a4400000, 0x00000000a4400000, 0x00000000a4500000|  0%| F|  |TAMS 0x00000000a4400000| PB 0x00000000a4400000| Untracked 
| 581|0x00000000a4500000, 0x00000000a4600000, 0x00000000a4600000|100%| O|  |TAMS 0x00000000a4500000| PB 0x00000000a4500000| Untracked 
| 582|0x00000000a4600000, 0x00000000a4700000, 0x00000000a4700000|100%| O|  |TAMS 0x00000000a4600000| PB 0x00000000a4600000| Untracked 
| 583|0x00000000a4700000, 0x00000000a4800000, 0x00000000a4800000|100%| O|  |TAMS 0x00000000a4700000| PB 0x00000000a4700000| Untracked 
| 584|0x00000000a4800000, 0x00000000a4800000, 0x00000000a4900000|  0%| F|  |TAMS 0x00000000a4800000| PB 0x00000000a4800000| Untracked 
| 585|0x00000000a4900000, 0x00000000a4900000, 0x00000000a4a00000|  0%| F|  |TAMS 0x00000000a4900000| PB 0x00000000a4900000| Untracked 
| 586|0x00000000a4a00000, 0x00000000a4a00000, 0x00000000a4b00000|  0%| F|  |TAMS 0x00000000a4a00000| PB 0x00000000a4a00000| Untracked 
| 587|0x00000000a4b00000, 0x00000000a4b00000, 0x00000000a4c00000|  0%| F|  |TAMS 0x00000000a4b00000| PB 0x00000000a4b00000| Untracked 
| 588|0x00000000a4c00000, 0x00000000a4c00000, 0x00000000a4d00000|  0%| F|  |TAMS 0x00000000a4c00000| PB 0x00000000a4c00000| Untracked 
| 589|0x00000000a4d00000, 0x00000000a4d00000, 0x00000000a4e00000|  0%| F|  |TAMS 0x00000000a4d00000| PB 0x00000000a4d00000| Untracked 
| 590|0x00000000a4e00000, 0x00000000a4e00000, 0x00000000a4f00000|  0%| F|  |TAMS 0x00000000a4e00000| PB 0x00000000a4e00000| Untracked 
| 591|0x00000000a4f00000, 0x00000000a4f00000, 0x00000000a5000000|  0%| F|  |TAMS 0x00000000a4f00000| PB 0x00000000a4f00000| Untracked 
| 592|0x00000000a5000000, 0x00000000a5000000, 0x00000000a5100000|  0%| F|  |TAMS 0x00000000a5000000| PB 0x00000000a5000000| Untracked 
| 593|0x00000000a5100000, 0x00000000a5100000, 0x00000000a5200000|  0%| F|  |TAMS 0x00000000a5100000| PB 0x00000000a5100000| Untracked 
| 594|0x00000000a5200000, 0x00000000a5200000, 0x00000000a5300000|  0%| F|  |TAMS 0x00000000a5200000| PB 0x00000000a5200000| Untracked 
| 595|0x00000000a5300000, 0x00000000a5300000, 0x00000000a5400000|  0%| F|  |TAMS 0x00000000a5300000| PB 0x00000000a5300000| Untracked 
| 596|0x00000000a5400000, 0x00000000a5400000, 0x00000000a5500000|  0%| F|  |TAMS 0x00000000a5400000| PB 0x00000000a5400000| Untracked 
| 597|0x00000000a5500000, 0x00000000a5500000, 0x00000000a5600000|  0%| F|  |TAMS 0x00000000a5500000| PB 0x00000000a5500000| Untracked 
| 598|0x00000000a5600000, 0x00000000a5600000, 0x00000000a5700000|  0%| F|  |TAMS 0x00000000a5600000| PB 0x00000000a5600000| Untracked 
| 599|0x00000000a5700000, 0x00000000a5700000, 0x00000000a5800000|  0%| F|  |TAMS 0x00000000a5700000| PB 0x00000000a5700000| Untracked 
| 600|0x00000000a5800000, 0x00000000a5800000, 0x00000000a5900000|  0%| F|  |TAMS 0x00000000a5800000| PB 0x00000000a5800000| Untracked 
| 601|0x00000000a5900000, 0x00000000a5900000, 0x00000000a5a00000|  0%| F|  |TAMS 0x00000000a5900000| PB 0x00000000a5900000| Untracked 
| 602|0x00000000a5a00000, 0x00000000a5a00000, 0x00000000a5b00000|  0%| F|  |TAMS 0x00000000a5a00000| PB 0x00000000a5a00000| Untracked 
| 603|0x00000000a5b00000, 0x00000000a5b00000, 0x00000000a5c00000|  0%| F|  |TAMS 0x00000000a5b00000| PB 0x00000000a5b00000| Untracked 
| 604|0x00000000a5c00000, 0x00000000a5c00000, 0x00000000a5d00000|  0%| F|  |TAMS 0x00000000a5c00000| PB 0x00000000a5c00000| Untracked 
| 605|0x00000000a5d00000, 0x00000000a5d00000, 0x00000000a5e00000|  0%| F|  |TAMS 0x00000000a5d00000| PB 0x00000000a5d00000| Untracked 
| 606|0x00000000a5e00000, 0x00000000a5e00000, 0x00000000a5f00000|  0%| F|  |TAMS 0x00000000a5e00000| PB 0x00000000a5e00000| Untracked 
| 607|0x00000000a5f00000, 0x00000000a5f00000, 0x00000000a6000000|  0%| F|  |TAMS 0x00000000a5f00000| PB 0x00000000a5f00000| Untracked 
| 608|0x00000000a6000000, 0x00000000a6000000, 0x00000000a6100000|  0%| F|  |TAMS 0x00000000a6000000| PB 0x00000000a6000000| Untracked 
| 609|0x00000000a6100000, 0x00000000a6100000, 0x00000000a6200000|  0%| F|  |TAMS 0x00000000a6100000| PB 0x00000000a6100000| Untracked 
| 610|0x00000000a6200000, 0x00000000a6200000, 0x00000000a6300000|  0%| F|  |TAMS 0x00000000a6200000| PB 0x00000000a6200000| Untracked 
| 611|0x00000000a6300000, 0x00000000a6300000, 0x00000000a6400000|  0%| F|  |TAMS 0x00000000a6300000| PB 0x00000000a6300000| Untracked 
| 612|0x00000000a6400000, 0x00000000a6400000, 0x00000000a6500000|  0%| F|  |TAMS 0x00000000a6400000| PB 0x00000000a6400000| Untracked 
| 613|0x00000000a6500000, 0x00000000a6500000, 0x00000000a6600000|  0%| F|  |TAMS 0x00000000a6500000| PB 0x00000000a6500000| Untracked 
| 614|0x00000000a6600000, 0x00000000a6700000, 0x00000000a6700000|100%| O|  |TAMS 0x00000000a6600000| PB 0x00000000a6600000| Untracked 
| 615|0x00000000a6700000, 0x00000000a6800000, 0x00000000a6800000|100%| O|  |TAMS 0x00000000a6700000| PB 0x00000000a6700000| Untracked 
| 616|0x00000000a6800000, 0x00000000a6900000, 0x00000000a6900000|100%| O|  |TAMS 0x00000000a6800000| PB 0x00000000a6800000| Untracked 
| 617|0x00000000a6900000, 0x00000000a6a00000, 0x00000000a6a00000|100%| O|  |TAMS 0x00000000a6900000| PB 0x00000000a6900000| Untracked 
| 618|0x00000000a6a00000, 0x00000000a6b00000, 0x00000000a6b00000|100%| O|  |TAMS 0x00000000a6a00000| PB 0x00000000a6a00000| Untracked 
| 619|0x00000000a6b00000, 0x00000000a6c00000, 0x00000000a6c00000|100%| O|  |TAMS 0x00000000a6b00000| PB 0x00000000a6b00000| Untracked 
| 620|0x00000000a6c00000, 0x00000000a6d00000, 0x00000000a6d00000|100%| O|  |TAMS 0x00000000a6c00000| PB 0x00000000a6c00000| Untracked 
| 621|0x00000000a6d00000, 0x00000000a6e00000, 0x00000000a6e00000|100%| O|  |TAMS 0x00000000a6d00000| PB 0x00000000a6d00000| Untracked 
| 622|0x00000000a6e00000, 0x00000000a6f00000, 0x00000000a6f00000|100%| O|  |TAMS 0x00000000a6e00000| PB 0x00000000a6e00000| Untracked 
| 623|0x00000000a6f00000, 0x00000000a7000000, 0x00000000a7000000|100%| O|  |TAMS 0x00000000a6f00000| PB 0x00000000a6f00000| Untracked 
| 624|0x00000000a7000000, 0x00000000a7100000, 0x00000000a7100000|100%| O|  |TAMS 0x00000000a7000000| PB 0x00000000a7000000| Untracked 
| 625|0x00000000a7100000, 0x00000000a7200000, 0x00000000a7200000|100%| O|  |TAMS 0x00000000a7100000| PB 0x00000000a7100000| Untracked 
| 626|0x00000000a7200000, 0x00000000a7300000, 0x00000000a7300000|100%| O|  |TAMS 0x00000000a7200000| PB 0x00000000a7200000| Untracked 
| 627|0x00000000a7300000, 0x00000000a7400000, 0x00000000a7400000|100%| O|  |TAMS 0x00000000a7300000| PB 0x00000000a7300000| Untracked 
| 628|0x00000000a7400000, 0x00000000a7500000, 0x00000000a7500000|100%| O|  |TAMS 0x00000000a7400000| PB 0x00000000a7400000| Untracked 
| 629|0x00000000a7500000, 0x00000000a7600000, 0x00000000a7600000|100%| O|  |TAMS 0x00000000a7500000| PB 0x00000000a7500000| Untracked 
| 630|0x00000000a7600000, 0x00000000a7700000, 0x00000000a7700000|100%| O|  |TAMS 0x00000000a7600000| PB 0x00000000a7600000| Untracked 
| 631|0x00000000a7700000, 0x00000000a7800000, 0x00000000a7800000|100%| O|  |TAMS 0x00000000a7700000| PB 0x00000000a7700000| Untracked 
| 632|0x00000000a7800000, 0x00000000a7900000, 0x00000000a7900000|100%| O|  |TAMS 0x00000000a7800000| PB 0x00000000a7800000| Untracked 
| 633|0x00000000a7900000, 0x00000000a7a00000, 0x00000000a7a00000|100%| O|  |TAMS 0x00000000a7900000| PB 0x00000000a7900000| Untracked 
| 634|0x00000000a7a00000, 0x00000000a7b00000, 0x00000000a7b00000|100%| O|  |TAMS 0x00000000a7a00000| PB 0x00000000a7a00000| Untracked 
| 635|0x00000000a7b00000, 0x00000000a7c00000, 0x00000000a7c00000|100%| O|  |TAMS 0x00000000a7b00000| PB 0x00000000a7b00000| Untracked 
| 636|0x00000000a7c00000, 0x00000000a7d00000, 0x00000000a7d00000|100%| O|  |TAMS 0x00000000a7c00000| PB 0x00000000a7c00000| Untracked 
| 637|0x00000000a7d00000, 0x00000000a7e00000, 0x00000000a7e00000|100%| O|  |TAMS 0x00000000a7d00000| PB 0x00000000a7d00000| Untracked 
| 638|0x00000000a7e00000, 0x00000000a7f00000, 0x00000000a7f00000|100%| O|  |TAMS 0x00000000a7e00000| PB 0x00000000a7e00000| Untracked 
| 639|0x00000000a7f00000, 0x00000000a7f00000, 0x00000000a8000000|  0%| F|  |TAMS 0x00000000a7f00000| PB 0x00000000a7f00000| Untracked 
| 640|0x00000000a8000000, 0x00000000a8000000, 0x00000000a8100000|  0%| F|  |TAMS 0x00000000a8000000| PB 0x00000000a8000000| Untracked 
| 641|0x00000000a8100000, 0x00000000a8200000, 0x00000000a8200000|100%| O|  |TAMS 0x00000000a8100000| PB 0x00000000a8100000| Untracked 
| 642|0x00000000a8200000, 0x00000000a8200000, 0x00000000a8300000|  0%| F|  |TAMS 0x00000000a8200000| PB 0x00000000a8200000| Untracked 
| 643|0x00000000a8300000, 0x00000000a8400000, 0x00000000a8400000|100%| O|  |TAMS 0x00000000a8300000| PB 0x00000000a8300000| Untracked 
| 644|0x00000000a8400000, 0x00000000a8500000, 0x00000000a8500000|100%| O|  |TAMS 0x00000000a8400000| PB 0x00000000a8400000| Untracked 
| 645|0x00000000a8500000, 0x00000000a8600000, 0x00000000a8600000|100%| O|  |TAMS 0x00000000a8500000| PB 0x00000000a8500000| Untracked 
| 646|0x00000000a8600000, 0x00000000a8700000, 0x00000000a8700000|100%| O|  |TAMS 0x00000000a8600000| PB 0x00000000a8600000| Untracked 
| 647|0x00000000a8700000, 0x00000000a8800000, 0x00000000a8800000|100%| O|  |TAMS 0x00000000a8700000| PB 0x00000000a8700000| Untracked 
| 648|0x00000000a8800000, 0x00000000a8900000, 0x00000000a8900000|100%| O|  |TAMS 0x00000000a8800000| PB 0x00000000a8800000| Untracked 
| 649|0x00000000a8900000, 0x00000000a8a00000, 0x00000000a8a00000|100%| O|  |TAMS 0x00000000a8900000| PB 0x00000000a8900000| Untracked 
| 650|0x00000000a8a00000, 0x00000000a8b00000, 0x00000000a8b00000|100%| O|  |TAMS 0x00000000a8a00000| PB 0x00000000a8a00000| Untracked 
| 651|0x00000000a8b00000, 0x00000000a8c00000, 0x00000000a8c00000|100%| O|  |TAMS 0x00000000a8b00000| PB 0x00000000a8b00000| Untracked 
| 652|0x00000000a8c00000, 0x00000000a8d00000, 0x00000000a8d00000|100%| O|  |TAMS 0x00000000a8c00000| PB 0x00000000a8c00000| Untracked 
| 653|0x00000000a8d00000, 0x00000000a8e00000, 0x00000000a8e00000|100%| O|  |TAMS 0x00000000a8d00000| PB 0x00000000a8d00000| Untracked 
| 654|0x00000000a8e00000, 0x00000000a8f00000, 0x00000000a8f00000|100%| O|  |TAMS 0x00000000a8e00000| PB 0x00000000a8e00000| Untracked 
| 655|0x00000000a8f00000, 0x00000000a9000000, 0x00000000a9000000|100%| O|  |TAMS 0x00000000a8f00000| PB 0x00000000a8f00000| Untracked 
| 656|0x00000000a9000000, 0x00000000a9100000, 0x00000000a9100000|100%| O|  |TAMS 0x00000000a9000000| PB 0x00000000a9000000| Untracked 
| 657|0x00000000a9100000, 0x00000000a9200000, 0x00000000a9200000|100%| O|  |TAMS 0x00000000a9100000| PB 0x00000000a9100000| Untracked 
| 658|0x00000000a9200000, 0x00000000a9300000, 0x00000000a9300000|100%| O|  |TAMS 0x00000000a9200000| PB 0x00000000a9200000| Untracked 
| 659|0x00000000a9300000, 0x00000000a9400000, 0x00000000a9400000|100%| O|Cm|TAMS 0x00000000a9300000| PB 0x00000000a9300000| Complete 
| 660|0x00000000a9400000, 0x00000000a9500000, 0x00000000a9500000|100%| O|Cm|TAMS 0x00000000a9400000| PB 0x00000000a9400000| Complete 
| 661|0x00000000a9500000, 0x00000000a9600000, 0x00000000a9600000|100%| O|Cm|TAMS 0x00000000a9500000| PB 0x00000000a9500000| Complete 
| 662|0x00000000a9600000, 0x00000000a9700000, 0x00000000a9700000|100%| O|  |TAMS 0x00000000a9600000| PB 0x00000000a9600000| Untracked 
| 663|0x00000000a9700000, 0x00000000a9800000, 0x00000000a9800000|100%| O|Cm|TAMS 0x00000000a9700000| PB 0x00000000a9700000| Complete 
| 664|0x00000000a9800000, 0x00000000a98c0320, 0x00000000a9900000| 75%| O|  |TAMS 0x00000000a9800000| PB 0x00000000a9800000| Untracked 
| 665|0x00000000a9900000, 0x00000000a9900000, 0x00000000a9a00000|  0%| F|  |TAMS 0x00000000a9900000| PB 0x00000000a9900000| Untracked 
| 666|0x00000000a9a00000, 0x00000000a9a00000, 0x00000000a9b00000|  0%| F|  |TAMS 0x00000000a9a00000| PB 0x00000000a9a00000| Untracked 
| 667|0x00000000a9b00000, 0x00000000a9b00000, 0x00000000a9c00000|  0%| F|  |TAMS 0x00000000a9b00000| PB 0x00000000a9b00000| Untracked 
| 668|0x00000000a9c00000, 0x00000000a9c00000, 0x00000000a9d00000|  0%| F|  |TAMS 0x00000000a9c00000| PB 0x00000000a9c00000| Untracked 
| 669|0x00000000a9d00000, 0x00000000a9d00000, 0x00000000a9e00000|  0%| F|  |TAMS 0x00000000a9d00000| PB 0x00000000a9d00000| Untracked 
| 670|0x00000000a9e00000, 0x00000000a9e00000, 0x00000000a9f00000|  0%| F|  |TAMS 0x00000000a9e00000| PB 0x00000000a9e00000| Untracked 
| 671|0x00000000a9f00000, 0x00000000a9f00000, 0x00000000aa000000|  0%| F|  |TAMS 0x00000000a9f00000| PB 0x00000000a9f00000| Untracked 
| 672|0x00000000aa000000, 0x00000000aa000000, 0x00000000aa100000|  0%| F|  |TAMS 0x00000000aa000000| PB 0x00000000aa000000| Untracked 
| 673|0x00000000aa100000, 0x00000000aa100000, 0x00000000aa200000|  0%| F|  |TAMS 0x00000000aa100000| PB 0x00000000aa100000| Untracked 
| 674|0x00000000aa200000, 0x00000000aa200000, 0x00000000aa300000|  0%| F|  |TAMS 0x00000000aa200000| PB 0x00000000aa200000| Untracked 
| 675|0x00000000aa300000, 0x00000000aa300000, 0x00000000aa400000|  0%| F|  |TAMS 0x00000000aa300000| PB 0x00000000aa300000| Untracked 
| 676|0x00000000aa400000, 0x00000000aa400000, 0x00000000aa500000|  0%| F|  |TAMS 0x00000000aa400000| PB 0x00000000aa400000| Untracked 
| 677|0x00000000aa500000, 0x00000000aa500000, 0x00000000aa600000|  0%| F|  |TAMS 0x00000000aa500000| PB 0x00000000aa500000| Untracked 
| 678|0x00000000aa600000, 0x00000000aa600000, 0x00000000aa700000|  0%| F|  |TAMS 0x00000000aa600000| PB 0x00000000aa600000| Untracked 
| 679|0x00000000aa700000, 0x00000000aa700000, 0x00000000aa800000|  0%| F|  |TAMS 0x00000000aa700000| PB 0x00000000aa700000| Untracked 
| 680|0x00000000aa800000, 0x00000000aa800000, 0x00000000aa900000|  0%| F|  |TAMS 0x00000000aa800000| PB 0x00000000aa800000| Untracked 
| 681|0x00000000aa900000, 0x00000000aa900000, 0x00000000aaa00000|  0%| F|  |TAMS 0x00000000aa900000| PB 0x00000000aa900000| Untracked 
| 682|0x00000000aaa00000, 0x00000000aaa00000, 0x00000000aab00000|  0%| F|  |TAMS 0x00000000aaa00000| PB 0x00000000aaa00000| Untracked 
| 683|0x00000000aab00000, 0x00000000aab00000, 0x00000000aac00000|  0%| F|  |TAMS 0x00000000aab00000| PB 0x00000000aab00000| Untracked 
| 684|0x00000000aac00000, 0x00000000aac00000, 0x00000000aad00000|  0%| F|  |TAMS 0x00000000aac00000| PB 0x00000000aac00000| Untracked 
| 685|0x00000000aad00000, 0x00000000aad00000, 0x00000000aae00000|  0%| F|  |TAMS 0x00000000aad00000| PB 0x00000000aad00000| Untracked 
| 686|0x00000000aae00000, 0x00000000aae00000, 0x00000000aaf00000|  0%| F|  |TAMS 0x00000000aae00000| PB 0x00000000aae00000| Untracked 
| 687|0x00000000aaf00000, 0x00000000ab000000, 0x00000000ab000000|100%| O|Cm|TAMS 0x00000000aaf00000| PB 0x00000000aaf00000| Complete 
| 688|0x00000000ab000000, 0x00000000ab000000, 0x00000000ab100000|  0%| F|  |TAMS 0x00000000ab000000| PB 0x00000000ab000000| Untracked 
| 689|0x00000000ab100000, 0x00000000ab200000, 0x00000000ab200000|100%| O|Cm|TAMS 0x00000000ab100000| PB 0x00000000ab100000| Complete 
| 690|0x00000000ab200000, 0x00000000ab300000, 0x00000000ab300000|100%| O|Cm|TAMS 0x00000000ab200000| PB 0x00000000ab200000| Complete 
| 691|0x00000000ab300000, 0x00000000ab400000, 0x00000000ab400000|100%| O|Cm|TAMS 0x00000000ab300000| PB 0x00000000ab300000| Complete 
| 692|0x00000000ab400000, 0x00000000ab500000, 0x00000000ab500000|100%| O|Cm|TAMS 0x00000000ab400000| PB 0x00000000ab400000| Complete 
| 693|0x00000000ab500000, 0x00000000ab600000, 0x00000000ab600000|100%| O|Cm|TAMS 0x00000000ab500000| PB 0x00000000ab500000| Complete 
| 694|0x00000000ab600000, 0x00000000ab700000, 0x00000000ab700000|100%| O|Cm|TAMS 0x00000000ab600000| PB 0x00000000ab600000| Complete 
| 695|0x00000000ab700000, 0x00000000ab800000, 0x00000000ab800000|100%| O|Cm|TAMS 0x00000000ab700000| PB 0x00000000ab700000| Complete 
| 696|0x00000000ab800000, 0x00000000ab800000, 0x00000000ab900000|  0%| F|  |TAMS 0x00000000ab800000| PB 0x00000000ab800000| Untracked 
| 697|0x00000000ab900000, 0x00000000ab900000, 0x00000000aba00000|  0%| F|  |TAMS 0x00000000ab900000| PB 0x00000000ab900000| Untracked 
| 698|0x00000000aba00000, 0x00000000abb00000, 0x00000000abb00000|100%| O|Cm|TAMS 0x00000000aba00000| PB 0x00000000aba00000| Complete 
| 699|0x00000000abb00000, 0x00000000abc00000, 0x00000000abc00000|100%| O|Cm|TAMS 0x00000000abb00000| PB 0x00000000abb00000| Complete 
| 700|0x00000000abc00000, 0x00000000abd00000, 0x00000000abd00000|100%| O|Cm|TAMS 0x00000000abc00000| PB 0x00000000abc00000| Complete 
| 701|0x00000000abd00000, 0x00000000abe00000, 0x00000000abe00000|100%| O|Cm|TAMS 0x00000000abd00000| PB 0x00000000abd00000| Complete 
| 702|0x00000000abe00000, 0x00000000abf00000, 0x00000000abf00000|100%| O|Cm|TAMS 0x00000000abe00000| PB 0x00000000abe00000| Complete 
| 703|0x00000000abf00000, 0x00000000ac000000, 0x00000000ac000000|100%| O|Cm|TAMS 0x00000000abf00000| PB 0x00000000abf00000| Complete 
| 704|0x00000000ac000000, 0x00000000ac100000, 0x00000000ac100000|100%| O|Cm|TAMS 0x00000000ac000000| PB 0x00000000ac000000| Complete 
| 705|0x00000000ac100000, 0x00000000ac200000, 0x00000000ac200000|100%| O|Cm|TAMS 0x00000000ac100000| PB 0x00000000ac100000| Complete 
| 706|0x00000000ac200000, 0x00000000ac300000, 0x00000000ac300000|100%| O|Cm|TAMS 0x00000000ac200000| PB 0x00000000ac200000| Complete 
| 707|0x00000000ac300000, 0x00000000ac400000, 0x00000000ac400000|100%| O|Cm|TAMS 0x00000000ac300000| PB 0x00000000ac300000| Complete 
| 708|0x00000000ac400000, 0x00000000ac500000, 0x00000000ac500000|100%| O|Cm|TAMS 0x00000000ac400000| PB 0x00000000ac400000| Complete 
| 709|0x00000000ac500000, 0x00000000ac600000, 0x00000000ac600000|100%| O|Cm|TAMS 0x00000000ac500000| PB 0x00000000ac500000| Complete 
| 710|0x00000000ac600000, 0x00000000ac700000, 0x00000000ac700000|100%| O|Cm|TAMS 0x00000000ac600000| PB 0x00000000ac600000| Complete 
| 711|0x00000000ac700000, 0x00000000ac700000, 0x00000000ac800000|  0%| F|  |TAMS 0x00000000ac700000| PB 0x00000000ac700000| Untracked 
| 712|0x00000000ac800000, 0x00000000ac800000, 0x00000000ac900000|  0%| F|  |TAMS 0x00000000ac800000| PB 0x00000000ac800000| Untracked 
| 713|0x00000000ac900000, 0x00000000ac900000, 0x00000000aca00000|  0%| F|  |TAMS 0x00000000ac900000| PB 0x00000000ac900000| Untracked 
| 714|0x00000000aca00000, 0x00000000acb00000, 0x00000000acb00000|100%| O|Cm|TAMS 0x00000000aca00000| PB 0x00000000aca00000| Complete 
| 715|0x00000000acb00000, 0x00000000acc00000, 0x00000000acc00000|100%| O|Cm|TAMS 0x00000000acb00000| PB 0x00000000acb00000| Complete 
| 716|0x00000000acc00000, 0x00000000acc00000, 0x00000000acd00000|  0%| F|  |TAMS 0x00000000acc00000| PB 0x00000000acc00000| Untracked 
| 717|0x00000000acd00000, 0x00000000ace00000, 0x00000000ace00000|100%| O|Cm|TAMS 0x00000000acd00000| PB 0x00000000acd00000| Complete 
| 718|0x00000000ace00000, 0x00000000acf00000, 0x00000000acf00000|100%| O|Cm|TAMS 0x00000000ace00000| PB 0x00000000ace00000| Complete 
| 719|0x00000000acf00000, 0x00000000acf00000, 0x00000000ad000000|  0%| F|  |TAMS 0x00000000acf00000| PB 0x00000000acf00000| Untracked 
| 720|0x00000000ad000000, 0x00000000ad000000, 0x00000000ad100000|  0%| F|  |TAMS 0x00000000ad000000| PB 0x00000000ad000000| Untracked 
| 721|0x00000000ad100000, 0x00000000ad200000, 0x00000000ad200000|100%| O|Cm|TAMS 0x00000000ad100000| PB 0x00000000ad100000| Complete 
| 722|0x00000000ad200000, 0x00000000ad300000, 0x00000000ad300000|100%| O|Cm|TAMS 0x00000000ad200000| PB 0x00000000ad200000| Complete 
| 723|0x00000000ad300000, 0x00000000ad300000, 0x00000000ad400000|  0%| F|  |TAMS 0x00000000ad300000| PB 0x00000000ad300000| Untracked 
| 724|0x00000000ad400000, 0x00000000ad400000, 0x00000000ad500000|  0%| F|  |TAMS 0x00000000ad400000| PB 0x00000000ad400000| Untracked 
| 725|0x00000000ad500000, 0x00000000ad600000, 0x00000000ad600000|100%| O|Cm|TAMS 0x00000000ad500000| PB 0x00000000ad500000| Complete 
| 726|0x00000000ad600000, 0x00000000ad700000, 0x00000000ad700000|100%| O|Cm|TAMS 0x00000000ad600000| PB 0x00000000ad600000| Complete 
| 727|0x00000000ad700000, 0x00000000ad800000, 0x00000000ad800000|100%| O|Cm|TAMS 0x00000000ad700000| PB 0x00000000ad700000| Complete 
| 728|0x00000000ad800000, 0x00000000ad800000, 0x00000000ad900000|  0%| F|  |TAMS 0x00000000ad800000| PB 0x00000000ad800000| Untracked 
| 729|0x00000000ad900000, 0x00000000ad900000, 0x00000000ada00000|  0%| F|  |TAMS 0x00000000ad900000| PB 0x00000000ad900000| Untracked 
| 730|0x00000000ada00000, 0x00000000adb00000, 0x00000000adb00000|100%| O|Cm|TAMS 0x00000000ada00000| PB 0x00000000ada00000| Complete 
| 731|0x00000000adb00000, 0x00000000adc00000, 0x00000000adc00000|100%| O|Cm|TAMS 0x00000000adb00000| PB 0x00000000adb00000| Complete 
| 732|0x00000000adc00000, 0x00000000add00000, 0x00000000add00000|100%| O|Cm|TAMS 0x00000000adc00000| PB 0x00000000adc00000| Complete 
| 733|0x00000000add00000, 0x00000000add00000, 0x00000000ade00000|  0%| F|  |TAMS 0x00000000add00000| PB 0x00000000add00000| Untracked 
| 734|0x00000000ade00000, 0x00000000ade00000, 0x00000000adf00000|  0%| F|  |TAMS 0x00000000ade00000| PB 0x00000000ade00000| Untracked 
| 735|0x00000000adf00000, 0x00000000ae000000, 0x00000000ae000000|100%| O|Cm|TAMS 0x00000000adf00000| PB 0x00000000adf00000| Complete 
| 736|0x00000000ae000000, 0x00000000ae000000, 0x00000000ae100000|  0%| F|  |TAMS 0x00000000ae000000| PB 0x00000000ae000000| Untracked 
| 737|0x00000000ae100000, 0x00000000ae200000, 0x00000000ae200000|100%| O|Cm|TAMS 0x00000000ae100000| PB 0x00000000ae100000| Complete 
| 738|0x00000000ae200000, 0x00000000ae300000, 0x00000000ae300000|100%| O|Cm|TAMS 0x00000000ae200000| PB 0x00000000ae200000| Complete 
| 739|0x00000000ae300000, 0x00000000ae400000, 0x00000000ae400000|100%| O|Cm|TAMS 0x00000000ae300000| PB 0x00000000ae300000| Complete 
| 740|0x00000000ae400000, 0x00000000ae500000, 0x00000000ae500000|100%| O|Cm|TAMS 0x00000000ae400000| PB 0x00000000ae400000| Complete 
| 741|0x00000000ae500000, 0x00000000ae600000, 0x00000000ae600000|100%| O|Cm|TAMS 0x00000000ae500000| PB 0x00000000ae500000| Complete 
| 742|0x00000000ae600000, 0x00000000ae700000, 0x00000000ae700000|100%| O|Cm|TAMS 0x00000000ae600000| PB 0x00000000ae600000| Complete 
| 743|0x00000000ae700000, 0x00000000ae700000, 0x00000000ae800000|  0%| F|  |TAMS 0x00000000ae700000| PB 0x00000000ae700000| Untracked 
| 744|0x00000000ae800000, 0x00000000ae800000, 0x00000000ae900000|  0%| F|  |TAMS 0x00000000ae800000| PB 0x00000000ae800000| Untracked 
| 745|0x00000000ae900000, 0x00000000ae900000, 0x00000000aea00000|  0%| F|  |TAMS 0x00000000ae900000| PB 0x00000000ae900000| Untracked 
| 746|0x00000000aea00000, 0x00000000aea00000, 0x00000000aeb00000|  0%| F|  |TAMS 0x00000000aea00000| PB 0x00000000aea00000| Untracked 
| 747|0x00000000aeb00000, 0x00000000aeb00000, 0x00000000aec00000|  0%| F|  |TAMS 0x00000000aeb00000| PB 0x00000000aeb00000| Untracked 
| 748|0x00000000aec00000, 0x00000000aec00000, 0x00000000aed00000|  0%| F|  |TAMS 0x00000000aec00000| PB 0x00000000aec00000| Untracked 
| 749|0x00000000aed00000, 0x00000000aed00000, 0x00000000aee00000|  0%| F|  |TAMS 0x00000000aed00000| PB 0x00000000aed00000| Untracked 
| 750|0x00000000aee00000, 0x00000000aee00000, 0x00000000aef00000|  0%| F|  |TAMS 0x00000000aee00000| PB 0x00000000aee00000| Untracked 
| 751|0x00000000aef00000, 0x00000000aef00000, 0x00000000af000000|  0%| F|  |TAMS 0x00000000aef00000| PB 0x00000000aef00000| Untracked 
| 752|0x00000000af000000, 0x00000000af000000, 0x00000000af100000|  0%| F|  |TAMS 0x00000000af000000| PB 0x00000000af000000| Untracked 
| 753|0x00000000af100000, 0x00000000af100000, 0x00000000af200000|  0%| F|  |TAMS 0x00000000af100000| PB 0x00000000af100000| Untracked 
| 754|0x00000000af200000, 0x00000000af200000, 0x00000000af300000|  0%| F|  |TAMS 0x00000000af200000| PB 0x00000000af200000| Untracked 
| 755|0x00000000af300000, 0x00000000af300000, 0x00000000af400000|  0%| F|  |TAMS 0x00000000af300000| PB 0x00000000af300000| Untracked 
| 756|0x00000000af400000, 0x00000000af400000, 0x00000000af500000|  0%| F|  |TAMS 0x00000000af400000| PB 0x00000000af400000| Untracked 
| 757|0x00000000af500000, 0x00000000af500000, 0x00000000af600000|  0%| F|  |TAMS 0x00000000af500000| PB 0x00000000af500000| Untracked 
| 758|0x00000000af600000, 0x00000000af600000, 0x00000000af700000|  0%| F|  |TAMS 0x00000000af600000| PB 0x00000000af600000| Untracked 
| 759|0x00000000af700000, 0x00000000af700000, 0x00000000af800000|  0%| F|  |TAMS 0x00000000af700000| PB 0x00000000af700000| Untracked 
| 760|0x00000000af800000, 0x00000000af800000, 0x00000000af900000|  0%| F|  |TAMS 0x00000000af800000| PB 0x00000000af800000| Untracked 
| 761|0x00000000af900000, 0x00000000af900000, 0x00000000afa00000|  0%| F|  |TAMS 0x00000000af900000| PB 0x00000000af900000| Untracked 
| 762|0x00000000afa00000, 0x00000000afa00000, 0x00000000afb00000|  0%| F|  |TAMS 0x00000000afa00000| PB 0x00000000afa00000| Untracked 
| 763|0x00000000afb00000, 0x00000000afb00000, 0x00000000afc00000|  0%| F|  |TAMS 0x00000000afb00000| PB 0x00000000afb00000| Untracked 
| 764|0x00000000afc00000, 0x00000000afc00000, 0x00000000afd00000|  0%| F|  |TAMS 0x00000000afc00000| PB 0x00000000afc00000| Untracked 
| 765|0x00000000afd00000, 0x00000000afd00000, 0x00000000afe00000|  0%| F|  |TAMS 0x00000000afd00000| PB 0x00000000afd00000| Untracked 
| 766|0x00000000afe00000, 0x00000000afe00000, 0x00000000aff00000|  0%| F|  |TAMS 0x00000000afe00000| PB 0x00000000afe00000| Untracked 
| 767|0x00000000aff00000, 0x00000000aff00000, 0x00000000b0000000|  0%| F|  |TAMS 0x00000000aff00000| PB 0x00000000aff00000| Untracked 
| 768|0x00000000b0000000, 0x00000000b0000000, 0x00000000b0100000|  0%| F|  |TAMS 0x00000000b0000000| PB 0x00000000b0000000| Untracked 
| 769|0x00000000b0100000, 0x00000000b0100000, 0x00000000b0200000|  0%| F|  |TAMS 0x00000000b0100000| PB 0x00000000b0100000| Untracked 
| 770|0x00000000b0200000, 0x00000000b0200000, 0x00000000b0300000|  0%| F|  |TAMS 0x00000000b0200000| PB 0x00000000b0200000| Untracked 
| 771|0x00000000b0300000, 0x00000000b0300000, 0x00000000b0400000|  0%| F|  |TAMS 0x00000000b0300000| PB 0x00000000b0300000| Untracked 
| 772|0x00000000b0400000, 0x00000000b0400000, 0x00000000b0500000|  0%| F|  |TAMS 0x00000000b0400000| PB 0x00000000b0400000| Untracked 
| 773|0x00000000b0500000, 0x00000000b0500000, 0x00000000b0600000|  0%| F|  |TAMS 0x00000000b0500000| PB 0x00000000b0500000| Untracked 
| 774|0x00000000b0600000, 0x00000000b0600000, 0x00000000b0700000|  0%| F|  |TAMS 0x00000000b0600000| PB 0x00000000b0600000| Untracked 
| 775|0x00000000b0700000, 0x00000000b0700000, 0x00000000b0800000|  0%| F|  |TAMS 0x00000000b0700000| PB 0x00000000b0700000| Untracked 
| 776|0x00000000b0800000, 0x00000000b0800000, 0x00000000b0900000|  0%| F|  |TAMS 0x00000000b0800000| PB 0x00000000b0800000| Untracked 
| 777|0x00000000b0900000, 0x00000000b0a00000, 0x00000000b0a00000|100%| O|Cm|TAMS 0x00000000b0900000| PB 0x00000000b0900000| Complete 
| 778|0x00000000b0a00000, 0x00000000b0a00000, 0x00000000b0b00000|  0%| F|  |TAMS 0x00000000b0a00000| PB 0x00000000b0a00000| Untracked 
| 779|0x00000000b0b00000, 0x00000000b0b00000, 0x00000000b0c00000|  0%| F|  |TAMS 0x00000000b0b00000| PB 0x00000000b0b00000| Untracked 
| 780|0x00000000b0c00000, 0x00000000b0d00000, 0x00000000b0d00000|100%| O|Cm|TAMS 0x00000000b0c00000| PB 0x00000000b0c00000| Complete 
| 781|0x00000000b0d00000, 0x00000000b0e00000, 0x00000000b0e00000|100%| O|Cm|TAMS 0x00000000b0d00000| PB 0x00000000b0d00000| Complete 
| 782|0x00000000b0e00000, 0x00000000b0f00000, 0x00000000b0f00000|100%| O|Cm|TAMS 0x00000000b0e00000| PB 0x00000000b0e00000| Complete 
| 783|0x00000000b0f00000, 0x00000000b0f00000, 0x00000000b1000000|  0%| F|  |TAMS 0x00000000b0f00000| PB 0x00000000b0f00000| Untracked 
| 784|0x00000000b1000000, 0x00000000b1000000, 0x00000000b1100000|  0%| F|  |TAMS 0x00000000b1000000| PB 0x00000000b1000000| Untracked 
| 785|0x00000000b1100000, 0x00000000b1200000, 0x00000000b1200000|100%| O|Cm|TAMS 0x00000000b1100000| PB 0x00000000b1100000| Complete 
| 786|0x00000000b1200000, 0x00000000b1200000, 0x00000000b1300000|  0%| F|  |TAMS 0x00000000b1200000| PB 0x00000000b1200000| Untracked 
| 787|0x00000000b1300000, 0x00000000b1300000, 0x00000000b1400000|  0%| F|  |TAMS 0x00000000b1300000| PB 0x00000000b1300000| Untracked 
| 788|0x00000000b1400000, 0x00000000b1400000, 0x00000000b1500000|  0%| F|  |TAMS 0x00000000b1400000| PB 0x00000000b1400000| Untracked 
| 789|0x00000000b1500000, 0x00000000b1500000, 0x00000000b1600000|  0%| F|  |TAMS 0x00000000b1500000| PB 0x00000000b1500000| Untracked 
| 790|0x00000000b1600000, 0x00000000b1700000, 0x00000000b1700000|100%| O|Cm|TAMS 0x00000000b1600000| PB 0x00000000b1600000| Complete 
| 791|0x00000000b1700000, 0x00000000b1800000, 0x00000000b1800000|100%| O|Cm|TAMS 0x00000000b1700000| PB 0x00000000b1700000| Complete 
| 792|0x00000000b1800000, 0x00000000b1900000, 0x00000000b1900000|100%| O|Cm|TAMS 0x00000000b1800000| PB 0x00000000b1800000| Complete 
| 793|0x00000000b1900000, 0x00000000b1900000, 0x00000000b1a00000|  0%| F|  |TAMS 0x00000000b1900000| PB 0x00000000b1900000| Untracked 
| 794|0x00000000b1a00000, 0x00000000b1b00000, 0x00000000b1b00000|100%| O|Cm|TAMS 0x00000000b1a00000| PB 0x00000000b1a00000| Complete 
| 795|0x00000000b1b00000, 0x00000000b1c00000, 0x00000000b1c00000|100%| O|Cm|TAMS 0x00000000b1b00000| PB 0x00000000b1b00000| Complete 
| 796|0x00000000b1c00000, 0x00000000b1d00000, 0x00000000b1d00000|100%| O|Cm|TAMS 0x00000000b1c00000| PB 0x00000000b1c00000| Complete 
| 797|0x00000000b1d00000, 0x00000000b1e00000, 0x00000000b1e00000|100%| O|Cm|TAMS 0x00000000b1d00000| PB 0x00000000b1d00000| Complete 
| 798|0x00000000b1e00000, 0x00000000b1e00000, 0x00000000b1f00000|  0%| F|  |TAMS 0x00000000b1e00000| PB 0x00000000b1e00000| Untracked 
| 799|0x00000000b1f00000, 0x00000000b1f00000, 0x00000000b2000000|  0%| F|  |TAMS 0x00000000b1f00000| PB 0x00000000b1f00000| Untracked 
| 800|0x00000000b2000000, 0x00000000b2000000, 0x00000000b2100000|  0%| F|  |TAMS 0x00000000b2000000| PB 0x00000000b2000000| Untracked 
| 801|0x00000000b2100000, 0x00000000b2200000, 0x00000000b2200000|100%| O|Cm|TAMS 0x00000000b2100000| PB 0x00000000b2100000| Complete 
| 802|0x00000000b2200000, 0x00000000b2300000, 0x00000000b2300000|100%| O|Cm|TAMS 0x00000000b2200000| PB 0x00000000b2200000| Complete 
| 803|0x00000000b2300000, 0x00000000b2300000, 0x00000000b2400000|  0%| F|  |TAMS 0x00000000b2300000| PB 0x00000000b2300000| Untracked 
| 804|0x00000000b2400000, 0x00000000b2500000, 0x00000000b2500000|100%| O|Cm|TAMS 0x00000000b2400000| PB 0x00000000b2400000| Complete 
| 805|0x00000000b2500000, 0x00000000b2600000, 0x00000000b2600000|100%| O|Cm|TAMS 0x00000000b2500000| PB 0x00000000b2500000| Complete 
| 806|0x00000000b2600000, 0x00000000b2700000, 0x00000000b2700000|100%| O|Cm|TAMS 0x00000000b2600000| PB 0x00000000b2600000| Complete 
| 807|0x00000000b2700000, 0x00000000b2800000, 0x00000000b2800000|100%| O|Cm|TAMS 0x00000000b2700000| PB 0x00000000b2700000| Complete 
| 808|0x00000000b2800000, 0x00000000b2900000, 0x00000000b2900000|100%| O|Cm|TAMS 0x00000000b2800000| PB 0x00000000b2800000| Complete 
| 809|0x00000000b2900000, 0x00000000b2a00000, 0x00000000b2a00000|100%| O|Cm|TAMS 0x00000000b2900000| PB 0x00000000b2900000| Complete 
| 810|0x00000000b2a00000, 0x00000000b2b00000, 0x00000000b2b00000|100%| O|Cm|TAMS 0x00000000b2a00000| PB 0x00000000b2a00000| Complete 
| 811|0x00000000b2b00000, 0x00000000b2c00000, 0x00000000b2c00000|100%| O|Cm|TAMS 0x00000000b2b00000| PB 0x00000000b2b00000| Complete 
| 812|0x00000000b2c00000, 0x00000000b2d00000, 0x00000000b2d00000|100%| O|Cm|TAMS 0x00000000b2c00000| PB 0x00000000b2c00000| Complete 
| 813|0x00000000b2d00000, 0x00000000b2e00000, 0x00000000b2e00000|100%| O|Cm|TAMS 0x00000000b2d00000| PB 0x00000000b2d00000| Complete 
| 814|0x00000000b2e00000, 0x00000000b2f00000, 0x00000000b2f00000|100%| O|Cm|TAMS 0x00000000b2e00000| PB 0x00000000b2e00000| Complete 
| 815|0x00000000b2f00000, 0x00000000b3000000, 0x00000000b3000000|100%| O|Cm|TAMS 0x00000000b2f00000| PB 0x00000000b2f00000| Complete 
| 816|0x00000000b3000000, 0x00000000b3100000, 0x00000000b3100000|100%| O|Cm|TAMS 0x00000000b3000000| PB 0x00000000b3000000| Complete 
| 817|0x00000000b3100000, 0x00000000b3200000, 0x00000000b3200000|100%| O|Cm|TAMS 0x00000000b3100000| PB 0x00000000b3100000| Complete 
| 818|0x00000000b3200000, 0x00000000b3300000, 0x00000000b3300000|100%| O|Cm|TAMS 0x00000000b3200000| PB 0x00000000b3200000| Complete 
| 819|0x00000000b3300000, 0x00000000b3400000, 0x00000000b3400000|100%| O|Cm|TAMS 0x00000000b3300000| PB 0x00000000b3300000| Complete 
| 820|0x00000000b3400000, 0x00000000b3500000, 0x00000000b3500000|100%| O|Cm|TAMS 0x00000000b3400000| PB 0x00000000b3400000| Complete 
| 821|0x00000000b3500000, 0x00000000b3600000, 0x00000000b3600000|100%| O|Cm|TAMS 0x00000000b3500000| PB 0x00000000b3500000| Complete 
| 822|0x00000000b3600000, 0x00000000b3700000, 0x00000000b3700000|100%| O|Cm|TAMS 0x00000000b3600000| PB 0x00000000b3600000| Complete 
| 823|0x00000000b3700000, 0x00000000b3700000, 0x00000000b3800000|  0%| F|  |TAMS 0x00000000b3700000| PB 0x00000000b3700000| Untracked 
| 824|0x00000000b3800000, 0x00000000b3900000, 0x00000000b3900000|100%| O|Cm|TAMS 0x00000000b3800000| PB 0x00000000b3800000| Complete 
| 825|0x00000000b3900000, 0x00000000b3a00000, 0x00000000b3a00000|100%| O|Cm|TAMS 0x00000000b3900000| PB 0x00000000b3900000| Complete 
| 826|0x00000000b3a00000, 0x00000000b3b00000, 0x00000000b3b00000|100%| O|Cm|TAMS 0x00000000b3a00000| PB 0x00000000b3a00000| Complete 
| 827|0x00000000b3b00000, 0x00000000b3b00000, 0x00000000b3c00000|  0%| F|  |TAMS 0x00000000b3b00000| PB 0x00000000b3b00000| Untracked 
| 828|0x00000000b3c00000, 0x00000000b3d00000, 0x00000000b3d00000|100%| O|Cm|TAMS 0x00000000b3c00000| PB 0x00000000b3c00000| Complete 
| 829|0x00000000b3d00000, 0x00000000b3d00000, 0x00000000b3e00000|  0%| F|  |TAMS 0x00000000b3d00000| PB 0x00000000b3d00000| Untracked 
| 830|0x00000000b3e00000, 0x00000000b3f00000, 0x00000000b3f00000|100%| O|Cm|TAMS 0x00000000b3e00000| PB 0x00000000b3e00000| Complete 
| 831|0x00000000b3f00000, 0x00000000b3f00000, 0x00000000b4000000|  0%| F|  |TAMS 0x00000000b3f00000| PB 0x00000000b3f00000| Untracked 
| 832|0x00000000b4000000, 0x00000000b4000000, 0x00000000b4100000|  0%| F|  |TAMS 0x00000000b4000000| PB 0x00000000b4000000| Untracked 
| 833|0x00000000b4100000, 0x00000000b4100000, 0x00000000b4200000|  0%| F|  |TAMS 0x00000000b4100000| PB 0x00000000b4100000| Untracked 
| 834|0x00000000b4200000, 0x00000000b4200000, 0x00000000b4300000|  0%| F|  |TAMS 0x00000000b4200000| PB 0x00000000b4200000| Untracked 
| 835|0x00000000b4300000, 0x00000000b4300000, 0x00000000b4400000|  0%| F|  |TAMS 0x00000000b4300000| PB 0x00000000b4300000| Untracked 
| 836|0x00000000b4400000, 0x00000000b4400000, 0x00000000b4500000|  0%| F|  |TAMS 0x00000000b4400000| PB 0x00000000b4400000| Untracked 
| 837|0x00000000b4500000, 0x00000000b4500000, 0x00000000b4600000|  0%| F|  |TAMS 0x00000000b4500000| PB 0x00000000b4500000| Untracked 
| 838|0x00000000b4600000, 0x00000000b4600000, 0x00000000b4700000|  0%| F|  |TAMS 0x00000000b4600000| PB 0x00000000b4600000| Untracked 
| 839|0x00000000b4700000, 0x00000000b4800000, 0x00000000b4800000|100%| O|Cm|TAMS 0x00000000b4700000| PB 0x00000000b4700000| Complete 
| 840|0x00000000b4800000, 0x00000000b4800000, 0x00000000b4900000|  0%| F|  |TAMS 0x00000000b4800000| PB 0x00000000b4800000| Untracked 
| 841|0x00000000b4900000, 0x00000000b4a00000, 0x00000000b4a00000|100%| O|Cm|TAMS 0x00000000b4900000| PB 0x00000000b4900000| Complete 
| 842|0x00000000b4a00000, 0x00000000b4a00000, 0x00000000b4b00000|  0%| F|  |TAMS 0x00000000b4a00000| PB 0x00000000b4a00000| Untracked 
| 843|0x00000000b4b00000, 0x00000000b4b00000, 0x00000000b4c00000|  0%| F|  |TAMS 0x00000000b4b00000| PB 0x00000000b4b00000| Untracked 
| 844|0x00000000b4c00000, 0x00000000b4d00000, 0x00000000b4d00000|100%| O|Cm|TAMS 0x00000000b4c00000| PB 0x00000000b4c00000| Complete 
| 845|0x00000000b4d00000, 0x00000000b4e00000, 0x00000000b4e00000|100%| O|Cm|TAMS 0x00000000b4d00000| PB 0x00000000b4d00000| Complete 
| 846|0x00000000b4e00000, 0x00000000b4f00000, 0x00000000b4f00000|100%| O|Cm|TAMS 0x00000000b4e00000| PB 0x00000000b4e00000| Complete 
| 847|0x00000000b4f00000, 0x00000000b4f00000, 0x00000000b5000000|  0%| F|  |TAMS 0x00000000b4f00000| PB 0x00000000b4f00000| Untracked 
| 848|0x00000000b5000000, 0x00000000b5100000, 0x00000000b5100000|100%| O|Cm|TAMS 0x00000000b5000000| PB 0x00000000b5000000| Complete 
| 849|0x00000000b5100000, 0x00000000b5100000, 0x00000000b5200000|  0%| F|  |TAMS 0x00000000b5100000| PB 0x00000000b5100000| Untracked 
| 850|0x00000000b5200000, 0x00000000b5200000, 0x00000000b5300000|  0%| F|  |TAMS 0x00000000b5200000| PB 0x00000000b5200000| Untracked 
| 851|0x00000000b5300000, 0x00000000b5400000, 0x00000000b5400000|100%| O|Cm|TAMS 0x00000000b5300000| PB 0x00000000b5300000| Complete 
| 852|0x00000000b5400000, 0x00000000b5500000, 0x00000000b5500000|100%| O|Cm|TAMS 0x00000000b5400000| PB 0x00000000b5400000| Complete 
| 853|0x00000000b5500000, 0x00000000b5500000, 0x00000000b5600000|  0%| F|  |TAMS 0x00000000b5500000| PB 0x00000000b5500000| Untracked 
| 854|0x00000000b5600000, 0x00000000b5700000, 0x00000000b5700000|100%| O|Cm|TAMS 0x00000000b5600000| PB 0x00000000b5600000| Complete 
| 855|0x00000000b5700000, 0x00000000b5800000, 0x00000000b5800000|100%| O|Cm|TAMS 0x00000000b5700000| PB 0x00000000b5700000| Complete 
| 856|0x00000000b5800000, 0x00000000b5900000, 0x00000000b5900000|100%| O|Cm|TAMS 0x00000000b5800000| PB 0x00000000b5800000| Complete 
| 857|0x00000000b5900000, 0x00000000b5a00000, 0x00000000b5a00000|100%| O|Cm|TAMS 0x00000000b5900000| PB 0x00000000b5900000| Complete 
| 858|0x00000000b5a00000, 0x00000000b5b00000, 0x00000000b5b00000|100%| O|Cm|TAMS 0x00000000b5a00000| PB 0x00000000b5a00000| Complete 
| 859|0x00000000b5b00000, 0x00000000b5c00000, 0x00000000b5c00000|100%| O|Cm|TAMS 0x00000000b5b00000| PB 0x00000000b5b00000| Complete 
| 860|0x00000000b5c00000, 0x00000000b5d00000, 0x00000000b5d00000|100%| O|Cm|TAMS 0x00000000b5c00000| PB 0x00000000b5c00000| Complete 
| 861|0x00000000b5d00000, 0x00000000b5e00000, 0x00000000b5e00000|100%| O|Cm|TAMS 0x00000000b5d00000| PB 0x00000000b5d00000| Complete 
| 862|0x00000000b5e00000, 0x00000000b5f00000, 0x00000000b5f00000|100%| O|Cm|TAMS 0x00000000b5e00000| PB 0x00000000b5e00000| Complete 
| 863|0x00000000b5f00000, 0x00000000b6000000, 0x00000000b6000000|100%| O|Cm|TAMS 0x00000000b5f00000| PB 0x00000000b5f00000| Complete 
| 864|0x00000000b6000000, 0x00000000b6100000, 0x00000000b6100000|100%| O|Cm|TAMS 0x00000000b6000000| PB 0x00000000b6000000| Complete 
| 865|0x00000000b6100000, 0x00000000b6100000, 0x00000000b6200000|  0%| F|  |TAMS 0x00000000b6100000| PB 0x00000000b6100000| Untracked 
| 866|0x00000000b6200000, 0x00000000b6300000, 0x00000000b6300000|100%| O|Cm|TAMS 0x00000000b6200000| PB 0x00000000b6200000| Complete 
| 867|0x00000000b6300000, 0x00000000b6400000, 0x00000000b6400000|100%| O|Cm|TAMS 0x00000000b6300000| PB 0x00000000b6300000| Complete 
| 868|0x00000000b6400000, 0x00000000b6500000, 0x00000000b6500000|100%| O|Cm|TAMS 0x00000000b6400000| PB 0x00000000b6400000| Complete 
| 869|0x00000000b6500000, 0x00000000b6600000, 0x00000000b6600000|100%| O|Cm|TAMS 0x00000000b6500000| PB 0x00000000b6500000| Complete 
| 870|0x00000000b6600000, 0x00000000b6700000, 0x00000000b6700000|100%| O|Cm|TAMS 0x00000000b6600000| PB 0x00000000b6600000| Complete 
| 871|0x00000000b6700000, 0x00000000b6800000, 0x00000000b6800000|100%| O|Cm|TAMS 0x00000000b6700000| PB 0x00000000b6700000| Complete 
| 872|0x00000000b6800000, 0x00000000b6900000, 0x00000000b6900000|100%| O|Cm|TAMS 0x00000000b6800000| PB 0x00000000b6800000| Complete 
| 873|0x00000000b6900000, 0x00000000b6a00000, 0x00000000b6a00000|100%| O|Cm|TAMS 0x00000000b6900000| PB 0x00000000b6900000| Complete 
| 874|0x00000000b6a00000, 0x00000000b6b00000, 0x00000000b6b00000|100%| O|Cm|TAMS 0x00000000b6a00000| PB 0x00000000b6a00000| Complete 
| 875|0x00000000b6b00000, 0x00000000b6c00000, 0x00000000b6c00000|100%| O|Cm|TAMS 0x00000000b6b00000| PB 0x00000000b6b00000| Complete 
| 876|0x00000000b6c00000, 0x00000000b6d00000, 0x00000000b6d00000|100%| O|Cm|TAMS 0x00000000b6c00000| PB 0x00000000b6c00000| Complete 
| 877|0x00000000b6d00000, 0x00000000b6e00000, 0x00000000b6e00000|100%| O|Cm|TAMS 0x00000000b6d00000| PB 0x00000000b6d00000| Complete 
| 878|0x00000000b6e00000, 0x00000000b6f00000, 0x00000000b6f00000|100%| O|Cm|TAMS 0x00000000b6e00000| PB 0x00000000b6e00000| Complete 
| 879|0x00000000b6f00000, 0x00000000b7000000, 0x00000000b7000000|100%| O|Cm|TAMS 0x00000000b6f00000| PB 0x00000000b6f00000| Complete 
| 880|0x00000000b7000000, 0x00000000b7100000, 0x00000000b7100000|100%| O|Cm|TAMS 0x00000000b7000000| PB 0x00000000b7000000| Complete 
| 881|0x00000000b7100000, 0x00000000b7200000, 0x00000000b7200000|100%| O|Cm|TAMS 0x00000000b7100000| PB 0x00000000b7100000| Complete 
| 882|0x00000000b7200000, 0x00000000b7200000, 0x00000000b7300000|  0%| F|  |TAMS 0x00000000b7200000| PB 0x00000000b7200000| Untracked 
| 883|0x00000000b7300000, 0x00000000b7400000, 0x00000000b7400000|100%| O|Cm|TAMS 0x00000000b7300000| PB 0x00000000b7300000| Complete 
| 884|0x00000000b7400000, 0x00000000b7500000, 0x00000000b7500000|100%| O|Cm|TAMS 0x00000000b7400000| PB 0x00000000b7400000| Complete 
| 885|0x00000000b7500000, 0x00000000b7600000, 0x00000000b7600000|100%| O|Cm|TAMS 0x00000000b7500000| PB 0x00000000b7500000| Complete 
| 886|0x00000000b7600000, 0x00000000b7700000, 0x00000000b7700000|100%| O|Cm|TAMS 0x00000000b7600000| PB 0x00000000b7600000| Complete 
| 887|0x00000000b7700000, 0x00000000b7800000, 0x00000000b7800000|100%| O|Cm|TAMS 0x00000000b7700000| PB 0x00000000b7700000| Complete 
| 888|0x00000000b7800000, 0x00000000b7800000, 0x00000000b7900000|  0%| F|  |TAMS 0x00000000b7800000| PB 0x00000000b7800000| Untracked 
| 889|0x00000000b7900000, 0x00000000b7a00000, 0x00000000b7a00000|100%| O|Cm|TAMS 0x00000000b7900000| PB 0x00000000b7900000| Complete 
| 890|0x00000000b7a00000, 0x00000000b7b00000, 0x00000000b7b00000|100%| O|Cm|TAMS 0x00000000b7a00000| PB 0x00000000b7a00000| Complete 
| 891|0x00000000b7b00000, 0x00000000b7b00000, 0x00000000b7c00000|  0%| F|  |TAMS 0x00000000b7b00000| PB 0x00000000b7b00000| Untracked 
| 892|0x00000000b7c00000, 0x00000000b7c00000, 0x00000000b7d00000|  0%| F|  |TAMS 0x00000000b7c00000| PB 0x00000000b7c00000| Untracked 
| 893|0x00000000b7d00000, 0x00000000b7d00000, 0x00000000b7e00000|  0%| F|  |TAMS 0x00000000b7d00000| PB 0x00000000b7d00000| Untracked 
| 894|0x00000000b7e00000, 0x00000000b7e00000, 0x00000000b7f00000|  0%| F|  |TAMS 0x00000000b7e00000| PB 0x00000000b7e00000| Untracked 
| 895|0x00000000b7f00000, 0x00000000b7f00000, 0x00000000b8000000|  0%| F|  |TAMS 0x00000000b7f00000| PB 0x00000000b7f00000| Untracked 
| 896|0x00000000b8000000, 0x00000000b8000000, 0x00000000b8100000|  0%| F|  |TAMS 0x00000000b8000000| PB 0x00000000b8000000| Untracked 
| 897|0x00000000b8100000, 0x00000000b8100000, 0x00000000b8200000|  0%| F|  |TAMS 0x00000000b8100000| PB 0x00000000b8100000| Untracked 
| 898|0x00000000b8200000, 0x00000000b8200000, 0x00000000b8300000|  0%| F|  |TAMS 0x00000000b8200000| PB 0x00000000b8200000| Untracked 
| 899|0x00000000b8300000, 0x00000000b8300000, 0x00000000b8400000|  0%| F|  |TAMS 0x00000000b8300000| PB 0x00000000b8300000| Untracked 
| 900|0x00000000b8400000, 0x00000000b8400000, 0x00000000b8500000|  0%| F|  |TAMS 0x00000000b8400000| PB 0x00000000b8400000| Untracked 
| 901|0x00000000b8500000, 0x00000000b8500000, 0x00000000b8600000|  0%| F|  |TAMS 0x00000000b8500000| PB 0x00000000b8500000| Untracked 
| 902|0x00000000b8600000, 0x00000000b8600000, 0x00000000b8700000|  0%| F|  |TAMS 0x00000000b8600000| PB 0x00000000b8600000| Untracked 
| 903|0x00000000b8700000, 0x00000000b8700000, 0x00000000b8800000|  0%| F|  |TAMS 0x00000000b8700000| PB 0x00000000b8700000| Untracked 
| 904|0x00000000b8800000, 0x00000000b8800000, 0x00000000b8900000|  0%| F|  |TAMS 0x00000000b8800000| PB 0x00000000b8800000| Untracked 
| 905|0x00000000b8900000, 0x00000000b8900000, 0x00000000b8a00000|  0%| F|  |TAMS 0x00000000b8900000| PB 0x00000000b8900000| Untracked 
| 906|0x00000000b8a00000, 0x00000000b8a00000, 0x00000000b8b00000|  0%| F|  |TAMS 0x00000000b8a00000| PB 0x00000000b8a00000| Untracked 
| 907|0x00000000b8b00000, 0x00000000b8b00000, 0x00000000b8c00000|  0%| F|  |TAMS 0x00000000b8b00000| PB 0x00000000b8b00000| Untracked 
| 908|0x00000000b8c00000, 0x00000000b8c00000, 0x00000000b8d00000|  0%| F|  |TAMS 0x00000000b8c00000| PB 0x00000000b8c00000| Untracked 
| 909|0x00000000b8d00000, 0x00000000b8d00000, 0x00000000b8e00000|  0%| F|  |TAMS 0x00000000b8d00000| PB 0x00000000b8d00000| Untracked 
| 910|0x00000000b8e00000, 0x00000000b8e00000, 0x00000000b8f00000|  0%| F|  |TAMS 0x00000000b8e00000| PB 0x00000000b8e00000| Untracked 
| 911|0x00000000b8f00000, 0x00000000b8f00000, 0x00000000b9000000|  0%| F|  |TAMS 0x00000000b8f00000| PB 0x00000000b8f00000| Untracked 
| 912|0x00000000b9000000, 0x00000000b9000000, 0x00000000b9100000|  0%| F|  |TAMS 0x00000000b9000000| PB 0x00000000b9000000| Untracked 
| 913|0x00000000b9100000, 0x00000000b9100000, 0x00000000b9200000|  0%| F|  |TAMS 0x00000000b9100000| PB 0x00000000b9100000| Untracked 
| 914|0x00000000b9200000, 0x00000000b9200000, 0x00000000b9300000|  0%| F|  |TAMS 0x00000000b9200000| PB 0x00000000b9200000| Untracked 
| 915|0x00000000b9300000, 0x00000000b9300000, 0x00000000b9400000|  0%| F|  |TAMS 0x00000000b9300000| PB 0x00000000b9300000| Untracked 
| 916|0x00000000b9400000, 0x00000000b9400000, 0x00000000b9500000|  0%| F|  |TAMS 0x00000000b9400000| PB 0x00000000b9400000| Untracked 
| 917|0x00000000b9500000, 0x00000000b9600000, 0x00000000b9600000|100%|HS|  |TAMS 0x00000000b9500000| PB 0x00000000b9500000| Complete 
| 918|0x00000000b9600000, 0x00000000b9700000, 0x00000000b9700000|100%|HC|  |TAMS 0x00000000b9600000| PB 0x00000000b9600000| Complete 
| 919|0x00000000b9700000, 0x00000000b9800000, 0x00000000b9800000|100%|HS|  |TAMS 0x00000000b9700000| PB 0x00000000b9700000| Complete 
| 920|0x00000000b9800000, 0x00000000b9900000, 0x00000000b9900000|100%|HC|  |TAMS 0x00000000b9800000| PB 0x00000000b9800000| Complete 
| 921|0x00000000b9900000, 0x00000000b9a00000, 0x00000000b9a00000|100%|HS|  |TAMS 0x00000000b9900000| PB 0x00000000b9900000| Complete 
| 922|0x00000000b9a00000, 0x00000000b9b00000, 0x00000000b9b00000|100%|HC|  |TAMS 0x00000000b9a00000| PB 0x00000000b9a00000| Complete 
| 923|0x00000000b9b00000, 0x00000000b9c00000, 0x00000000b9c00000|100%|HC|  |TAMS 0x00000000b9b00000| PB 0x00000000b9b00000| Complete 
| 924|0x00000000b9c00000, 0x00000000b9d00000, 0x00000000b9d00000|100%|HS|  |TAMS 0x00000000b9c00000| PB 0x00000000b9c00000| Complete 
| 925|0x00000000b9d00000, 0x00000000b9e00000, 0x00000000b9e00000|100%|HC|  |TAMS 0x00000000b9d00000| PB 0x00000000b9d00000| Complete 
| 926|0x00000000b9e00000, 0x00000000b9f00000, 0x00000000b9f00000|100%|HS|  |TAMS 0x00000000b9e00000| PB 0x00000000b9e00000| Complete 
| 927|0x00000000b9f00000, 0x00000000ba000000, 0x00000000ba000000|100%|HC|  |TAMS 0x00000000b9f00000| PB 0x00000000b9f00000| Complete 
| 928|0x00000000ba000000, 0x00000000ba100000, 0x00000000ba100000|100%|HS|  |TAMS 0x00000000ba000000| PB 0x00000000ba000000| Complete 
| 929|0x00000000ba100000, 0x00000000ba200000, 0x00000000ba200000|100%|HC|  |TAMS 0x00000000ba100000| PB 0x00000000ba100000| Complete 
| 930|0x00000000ba200000, 0x00000000ba300000, 0x00000000ba300000|100%|HS|  |TAMS 0x00000000ba200000| PB 0x00000000ba200000| Complete 
| 931|0x00000000ba300000, 0x00000000ba400000, 0x00000000ba400000|100%|HC|  |TAMS 0x00000000ba300000| PB 0x00000000ba300000| Complete 
| 932|0x00000000ba400000, 0x00000000ba500000, 0x00000000ba500000|100%|HC|  |TAMS 0x00000000ba400000| PB 0x00000000ba400000| Complete 
| 933|0x00000000ba500000, 0x00000000ba600000, 0x00000000ba600000|100%|HS|  |TAMS 0x00000000ba500000| PB 0x00000000ba500000| Complete 
| 934|0x00000000ba600000, 0x00000000ba700000, 0x00000000ba700000|100%|HS|  |TAMS 0x00000000ba600000| PB 0x00000000ba600000| Complete 
| 935|0x00000000ba700000, 0x00000000ba800000, 0x00000000ba800000|100%| O|Cm|TAMS 0x00000000ba700000| PB 0x00000000ba700000| Complete 
| 936|0x00000000ba800000, 0x00000000ba900000, 0x00000000ba900000|100%| O|  |TAMS 0x00000000ba800000| PB 0x00000000ba800000| Untracked 
| 937|0x00000000ba900000, 0x00000000baa00000, 0x00000000baa00000|100%| O|Cm|TAMS 0x00000000ba900000| PB 0x00000000ba900000| Complete 
| 938|0x00000000baa00000, 0x00000000bab00000, 0x00000000bab00000|100%| O|Cm|TAMS 0x00000000baa00000| PB 0x00000000baa00000| Complete 
| 939|0x00000000bab00000, 0x00000000bac00000, 0x00000000bac00000|100%| O|  |TAMS 0x00000000bab00000| PB 0x00000000bab00000| Untracked 
| 940|0x00000000bac00000, 0x00000000bad00000, 0x00000000bad00000|100%| O|Cm|TAMS 0x00000000bac00000| PB 0x00000000bac00000| Complete 
| 941|0x00000000bad00000, 0x00000000bae00000, 0x00000000bae00000|100%| O|Cm|TAMS 0x00000000bad00000| PB 0x00000000bad00000| Complete 
| 942|0x00000000bae00000, 0x00000000baf00000, 0x00000000baf00000|100%| O|  |TAMS 0x00000000bae00000| PB 0x00000000bae00000| Untracked 
| 943|0x00000000baf00000, 0x00000000bb000000, 0x00000000bb000000|100%| O|Cm|TAMS 0x00000000baf00000| PB 0x00000000baf00000| Complete 
| 944|0x00000000bb000000, 0x00000000bb100000, 0x00000000bb100000|100%| O|  |TAMS 0x00000000bb000000| PB 0x00000000bb000000| Untracked 
| 945|0x00000000bb100000, 0x00000000bb200000, 0x00000000bb200000|100%| O|Cm|TAMS 0x00000000bb100000| PB 0x00000000bb100000| Complete 
| 946|0x00000000bb200000, 0x00000000bb300000, 0x00000000bb300000|100%| O|Cm|TAMS 0x00000000bb200000| PB 0x00000000bb200000| Complete 
| 947|0x00000000bb300000, 0x00000000bb400000, 0x00000000bb400000|100%| O|Cm|TAMS 0x00000000bb300000| PB 0x00000000bb300000| Complete 
| 948|0x00000000bb400000, 0x00000000bb500000, 0x00000000bb500000|100%| O|Cm|TAMS 0x00000000bb400000| PB 0x00000000bb400000| Complete 
| 949|0x00000000bb500000, 0x00000000bb600000, 0x00000000bb600000|100%| O|Cm|TAMS 0x00000000bb500000| PB 0x00000000bb500000| Complete 
| 950|0x00000000bb600000, 0x00000000bb700000, 0x00000000bb700000|100%| O|Cm|TAMS 0x00000000bb600000| PB 0x00000000bb600000| Complete 
| 951|0x00000000bb700000, 0x00000000bb800000, 0x00000000bb800000|100%| O|Cm|TAMS 0x00000000bb700000| PB 0x00000000bb700000| Complete 
| 952|0x00000000bb800000, 0x00000000bb900000, 0x00000000bb900000|100%| O|Cm|TAMS 0x00000000bb800000| PB 0x00000000bb800000| Complete 
| 953|0x00000000bb900000, 0x00000000bba00000, 0x00000000bba00000|100%| O|Cm|TAMS 0x00000000bb900000| PB 0x00000000bb900000| Complete 
| 954|0x00000000bba00000, 0x00000000bbb00000, 0x00000000bbb00000|100%| O|Cm|TAMS 0x00000000bba00000| PB 0x00000000bba00000| Complete 
| 955|0x00000000bbb00000, 0x00000000bbc00000, 0x00000000bbc00000|100%| O|Cm|TAMS 0x00000000bbb00000| PB 0x00000000bbb00000| Complete 
| 956|0x00000000bbc00000, 0x00000000bbd00000, 0x00000000bbd00000|100%|HS|  |TAMS 0x00000000bbc00000| PB 0x00000000bbc00000| Complete 
| 957|0x00000000bbd00000, 0x00000000bbe00000, 0x00000000bbe00000|100%|HS|  |TAMS 0x00000000bbd00000| PB 0x00000000bbd00000| Complete 
| 958|0x00000000bbe00000, 0x00000000bbf00000, 0x00000000bbf00000|100%|HC|  |TAMS 0x00000000bbe00000| PB 0x00000000bbe00000| Complete 
| 959|0x00000000bbf00000, 0x00000000bc000000, 0x00000000bc000000|100%|HS|  |TAMS 0x00000000bbf00000| PB 0x00000000bbf00000| Complete 
| 960|0x00000000bc000000, 0x00000000bc100000, 0x00000000bc100000|100%|HS|  |TAMS 0x00000000bc000000| PB 0x00000000bc000000| Complete 
| 961|0x00000000bc100000, 0x00000000bc200000, 0x00000000bc200000|100%|HS|  |TAMS 0x00000000bc100000| PB 0x00000000bc100000| Complete 
| 962|0x00000000bc200000, 0x00000000bc300000, 0x00000000bc300000|100%|HS|  |TAMS 0x00000000bc200000| PB 0x00000000bc200000| Complete 
| 963|0x00000000bc300000, 0x00000000bc400000, 0x00000000bc400000|100%|HC|  |TAMS 0x00000000bc300000| PB 0x00000000bc300000| Complete 
| 964|0x00000000bc400000, 0x00000000bc500000, 0x00000000bc500000|100%|HS|  |TAMS 0x00000000bc400000| PB 0x00000000bc400000| Complete 
| 965|0x00000000bc500000, 0x00000000bc600000, 0x00000000bc600000|100%| O|  |TAMS 0x00000000bc500000| PB 0x00000000bc500000| Untracked 
| 966|0x00000000bc600000, 0x00000000bc600000, 0x00000000bc700000|  0%| F|  |TAMS 0x00000000bc600000| PB 0x00000000bc600000| Untracked 
| 967|0x00000000bc700000, 0x00000000bc700000, 0x00000000bc800000|  0%| F|  |TAMS 0x00000000bc700000| PB 0x00000000bc700000| Untracked 
| 968|0x00000000bc800000, 0x00000000bc900000, 0x00000000bc900000|100%| O|Cm|TAMS 0x00000000bc800000| PB 0x00000000bc800000| Complete 
| 969|0x00000000bc900000, 0x00000000bc900000, 0x00000000bca00000|  0%| F|  |TAMS 0x00000000bc900000| PB 0x00000000bc900000| Untracked 
| 970|0x00000000bca00000, 0x00000000bca00000, 0x00000000bcb00000|  0%| F|  |TAMS 0x00000000bca00000| PB 0x00000000bca00000| Untracked 
| 971|0x00000000bcb00000, 0x00000000bcc00000, 0x00000000bcc00000|100%| O|Cm|TAMS 0x00000000bcb00000| PB 0x00000000bcb00000| Complete 
| 972|0x00000000bcc00000, 0x00000000bcd00000, 0x00000000bcd00000|100%| O|Cm|TAMS 0x00000000bcc00000| PB 0x00000000bcc00000| Complete 
| 973|0x00000000bcd00000, 0x00000000bcd00000, 0x00000000bce00000|  0%| F|  |TAMS 0x00000000bcd00000| PB 0x00000000bcd00000| Untracked 
| 974|0x00000000bce00000, 0x00000000bcf00000, 0x00000000bcf00000|100%| O|Cm|TAMS 0x00000000bce00000| PB 0x00000000bce00000| Complete 
| 975|0x00000000bcf00000, 0x00000000bd000000, 0x00000000bd000000|100%| O|Cm|TAMS 0x00000000bcf00000| PB 0x00000000bcf00000| Complete 
| 976|0x00000000bd000000, 0x00000000bd000000, 0x00000000bd100000|  0%| F|  |TAMS 0x00000000bd000000| PB 0x00000000bd000000| Untracked 
| 977|0x00000000bd100000, 0x00000000bd200000, 0x00000000bd200000|100%| O|Cm|TAMS 0x00000000bd100000| PB 0x00000000bd100000| Complete 
| 978|0x00000000bd200000, 0x00000000bd200000, 0x00000000bd300000|  0%| F|  |TAMS 0x00000000bd200000| PB 0x00000000bd200000| Untracked 
| 979|0x00000000bd300000, 0x00000000bd400000, 0x00000000bd400000|100%| O|Cm|TAMS 0x00000000bd300000| PB 0x00000000bd300000| Complete 
| 980|0x00000000bd400000, 0x00000000bd500000, 0x00000000bd500000|100%| O|Cm|TAMS 0x00000000bd400000| PB 0x00000000bd400000| Complete 
| 981|0x00000000bd500000, 0x00000000bd500000, 0x00000000bd600000|  0%| F|  |TAMS 0x00000000bd500000| PB 0x00000000bd500000| Untracked 
| 982|0x00000000bd600000, 0x00000000bd700000, 0x00000000bd700000|100%| O|Cm|TAMS 0x00000000bd600000| PB 0x00000000bd600000| Complete 
| 983|0x00000000bd700000, 0x00000000bd800000, 0x00000000bd800000|100%| O|Cm|TAMS 0x00000000bd700000| PB 0x00000000bd700000| Complete 
| 984|0x00000000bd800000, 0x00000000bd900000, 0x00000000bd900000|100%| O|  |TAMS 0x00000000bd800000| PB 0x00000000bd800000| Untracked 
| 985|0x00000000bd900000, 0x00000000bda00000, 0x00000000bda00000|100%| O|Cm|TAMS 0x00000000bd900000| PB 0x00000000bd900000| Complete 
| 986|0x00000000bda00000, 0x00000000bdb00000, 0x00000000bdb00000|100%| O|Cm|TAMS 0x00000000bda00000| PB 0x00000000bda00000| Complete 
| 987|0x00000000bdb00000, 0x00000000bdc00000, 0x00000000bdc00000|100%| O|  |TAMS 0x00000000bdb00000| PB 0x00000000bdb00000| Untracked 
| 988|0x00000000bdc00000, 0x00000000bdd00000, 0x00000000bdd00000|100%| O|Cm|TAMS 0x00000000bdc00000| PB 0x00000000bdc00000| Complete 
| 989|0x00000000bdd00000, 0x00000000bdd00000, 0x00000000bde00000|  0%| F|  |TAMS 0x00000000bdd00000| PB 0x00000000bdd00000| Untracked 
| 990|0x00000000bde00000, 0x00000000bdf00000, 0x00000000bdf00000|100%| O|  |TAMS 0x00000000bde00000| PB 0x00000000bde00000| Untracked 
| 991|0x00000000bdf00000, 0x00000000be000000, 0x00000000be000000|100%| O|Cm|TAMS 0x00000000bdf00000| PB 0x00000000bdf00000| Complete 
| 992|0x00000000be000000, 0x00000000be100000, 0x00000000be100000|100%| O|Cm|TAMS 0x00000000be000000| PB 0x00000000be000000| Complete 
| 993|0x00000000be100000, 0x00000000be200000, 0x00000000be200000|100%| O|Cm|TAMS 0x00000000be100000| PB 0x00000000be100000| Complete 
| 994|0x00000000be200000, 0x00000000be300000, 0x00000000be300000|100%| O|Cm|TAMS 0x00000000be200000| PB 0x00000000be200000| Complete 
| 995|0x00000000be300000, 0x00000000be400000, 0x00000000be400000|100%| O|Cm|TAMS 0x00000000be300000| PB 0x00000000be300000| Complete 
| 996|0x00000000be400000, 0x00000000be400000, 0x00000000be500000|  0%| F|  |TAMS 0x00000000be400000| PB 0x00000000be400000| Untracked 
| 997|0x00000000be500000, 0x00000000be600000, 0x00000000be600000|100%| O|Cm|TAMS 0x00000000be500000| PB 0x00000000be500000| Complete 
| 998|0x00000000be600000, 0x00000000be700000, 0x00000000be700000|100%| O|Cm|TAMS 0x00000000be600000| PB 0x00000000be600000| Complete 
| 999|0x00000000be700000, 0x00000000be700000, 0x00000000be800000|  0%| F|  |TAMS 0x00000000be700000| PB 0x00000000be700000| Untracked 
|1000|0x00000000be800000, 0x00000000be900000, 0x00000000be900000|100%| O|Cm|TAMS 0x00000000be800000| PB 0x00000000be800000| Complete 
|1001|0x00000000be900000, 0x00000000bea00000, 0x00000000bea00000|100%| O|Cm|TAMS 0x00000000be900000| PB 0x00000000be900000| Complete 
|1002|0x00000000bea00000, 0x00000000bea00000, 0x00000000beb00000|  0%| F|  |TAMS 0x00000000bea00000| PB 0x00000000bea00000| Untracked 
|1003|0x00000000beb00000, 0x00000000bec00000, 0x00000000bec00000|100%| O|Cm|TAMS 0x00000000beb00000| PB 0x00000000beb00000| Complete 
|1004|0x00000000bec00000, 0x00000000bed00000, 0x00000000bed00000|100%| O|Cm|TAMS 0x00000000bec00000| PB 0x00000000bec00000| Complete 
|1005|0x00000000bed00000, 0x00000000bed00000, 0x00000000bee00000|  0%| F|  |TAMS 0x00000000bed00000| PB 0x00000000bed00000| Untracked 
|1006|0x00000000bee00000, 0x00000000bef00000, 0x00000000bef00000|100%| O|Cm|TAMS 0x00000000bee00000| PB 0x00000000bee00000| Complete 
|1007|0x00000000bef00000, 0x00000000bf000000, 0x00000000bf000000|100%| O|Cm|TAMS 0x00000000bef00000| PB 0x00000000bef00000| Complete 
|1008|0x00000000bf000000, 0x00000000bf100000, 0x00000000bf100000|100%| O|Cm|TAMS 0x00000000bf000000| PB 0x00000000bf000000| Complete 
|1009|0x00000000bf100000, 0x00000000bf200000, 0x00000000bf200000|100%| O|Cm|TAMS 0x00000000bf100000| PB 0x00000000bf100000| Complete 
|1010|0x00000000bf200000, 0x00000000bf300000, 0x00000000bf300000|100%| O|Cm|TAMS 0x00000000bf200000| PB 0x00000000bf200000| Complete 
|1011|0x00000000bf300000, 0x00000000bf400000, 0x00000000bf400000|100%| O|Cm|TAMS 0x00000000bf300000| PB 0x00000000bf300000| Complete 
|1012|0x00000000bf400000, 0x00000000bf400000, 0x00000000bf500000|  0%| F|  |TAMS 0x00000000bf400000| PB 0x00000000bf400000| Untracked 
|1013|0x00000000bf500000, 0x00000000bf600000, 0x00000000bf600000|100%| O|Cm|TAMS 0x00000000bf500000| PB 0x00000000bf500000| Complete 
|1014|0x00000000bf600000, 0x00000000bf700000, 0x00000000bf700000|100%| O|Cm|TAMS 0x00000000bf600000| PB 0x00000000bf600000| Complete 
|1015|0x00000000bf700000, 0x00000000bf800000, 0x00000000bf800000|100%| O|Cm|TAMS 0x00000000bf700000| PB 0x00000000bf700000| Complete 
|1016|0x00000000bf800000, 0x00000000bf900000, 0x00000000bf900000|100%| O|Cm|TAMS 0x00000000bf800000| PB 0x00000000bf800000| Complete 
|1017|0x00000000bf900000, 0x00000000bf900000, 0x00000000bfa00000|  0%| F|  |TAMS 0x00000000bf900000| PB 0x00000000bf900000| Untracked 
|1018|0x00000000bfa00000, 0x00000000bfb00000, 0x00000000bfb00000|100%| O|Cm|TAMS 0x00000000bfa00000| PB 0x00000000bfa00000| Complete 
|1019|0x00000000bfb00000, 0x00000000bfc00000, 0x00000000bfc00000|100%| O|Cm|TAMS 0x00000000bfb00000| PB 0x00000000bfb00000| Complete 
|1020|0x00000000bfc00000, 0x00000000bfd00000, 0x00000000bfd00000|100%| O|Cm|TAMS 0x00000000bfc00000| PB 0x00000000bfc00000| Complete 
|1021|0x00000000bfd00000, 0x00000000bfd00000, 0x00000000bfe00000|  0%| F|  |TAMS 0x00000000bfd00000| PB 0x00000000bfd00000| Untracked 
|1022|0x00000000bfe00000, 0x00000000bff00000, 0x00000000bff00000|100%| O|Cm|TAMS 0x00000000bfe00000| PB 0x00000000bfe00000| Complete 
|1023|0x00000000bff00000, 0x00000000c0000000, 0x00000000c0000000|100%| O|Cm|TAMS 0x00000000bff00000| PB 0x00000000bff00000| Complete 
|1024|0x00000000c0000000, 0x00000000c0100000, 0x00000000c0100000|100%| O|Cm|TAMS 0x00000000c0000000| PB 0x00000000c0000000| Complete 
|1025|0x00000000c0100000, 0x00000000c0200000, 0x00000000c0200000|100%| O|Cm|TAMS 0x00000000c0100000| PB 0x00000000c0100000| Complete 
|1026|0x00000000c0200000, 0x00000000c0300000, 0x00000000c0300000|100%| O|  |TAMS 0x00000000c0200000| PB 0x00000000c0200000| Untracked 
|1027|0x00000000c0300000, 0x00000000c0300000, 0x00000000c0400000|  0%| F|  |TAMS 0x00000000c0300000| PB 0x00000000c0300000| Untracked 
|1028|0x00000000c0400000, 0x00000000c0500000, 0x00000000c0500000|100%| O|Cm|TAMS 0x00000000c0400000| PB 0x00000000c0400000| Complete 
|1029|0x00000000c0500000, 0x00000000c0600000, 0x00000000c0600000|100%| O|Cm|TAMS 0x00000000c0500000| PB 0x00000000c0500000| Complete 
|1030|0x00000000c0600000, 0x00000000c0700000, 0x00000000c0700000|100%| O|Cm|TAMS 0x00000000c0600000| PB 0x00000000c0600000| Complete 
|1031|0x00000000c0700000, 0x00000000c0800000, 0x00000000c0800000|100%| O|Cm|TAMS 0x00000000c0700000| PB 0x00000000c0700000| Complete 
|1032|0x00000000c0800000, 0x00000000c0800000, 0x00000000c0900000|  0%| F|  |TAMS 0x00000000c0800000| PB 0x00000000c0800000| Untracked 
|1033|0x00000000c0900000, 0x00000000c0a00000, 0x00000000c0a00000|100%| O|Cm|TAMS 0x00000000c0900000| PB 0x00000000c0900000| Complete 
|1034|0x00000000c0a00000, 0x00000000c0b00000, 0x00000000c0b00000|100%| O|Cm|TAMS 0x00000000c0a00000| PB 0x00000000c0a00000| Complete 
|1035|0x00000000c0b00000, 0x00000000c0c00000, 0x00000000c0c00000|100%| O|  |TAMS 0x00000000c0b00000| PB 0x00000000c0b00000| Untracked 
|1036|0x00000000c0c00000, 0x00000000c0d00000, 0x00000000c0d00000|100%| O|Cm|TAMS 0x00000000c0c00000| PB 0x00000000c0c00000| Complete 
|1037|0x00000000c0d00000, 0x00000000c0e00000, 0x00000000c0e00000|100%| O|Cm|TAMS 0x00000000c0d00000| PB 0x00000000c0d00000| Complete 
|1038|0x00000000c0e00000, 0x00000000c0f00000, 0x00000000c0f00000|100%| O|Cm|TAMS 0x00000000c0e00000| PB 0x00000000c0e00000| Complete 
|1039|0x00000000c0f00000, 0x00000000c0f00000, 0x00000000c1000000|  0%| F|  |TAMS 0x00000000c0f00000| PB 0x00000000c0f00000| Untracked 
|1040|0x00000000c1000000, 0x00000000c1100000, 0x00000000c1100000|100%| O|Cm|TAMS 0x00000000c1000000| PB 0x00000000c1000000| Complete 
|1041|0x00000000c1100000, 0x00000000c1200000, 0x00000000c1200000|100%| O|Cm|TAMS 0x00000000c1100000| PB 0x00000000c1100000| Complete 
|1042|0x00000000c1200000, 0x00000000c1300000, 0x00000000c1300000|100%| O|Cm|TAMS 0x00000000c1200000| PB 0x00000000c1200000| Complete 
|1043|0x00000000c1300000, 0x00000000c1400000, 0x00000000c1400000|100%| O|  |TAMS 0x00000000c1300000| PB 0x00000000c1300000| Untracked 
|1044|0x00000000c1400000, 0x00000000c1500000, 0x00000000c1500000|100%| O|Cm|TAMS 0x00000000c1400000| PB 0x00000000c1400000| Complete 
|1045|0x00000000c1500000, 0x00000000c1500000, 0x00000000c1600000|  0%| F|  |TAMS 0x00000000c1500000| PB 0x00000000c1500000| Untracked 
|1046|0x00000000c1600000, 0x00000000c1600000, 0x00000000c1700000|  0%| F|  |TAMS 0x00000000c1600000| PB 0x00000000c1600000| Untracked 
|1047|0x00000000c1700000, 0x00000000c1700000, 0x00000000c1800000|  0%| F|  |TAMS 0x00000000c1700000| PB 0x00000000c1700000| Untracked 
|1048|0x00000000c1800000, 0x00000000c1800000, 0x00000000c1900000|  0%| F|  |TAMS 0x00000000c1800000| PB 0x00000000c1800000| Untracked 
|1049|0x00000000c1900000, 0x00000000c1900000, 0x00000000c1a00000|  0%| F|  |TAMS 0x00000000c1900000| PB 0x00000000c1900000| Untracked 
|1050|0x00000000c1a00000, 0x00000000c1a00000, 0x00000000c1b00000|  0%| F|  |TAMS 0x00000000c1a00000| PB 0x00000000c1a00000| Untracked 
|1051|0x00000000c1b00000, 0x00000000c1b00000, 0x00000000c1c00000|  0%| F|  |TAMS 0x00000000c1b00000| PB 0x00000000c1b00000| Untracked 
|1052|0x00000000c1c00000, 0x00000000c1c00000, 0x00000000c1d00000|  0%| F|  |TAMS 0x00000000c1c00000| PB 0x00000000c1c00000| Untracked 
|1053|0x00000000c1d00000, 0x00000000c1d00000, 0x00000000c1e00000|  0%| F|  |TAMS 0x00000000c1d00000| PB 0x00000000c1d00000| Untracked 
|1054|0x00000000c1e00000, 0x00000000c1e00000, 0x00000000c1f00000|  0%| F|  |TAMS 0x00000000c1e00000| PB 0x00000000c1e00000| Untracked 
|1055|0x00000000c1f00000, 0x00000000c1f00000, 0x00000000c2000000|  0%| F|  |TAMS 0x00000000c1f00000| PB 0x00000000c1f00000| Untracked 
|1056|0x00000000c2000000, 0x00000000c2000000, 0x00000000c2100000|  0%| F|  |TAMS 0x00000000c2000000| PB 0x00000000c2000000| Untracked 
|1057|0x00000000c2100000, 0x00000000c2100000, 0x00000000c2200000|  0%| F|  |TAMS 0x00000000c2100000| PB 0x00000000c2100000| Untracked 
|1058|0x00000000c2200000, 0x00000000c2200000, 0x00000000c2300000|  0%| F|  |TAMS 0x00000000c2200000| PB 0x00000000c2200000| Untracked 
|1059|0x00000000c2300000, 0x00000000c2300000, 0x00000000c2400000|  0%| F|  |TAMS 0x00000000c2300000| PB 0x00000000c2300000| Untracked 
|1060|0x00000000c2400000, 0x00000000c2400000, 0x00000000c2500000|  0%| F|  |TAMS 0x00000000c2400000| PB 0x00000000c2400000| Untracked 
|1061|0x00000000c2500000, 0x00000000c2500000, 0x00000000c2600000|  0%| F|  |TAMS 0x00000000c2500000| PB 0x00000000c2500000| Untracked 
|1062|0x00000000c2600000, 0x00000000c2600000, 0x00000000c2700000|  0%| F|  |TAMS 0x00000000c2600000| PB 0x00000000c2600000| Untracked 
|1063|0x00000000c2700000, 0x00000000c2700000, 0x00000000c2800000|  0%| F|  |TAMS 0x00000000c2700000| PB 0x00000000c2700000| Untracked 
|1064|0x00000000c2800000, 0x00000000c2800000, 0x00000000c2900000|  0%| F|  |TAMS 0x00000000c2800000| PB 0x00000000c2800000| Untracked 
|1065|0x00000000c2900000, 0x00000000c2900000, 0x00000000c2a00000|  0%| F|  |TAMS 0x00000000c2900000| PB 0x00000000c2900000| Untracked 
|1066|0x00000000c2a00000, 0x00000000c2a00000, 0x00000000c2b00000|  0%| F|  |TAMS 0x00000000c2a00000| PB 0x00000000c2a00000| Untracked 
|1067|0x00000000c2b00000, 0x00000000c2b00000, 0x00000000c2c00000|  0%| F|  |TAMS 0x00000000c2b00000| PB 0x00000000c2b00000| Untracked 
|1068|0x00000000c2c00000, 0x00000000c2c00000, 0x00000000c2d00000|  0%| F|  |TAMS 0x00000000c2c00000| PB 0x00000000c2c00000| Untracked 
|1069|0x00000000c2d00000, 0x00000000c2d00000, 0x00000000c2e00000|  0%| F|  |TAMS 0x00000000c2d00000| PB 0x00000000c2d00000| Untracked 
|1070|0x00000000c2e00000, 0x00000000c2e00000, 0x00000000c2f00000|  0%| F|  |TAMS 0x00000000c2e00000| PB 0x00000000c2e00000| Untracked 
|1071|0x00000000c2f00000, 0x00000000c2f00000, 0x00000000c3000000|  0%| F|  |TAMS 0x00000000c2f00000| PB 0x00000000c2f00000| Untracked 
|1072|0x00000000c3000000, 0x00000000c3000000, 0x00000000c3100000|  0%| F|  |TAMS 0x00000000c3000000| PB 0x00000000c3000000| Untracked 
|1073|0x00000000c3100000, 0x00000000c3100000, 0x00000000c3200000|  0%| F|  |TAMS 0x00000000c3100000| PB 0x00000000c3100000| Untracked 
|1074|0x00000000c3200000, 0x00000000c3200000, 0x00000000c3300000|  0%| F|  |TAMS 0x00000000c3200000| PB 0x00000000c3200000| Untracked 
|1075|0x00000000c3300000, 0x00000000c3300000, 0x00000000c3400000|  0%| F|  |TAMS 0x00000000c3300000| PB 0x00000000c3300000| Untracked 
|1076|0x00000000c3400000, 0x00000000c3400000, 0x00000000c3500000|  0%| F|  |TAMS 0x00000000c3400000| PB 0x00000000c3400000| Untracked 
|1077|0x00000000c3500000, 0x00000000c3500000, 0x00000000c3600000|  0%| F|  |TAMS 0x00000000c3500000| PB 0x00000000c3500000| Untracked 
|1078|0x00000000c3600000, 0x00000000c3600000, 0x00000000c3700000|  0%| F|  |TAMS 0x00000000c3600000| PB 0x00000000c3600000| Untracked 
|1079|0x00000000c3700000, 0x00000000c3700000, 0x00000000c3800000|  0%| F|  |TAMS 0x00000000c3700000| PB 0x00000000c3700000| Untracked 
|1080|0x00000000c3800000, 0x00000000c3800000, 0x00000000c3900000|  0%| F|  |TAMS 0x00000000c3800000| PB 0x00000000c3800000| Untracked 
|1081|0x00000000c3900000, 0x00000000c3900000, 0x00000000c3a00000|  0%| F|  |TAMS 0x00000000c3900000| PB 0x00000000c3900000| Untracked 
|1082|0x00000000c3a00000, 0x00000000c3a00000, 0x00000000c3b00000|  0%| F|  |TAMS 0x00000000c3a00000| PB 0x00000000c3a00000| Untracked 
|1083|0x00000000c3b00000, 0x00000000c3b00000, 0x00000000c3c00000|  0%| F|  |TAMS 0x00000000c3b00000| PB 0x00000000c3b00000| Untracked 
|1084|0x00000000c3c00000, 0x00000000c3c00000, 0x00000000c3d00000|  0%| F|  |TAMS 0x00000000c3c00000| PB 0x00000000c3c00000| Untracked 
|1085|0x00000000c3d00000, 0x00000000c3d00000, 0x00000000c3e00000|  0%| F|  |TAMS 0x00000000c3d00000| PB 0x00000000c3d00000| Untracked 
|1086|0x00000000c3e00000, 0x00000000c3e00000, 0x00000000c3f00000|  0%| F|  |TAMS 0x00000000c3e00000| PB 0x00000000c3e00000| Untracked 
|1087|0x00000000c3f00000, 0x00000000c4000000, 0x00000000c4000000|100%| O|Cm|TAMS 0x00000000c3f00000| PB 0x00000000c3f00000| Complete 
|1088|0x00000000c4000000, 0x00000000c4100000, 0x00000000c4100000|100%| O|Cm|TAMS 0x00000000c4000000| PB 0x00000000c4000000| Complete 
|1089|0x00000000c4100000, 0x00000000c4200000, 0x00000000c4200000|100%| O|  |TAMS 0x00000000c4100000| PB 0x00000000c4100000| Untracked 
|1090|0x00000000c4200000, 0x00000000c4300000, 0x00000000c4300000|100%| O|Cm|TAMS 0x00000000c4200000| PB 0x00000000c4200000| Complete 
|1091|0x00000000c4300000, 0x00000000c4400000, 0x00000000c4400000|100%| O|Cm|TAMS 0x00000000c4300000| PB 0x00000000c4300000| Complete 
|1092|0x00000000c4400000, 0x00000000c4500000, 0x00000000c4500000|100%| O|Cm|TAMS 0x00000000c4400000| PB 0x00000000c4400000| Complete 
|1093|0x00000000c4500000, 0x00000000c4600000, 0x00000000c4600000|100%| O|Cm|TAMS 0x00000000c4500000| PB 0x00000000c4500000| Complete 
|1094|0x00000000c4600000, 0x00000000c4700000, 0x00000000c4700000|100%| O|Cm|TAMS 0x00000000c4600000| PB 0x00000000c4600000| Complete 
|1095|0x00000000c4700000, 0x00000000c4800000, 0x00000000c4800000|100%| O|Cm|TAMS 0x00000000c4700000| PB 0x00000000c4700000| Complete 
|1096|0x00000000c4800000, 0x00000000c4900000, 0x00000000c4900000|100%| O|Cm|TAMS 0x00000000c4800000| PB 0x00000000c4800000| Complete 
|1097|0x00000000c4900000, 0x00000000c4a00000, 0x00000000c4a00000|100%| O|Cm|TAMS 0x00000000c4900000| PB 0x00000000c4900000| Complete 
|1098|0x00000000c4a00000, 0x00000000c4b00000, 0x00000000c4b00000|100%| O|Cm|TAMS 0x00000000c4a00000| PB 0x00000000c4a00000| Complete 
|1099|0x00000000c4b00000, 0x00000000c4c00000, 0x00000000c4c00000|100%| O|Cm|TAMS 0x00000000c4b00000| PB 0x00000000c4b00000| Complete 
|1100|0x00000000c4c00000, 0x00000000c4d00000, 0x00000000c4d00000|100%| O|Cm|TAMS 0x00000000c4c00000| PB 0x00000000c4c00000| Complete 
|1101|0x00000000c4d00000, 0x00000000c4e00000, 0x00000000c4e00000|100%| O|Cm|TAMS 0x00000000c4d00000| PB 0x00000000c4d00000| Complete 
|1102|0x00000000c4e00000, 0x00000000c4f00000, 0x00000000c4f00000|100%| O|Cm|TAMS 0x00000000c4e00000| PB 0x00000000c4e00000| Complete 
|1103|0x00000000c4f00000, 0x00000000c5000000, 0x00000000c5000000|100%| O|Cm|TAMS 0x00000000c4f00000| PB 0x00000000c4f00000| Complete 
|1104|0x00000000c5000000, 0x00000000c5100000, 0x00000000c5100000|100%| O|Cm|TAMS 0x00000000c5000000| PB 0x00000000c5000000| Complete 
|1105|0x00000000c5100000, 0x00000000c5200000, 0x00000000c5200000|100%| O|Cm|TAMS 0x00000000c5100000| PB 0x00000000c5100000| Complete 
|1106|0x00000000c5200000, 0x00000000c5300000, 0x00000000c5300000|100%| O|Cm|TAMS 0x00000000c5200000| PB 0x00000000c5200000| Complete 
|1107|0x00000000c5300000, 0x00000000c5400000, 0x00000000c5400000|100%| O|Cm|TAMS 0x00000000c5300000| PB 0x00000000c5300000| Complete 
|1108|0x00000000c5400000, 0x00000000c5500000, 0x00000000c5500000|100%| O|Cm|TAMS 0x00000000c5400000| PB 0x00000000c5400000| Complete 
|1109|0x00000000c5500000, 0x00000000c5600000, 0x00000000c5600000|100%| O|Cm|TAMS 0x00000000c5500000| PB 0x00000000c5500000| Complete 
|1110|0x00000000c5600000, 0x00000000c5700000, 0x00000000c5700000|100%| O|Cm|TAMS 0x00000000c5600000| PB 0x00000000c5600000| Complete 
|1111|0x00000000c5700000, 0x00000000c5800000, 0x00000000c5800000|100%| O|Cm|TAMS 0x00000000c5700000| PB 0x00000000c5700000| Complete 
|1112|0x00000000c5800000, 0x00000000c5900000, 0x00000000c5900000|100%| O|Cm|TAMS 0x00000000c5800000| PB 0x00000000c5800000| Complete 
|1113|0x00000000c5900000, 0x00000000c5a00000, 0x00000000c5a00000|100%| O|Cm|TAMS 0x00000000c5900000| PB 0x00000000c5900000| Complete 
|1114|0x00000000c5a00000, 0x00000000c5b00000, 0x00000000c5b00000|100%| O|Cm|TAMS 0x00000000c5a00000| PB 0x00000000c5a00000| Complete 
|1115|0x00000000c5b00000, 0x00000000c5c00000, 0x00000000c5c00000|100%| O|Cm|TAMS 0x00000000c5b00000| PB 0x00000000c5b00000| Complete 
|1116|0x00000000c5c00000, 0x00000000c5d00000, 0x00000000c5d00000|100%| O|Cm|TAMS 0x00000000c5c00000| PB 0x00000000c5c00000| Complete 
|1117|0x00000000c5d00000, 0x00000000c5e00000, 0x00000000c5e00000|100%| O|Cm|TAMS 0x00000000c5d00000| PB 0x00000000c5d00000| Complete 
|1118|0x00000000c5e00000, 0x00000000c5f00000, 0x00000000c5f00000|100%| O|Cm|TAMS 0x00000000c5e00000| PB 0x00000000c5e00000| Complete 
|1119|0x00000000c5f00000, 0x00000000c6000000, 0x00000000c6000000|100%| O|Cm|TAMS 0x00000000c5f00000| PB 0x00000000c5f00000| Complete 
|1120|0x00000000c6000000, 0x00000000c6100000, 0x00000000c6100000|100%| O|Cm|TAMS 0x00000000c6000000| PB 0x00000000c6000000| Complete 
|1121|0x00000000c6100000, 0x00000000c6200000, 0x00000000c6200000|100%| O|Cm|TAMS 0x00000000c6100000| PB 0x00000000c6100000| Complete 
|1122|0x00000000c6200000, 0x00000000c6300000, 0x00000000c6300000|100%| O|Cm|TAMS 0x00000000c6200000| PB 0x00000000c6200000| Complete 
|1123|0x00000000c6300000, 0x00000000c6400000, 0x00000000c6400000|100%| O|Cm|TAMS 0x00000000c6300000| PB 0x00000000c6300000| Complete 
|1124|0x00000000c6400000, 0x00000000c6500000, 0x00000000c6500000|100%| O|Cm|TAMS 0x00000000c6400000| PB 0x00000000c6400000| Complete 
|1125|0x00000000c6500000, 0x00000000c6600000, 0x00000000c6600000|100%| O|Cm|TAMS 0x00000000c6500000| PB 0x00000000c6500000| Complete 
|1126|0x00000000c6600000, 0x00000000c6700000, 0x00000000c6700000|100%| O|Cm|TAMS 0x00000000c6600000| PB 0x00000000c6600000| Complete 
|1127|0x00000000c6700000, 0x00000000c6800000, 0x00000000c6800000|100%| O|Cm|TAMS 0x00000000c6700000| PB 0x00000000c6700000| Complete 
|1128|0x00000000c6800000, 0x00000000c6900000, 0x00000000c6900000|100%| O|Cm|TAMS 0x00000000c6800000| PB 0x00000000c6800000| Complete 
|1129|0x00000000c6900000, 0x00000000c6a00000, 0x00000000c6a00000|100%| O|Cm|TAMS 0x00000000c6900000| PB 0x00000000c6900000| Complete 
|1130|0x00000000c6a00000, 0x00000000c6b00000, 0x00000000c6b00000|100%| O|Cm|TAMS 0x00000000c6a00000| PB 0x00000000c6a00000| Complete 
|1131|0x00000000c6b00000, 0x00000000c6c00000, 0x00000000c6c00000|100%| O|Cm|TAMS 0x00000000c6b00000| PB 0x00000000c6b00000| Complete 
|1132|0x00000000c6c00000, 0x00000000c6d00000, 0x00000000c6d00000|100%| O|Cm|TAMS 0x00000000c6c00000| PB 0x00000000c6c00000| Complete 
|1133|0x00000000c6d00000, 0x00000000c6e00000, 0x00000000c6e00000|100%| O|Cm|TAMS 0x00000000c6d00000| PB 0x00000000c6d00000| Complete 
|1134|0x00000000c6e00000, 0x00000000c6f00000, 0x00000000c6f00000|100%| O|Cm|TAMS 0x00000000c6e00000| PB 0x00000000c6e00000| Complete 
|1135|0x00000000c6f00000, 0x00000000c7000000, 0x00000000c7000000|100%| O|Cm|TAMS 0x00000000c6f00000| PB 0x00000000c6f00000| Complete 
|1136|0x00000000c7000000, 0x00000000c7100000, 0x00000000c7100000|100%| O|Cm|TAMS 0x00000000c7000000| PB 0x00000000c7000000| Complete 
|1137|0x00000000c7100000, 0x00000000c7200000, 0x00000000c7200000|100%| O|Cm|TAMS 0x00000000c7100000| PB 0x00000000c7100000| Complete 
|1138|0x00000000c7200000, 0x00000000c7300000, 0x00000000c7300000|100%| O|Cm|TAMS 0x00000000c7200000| PB 0x00000000c7200000| Complete 
|1139|0x00000000c7300000, 0x00000000c7400000, 0x00000000c7400000|100%| O|Cm|TAMS 0x00000000c7300000| PB 0x00000000c7300000| Complete 
|1140|0x00000000c7400000, 0x00000000c7500000, 0x00000000c7500000|100%| O|Cm|TAMS 0x00000000c7400000| PB 0x00000000c7400000| Complete 
|1141|0x00000000c7500000, 0x00000000c7600000, 0x00000000c7600000|100%| O|Cm|TAMS 0x00000000c7500000| PB 0x00000000c7500000| Complete 
|1142|0x00000000c7600000, 0x00000000c7700000, 0x00000000c7700000|100%| O|Cm|TAMS 0x00000000c7600000| PB 0x00000000c7600000| Complete 
|1143|0x00000000c7700000, 0x00000000c7800000, 0x00000000c7800000|100%| O|Cm|TAMS 0x00000000c7700000| PB 0x00000000c7700000| Complete 
|1144|0x00000000c7800000, 0x00000000c7900000, 0x00000000c7900000|100%| O|Cm|TAMS 0x00000000c7800000| PB 0x00000000c7800000| Complete 
|1145|0x00000000c7900000, 0x00000000c7a00000, 0x00000000c7a00000|100%| O|Cm|TAMS 0x00000000c7900000| PB 0x00000000c7900000| Complete 
|1146|0x00000000c7a00000, 0x00000000c7b00000, 0x00000000c7b00000|100%| O|Cm|TAMS 0x00000000c7a00000| PB 0x00000000c7a00000| Complete 
|1147|0x00000000c7b00000, 0x00000000c7c00000, 0x00000000c7c00000|100%| O|Cm|TAMS 0x00000000c7b00000| PB 0x00000000c7b00000| Complete 
|1148|0x00000000c7c00000, 0x00000000c7d00000, 0x00000000c7d00000|100%| O|Cm|TAMS 0x00000000c7c00000| PB 0x00000000c7c00000| Complete 
|1149|0x00000000c7d00000, 0x00000000c7e00000, 0x00000000c7e00000|100%| O|Cm|TAMS 0x00000000c7d00000| PB 0x00000000c7d00000| Complete 
|1150|0x00000000c7e00000, 0x00000000c7f00000, 0x00000000c7f00000|100%| O|Cm|TAMS 0x00000000c7e00000| PB 0x00000000c7e00000| Complete 
|1151|0x00000000c7f00000, 0x00000000c8000000, 0x00000000c8000000|100%| O|Cm|TAMS 0x00000000c7f00000| PB 0x00000000c7f00000| Complete 
|1152|0x00000000c8000000, 0x00000000c8100000, 0x00000000c8100000|100%| O|Cm|TAMS 0x00000000c8000000| PB 0x00000000c8000000| Complete 
|1153|0x00000000c8100000, 0x00000000c8200000, 0x00000000c8200000|100%| O|Cm|TAMS 0x00000000c8100000| PB 0x00000000c8100000| Complete 
|1154|0x00000000c8200000, 0x00000000c8300000, 0x00000000c8300000|100%| O|Cm|TAMS 0x00000000c8200000| PB 0x00000000c8200000| Complete 
|1155|0x00000000c8300000, 0x00000000c8400000, 0x00000000c8400000|100%| O|Cm|TAMS 0x00000000c8300000| PB 0x00000000c8300000| Complete 
|1156|0x00000000c8400000, 0x00000000c8500000, 0x00000000c8500000|100%| O|Cm|TAMS 0x00000000c8400000| PB 0x00000000c8400000| Complete 
|1157|0x00000000c8500000, 0x00000000c8600000, 0x00000000c8600000|100%| O|Cm|TAMS 0x00000000c8500000| PB 0x00000000c8500000| Complete 
|1158|0x00000000c8600000, 0x00000000c8700000, 0x00000000c8700000|100%| O|Cm|TAMS 0x00000000c8600000| PB 0x00000000c8600000| Complete 
|1159|0x00000000c8700000, 0x00000000c8800000, 0x00000000c8800000|100%| O|Cm|TAMS 0x00000000c8700000| PB 0x00000000c8700000| Complete 
|1160|0x00000000c8800000, 0x00000000c8900000, 0x00000000c8900000|100%| O|Cm|TAMS 0x00000000c8800000| PB 0x00000000c8800000| Complete 
|1161|0x00000000c8900000, 0x00000000c8900000, 0x00000000c8a00000|  0%| F|  |TAMS 0x00000000c8900000| PB 0x00000000c8900000| Untracked 
|1162|0x00000000c8a00000, 0x00000000c8a00000, 0x00000000c8b00000|  0%| F|  |TAMS 0x00000000c8a00000| PB 0x00000000c8a00000| Untracked 
|1163|0x00000000c8b00000, 0x00000000c8c00000, 0x00000000c8c00000|100%| O|Cm|TAMS 0x00000000c8b00000| PB 0x00000000c8b00000| Complete 
|1164|0x00000000c8c00000, 0x00000000c8d00000, 0x00000000c8d00000|100%| O|Cm|TAMS 0x00000000c8c00000| PB 0x00000000c8c00000| Complete 
|1165|0x00000000c8d00000, 0x00000000c8d00000, 0x00000000c8e00000|  0%| F|  |TAMS 0x00000000c8d00000| PB 0x00000000c8d00000| Untracked 
|1166|0x00000000c8e00000, 0x00000000c8f00000, 0x00000000c8f00000|100%| O|Cm|TAMS 0x00000000c8e00000| PB 0x00000000c8e00000| Complete 
|1167|0x00000000c8f00000, 0x00000000c9000000, 0x00000000c9000000|100%| O|Cm|TAMS 0x00000000c8f00000| PB 0x00000000c8f00000| Complete 
|1168|0x00000000c9000000, 0x00000000c9100000, 0x00000000c9100000|100%| O|Cm|TAMS 0x00000000c9000000| PB 0x00000000c9000000| Complete 
|1169|0x00000000c9100000, 0x00000000c9200000, 0x00000000c9200000|100%| O|Cm|TAMS 0x00000000c9100000| PB 0x00000000c9100000| Complete 
|1170|0x00000000c9200000, 0x00000000c9200000, 0x00000000c9300000|  0%| F|  |TAMS 0x00000000c9200000| PB 0x00000000c9200000| Untracked 
|1171|0x00000000c9300000, 0x00000000c9400000, 0x00000000c9400000|100%| O|Cm|TAMS 0x00000000c9300000| PB 0x00000000c9300000| Complete 
|1172|0x00000000c9400000, 0x00000000c9400000, 0x00000000c9500000|  0%| F|  |TAMS 0x00000000c9400000| PB 0x00000000c9400000| Untracked 
|1173|0x00000000c9500000, 0x00000000c9600000, 0x00000000c9600000|100%| O|Cm|TAMS 0x00000000c9500000| PB 0x00000000c9500000| Complete 
|1174|0x00000000c9600000, 0x00000000c9700000, 0x00000000c9700000|100%| O|Cm|TAMS 0x00000000c9600000| PB 0x00000000c9600000| Complete 
|1175|0x00000000c9700000, 0x00000000c9800000, 0x00000000c9800000|100%| O|Cm|TAMS 0x00000000c9700000| PB 0x00000000c9700000| Complete 
|1176|0x00000000c9800000, 0x00000000c9900000, 0x00000000c9900000|100%| O|Cm|TAMS 0x00000000c9800000| PB 0x00000000c9800000| Complete 
|1177|0x00000000c9900000, 0x00000000c9900000, 0x00000000c9a00000|  0%| F|  |TAMS 0x00000000c9900000| PB 0x00000000c9900000| Untracked 
|1178|0x00000000c9a00000, 0x00000000c9a00000, 0x00000000c9b00000|  0%| F|  |TAMS 0x00000000c9a00000| PB 0x00000000c9a00000| Untracked 
|1179|0x00000000c9b00000, 0x00000000c9c00000, 0x00000000c9c00000|100%| O|Cm|TAMS 0x00000000c9b00000| PB 0x00000000c9b00000| Complete 
|1180|0x00000000c9c00000, 0x00000000c9d00000, 0x00000000c9d00000|100%| O|Cm|TAMS 0x00000000c9c00000| PB 0x00000000c9c00000| Complete 
|1181|0x00000000c9d00000, 0x00000000c9e00000, 0x00000000c9e00000|100%| O|Cm|TAMS 0x00000000c9d00000| PB 0x00000000c9d00000| Complete 
|1182|0x00000000c9e00000, 0x00000000c9e00000, 0x00000000c9f00000|  0%| F|  |TAMS 0x00000000c9e00000| PB 0x00000000c9e00000| Untracked 
|1183|0x00000000c9f00000, 0x00000000c9f00000, 0x00000000ca000000|  0%| F|  |TAMS 0x00000000c9f00000| PB 0x00000000c9f00000| Untracked 
|1184|0x00000000ca000000, 0x00000000ca100000, 0x00000000ca100000|100%| O|Cm|TAMS 0x00000000ca000000| PB 0x00000000ca000000| Complete 
|1185|0x00000000ca100000, 0x00000000ca100000, 0x00000000ca200000|  0%| F|  |TAMS 0x00000000ca100000| PB 0x00000000ca100000| Untracked 
|1186|0x00000000ca200000, 0x00000000ca300000, 0x00000000ca300000|100%| O|Cm|TAMS 0x00000000ca200000| PB 0x00000000ca200000| Complete 
|1187|0x00000000ca300000, 0x00000000ca300000, 0x00000000ca400000|  0%| F|  |TAMS 0x00000000ca300000| PB 0x00000000ca300000| Untracked 
|1188|0x00000000ca400000, 0x00000000ca400000, 0x00000000ca500000|  0%| F|  |TAMS 0x00000000ca400000| PB 0x00000000ca400000| Untracked 
|1189|0x00000000ca500000, 0x00000000ca500000, 0x00000000ca600000|  0%| F|  |TAMS 0x00000000ca500000| PB 0x00000000ca500000| Untracked 
|1190|0x00000000ca600000, 0x00000000ca700000, 0x00000000ca700000|100%| O|Cm|TAMS 0x00000000ca600000| PB 0x00000000ca600000| Complete 
|1191|0x00000000ca700000, 0x00000000ca700000, 0x00000000ca800000|  0%| F|  |TAMS 0x00000000ca700000| PB 0x00000000ca700000| Untracked 
|1192|0x00000000ca800000, 0x00000000ca800000, 0x00000000ca900000|  0%| F|  |TAMS 0x00000000ca800000| PB 0x00000000ca800000| Untracked 
|1193|0x00000000ca900000, 0x00000000ca900000, 0x00000000caa00000|  0%| F|  |TAMS 0x00000000ca900000| PB 0x00000000ca900000| Untracked 
|1194|0x00000000caa00000, 0x00000000caa00000, 0x00000000cab00000|  0%| F|  |TAMS 0x00000000caa00000| PB 0x00000000caa00000| Untracked 
|1195|0x00000000cab00000, 0x00000000cab00000, 0x00000000cac00000|  0%| F|  |TAMS 0x00000000cab00000| PB 0x00000000cab00000| Untracked 
|1196|0x00000000cac00000, 0x00000000cac00000, 0x00000000cad00000|  0%| F|  |TAMS 0x00000000cac00000| PB 0x00000000cac00000| Untracked 
|1197|0x00000000cad00000, 0x00000000cad00000, 0x00000000cae00000|  0%| F|  |TAMS 0x00000000cad00000| PB 0x00000000cad00000| Untracked 
|1198|0x00000000cae00000, 0x00000000cae00000, 0x00000000caf00000|  0%| F|  |TAMS 0x00000000cae00000| PB 0x00000000cae00000| Untracked 
|1199|0x00000000caf00000, 0x00000000caf00000, 0x00000000cb000000|  0%| F|  |TAMS 0x00000000caf00000| PB 0x00000000caf00000| Untracked 
|1200|0x00000000cb000000, 0x00000000cb000000, 0x00000000cb100000|  0%| F|  |TAMS 0x00000000cb000000| PB 0x00000000cb000000| Untracked 
|1201|0x00000000cb100000, 0x00000000cb100000, 0x00000000cb200000|  0%| F|  |TAMS 0x00000000cb100000| PB 0x00000000cb100000| Untracked 
|1202|0x00000000cb200000, 0x00000000cb200000, 0x00000000cb300000|  0%| F|  |TAMS 0x00000000cb200000| PB 0x00000000cb200000| Untracked 
|1203|0x00000000cb300000, 0x00000000cb300000, 0x00000000cb400000|  0%| F|  |TAMS 0x00000000cb300000| PB 0x00000000cb300000| Untracked 
|1204|0x00000000cb400000, 0x00000000cb400000, 0x00000000cb500000|  0%| F|  |TAMS 0x00000000cb400000| PB 0x00000000cb400000| Untracked 
|1205|0x00000000cb500000, 0x00000000cb500000, 0x00000000cb600000|  0%| F|  |TAMS 0x00000000cb500000| PB 0x00000000cb500000| Untracked 
|1206|0x00000000cb600000, 0x00000000cb600000, 0x00000000cb700000|  0%| F|  |TAMS 0x00000000cb600000| PB 0x00000000cb600000| Untracked 
|1207|0x00000000cb700000, 0x00000000cb700000, 0x00000000cb800000|  0%| F|  |TAMS 0x00000000cb700000| PB 0x00000000cb700000| Untracked 
|1208|0x00000000cb800000, 0x00000000cb800000, 0x00000000cb900000|  0%| F|  |TAMS 0x00000000cb800000| PB 0x00000000cb800000| Untracked 
|1209|0x00000000cb900000, 0x00000000cb900000, 0x00000000cba00000|  0%| F|  |TAMS 0x00000000cb900000| PB 0x00000000cb900000| Untracked 
|1210|0x00000000cba00000, 0x00000000cba00000, 0x00000000cbb00000|  0%| F|  |TAMS 0x00000000cba00000| PB 0x00000000cba00000| Untracked 
|1211|0x00000000cbb00000, 0x00000000cbb00000, 0x00000000cbc00000|  0%| F|  |TAMS 0x00000000cbb00000| PB 0x00000000cbb00000| Untracked 
|1212|0x00000000cbc00000, 0x00000000cbc00000, 0x00000000cbd00000|  0%| F|  |TAMS 0x00000000cbc00000| PB 0x00000000cbc00000| Untracked 
|1213|0x00000000cbd00000, 0x00000000cbd00000, 0x00000000cbe00000|  0%| F|  |TAMS 0x00000000cbd00000| PB 0x00000000cbd00000| Untracked 
|1214|0x00000000cbe00000, 0x00000000cbe00000, 0x00000000cbf00000|  0%| F|  |TAMS 0x00000000cbe00000| PB 0x00000000cbe00000| Untracked 
|1215|0x00000000cbf00000, 0x00000000cbf00000, 0x00000000cc000000|  0%| F|  |TAMS 0x00000000cbf00000| PB 0x00000000cbf00000| Untracked 
|1216|0x00000000cc000000, 0x00000000cc000000, 0x00000000cc100000|  0%| F|  |TAMS 0x00000000cc000000| PB 0x00000000cc000000| Untracked 
|1217|0x00000000cc100000, 0x00000000cc100000, 0x00000000cc200000|  0%| F|  |TAMS 0x00000000cc100000| PB 0x00000000cc100000| Untracked 
|1218|0x00000000cc200000, 0x00000000cc200000, 0x00000000cc300000|  0%| F|  |TAMS 0x00000000cc200000| PB 0x00000000cc200000| Untracked 
|1219|0x00000000cc300000, 0x00000000cc300000, 0x00000000cc400000|  0%| F|  |TAMS 0x00000000cc300000| PB 0x00000000cc300000| Untracked 
|1220|0x00000000cc400000, 0x00000000cc400000, 0x00000000cc500000|  0%| F|  |TAMS 0x00000000cc400000| PB 0x00000000cc400000| Untracked 
|1221|0x00000000cc500000, 0x00000000cc500000, 0x00000000cc600000|  0%| F|  |TAMS 0x00000000cc500000| PB 0x00000000cc500000| Untracked 
|1222|0x00000000cc600000, 0x00000000cc600000, 0x00000000cc700000|  0%| F|  |TAMS 0x00000000cc600000| PB 0x00000000cc600000| Untracked 
|1223|0x00000000cc700000, 0x00000000cc700000, 0x00000000cc800000|  0%| F|  |TAMS 0x00000000cc700000| PB 0x00000000cc700000| Untracked 
|1224|0x00000000cc800000, 0x00000000cc800000, 0x00000000cc900000|  0%| F|  |TAMS 0x00000000cc800000| PB 0x00000000cc800000| Untracked 
|1225|0x00000000cc900000, 0x00000000cc900000, 0x00000000cca00000|  0%| F|  |TAMS 0x00000000cc900000| PB 0x00000000cc900000| Untracked 
|1226|0x00000000cca00000, 0x00000000cca00000, 0x00000000ccb00000|  0%| F|  |TAMS 0x00000000cca00000| PB 0x00000000cca00000| Untracked 
|1227|0x00000000ccb00000, 0x00000000ccb00000, 0x00000000ccc00000|  0%| F|  |TAMS 0x00000000ccb00000| PB 0x00000000ccb00000| Untracked 
|1228|0x00000000ccc00000, 0x00000000ccc00000, 0x00000000ccd00000|  0%| F|  |TAMS 0x00000000ccc00000| PB 0x00000000ccc00000| Untracked 
|1229|0x00000000ccd00000, 0x00000000ccd00000, 0x00000000cce00000|  0%| F|  |TAMS 0x00000000ccd00000| PB 0x00000000ccd00000| Untracked 
|1230|0x00000000cce00000, 0x00000000cce00000, 0x00000000ccf00000|  0%| F|  |TAMS 0x00000000cce00000| PB 0x00000000cce00000| Untracked 
|1231|0x00000000ccf00000, 0x00000000ccf00000, 0x00000000cd000000|  0%| F|  |TAMS 0x00000000ccf00000| PB 0x00000000ccf00000| Untracked 
|1232|0x00000000cd000000, 0x00000000cd000000, 0x00000000cd100000|  0%| F|  |TAMS 0x00000000cd000000| PB 0x00000000cd000000| Untracked 
|1233|0x00000000cd100000, 0x00000000cd100000, 0x00000000cd200000|  0%| F|  |TAMS 0x00000000cd100000| PB 0x00000000cd100000| Untracked 
|1234|0x00000000cd200000, 0x00000000cd200000, 0x00000000cd300000|  0%| F|  |TAMS 0x00000000cd200000| PB 0x00000000cd200000| Untracked 
|1235|0x00000000cd300000, 0x00000000cd300000, 0x00000000cd400000|  0%| F|  |TAMS 0x00000000cd300000| PB 0x00000000cd300000| Untracked 
|1236|0x00000000cd400000, 0x00000000cd400000, 0x00000000cd500000|  0%| F|  |TAMS 0x00000000cd400000| PB 0x00000000cd400000| Untracked 
|1237|0x00000000cd500000, 0x00000000cd500000, 0x00000000cd600000|  0%| F|  |TAMS 0x00000000cd500000| PB 0x00000000cd500000| Untracked 
|1238|0x00000000cd600000, 0x00000000cd600000, 0x00000000cd700000|  0%| F|  |TAMS 0x00000000cd600000| PB 0x00000000cd600000| Untracked 
|1239|0x00000000cd700000, 0x00000000cd700000, 0x00000000cd800000|  0%| F|  |TAMS 0x00000000cd700000| PB 0x00000000cd700000| Untracked 
|1240|0x00000000cd800000, 0x00000000cd800000, 0x00000000cd900000|  0%| F|  |TAMS 0x00000000cd800000| PB 0x00000000cd800000| Untracked 
|1241|0x00000000cd900000, 0x00000000cd900000, 0x00000000cda00000|  0%| F|  |TAMS 0x00000000cd900000| PB 0x00000000cd900000| Untracked 
|1242|0x00000000cda00000, 0x00000000cda00000, 0x00000000cdb00000|  0%| F|  |TAMS 0x00000000cda00000| PB 0x00000000cda00000| Untracked 
|1243|0x00000000cdb00000, 0x00000000cdb00000, 0x00000000cdc00000|  0%| F|  |TAMS 0x00000000cdb00000| PB 0x00000000cdb00000| Untracked 
|1244|0x00000000cdc00000, 0x00000000cdc00000, 0x00000000cdd00000|  0%| F|  |TAMS 0x00000000cdc00000| PB 0x00000000cdc00000| Untracked 
|1245|0x00000000cdd00000, 0x00000000cdd00000, 0x00000000cde00000|  0%| F|  |TAMS 0x00000000cdd00000| PB 0x00000000cdd00000| Untracked 
|1246|0x00000000cde00000, 0x00000000cde00000, 0x00000000cdf00000|  0%| F|  |TAMS 0x00000000cde00000| PB 0x00000000cde00000| Untracked 
|1247|0x00000000cdf00000, 0x00000000cdf00000, 0x00000000ce000000|  0%| F|  |TAMS 0x00000000cdf00000| PB 0x00000000cdf00000| Untracked 
|1248|0x00000000ce000000, 0x00000000ce000000, 0x00000000ce100000|  0%| F|  |TAMS 0x00000000ce000000| PB 0x00000000ce000000| Untracked 
|1249|0x00000000ce100000, 0x00000000ce100000, 0x00000000ce200000|  0%| F|  |TAMS 0x00000000ce100000| PB 0x00000000ce100000| Untracked 
|1250|0x00000000ce200000, 0x00000000ce200000, 0x00000000ce300000|  0%| F|  |TAMS 0x00000000ce200000| PB 0x00000000ce200000| Untracked 
|1251|0x00000000ce300000, 0x00000000ce300000, 0x00000000ce400000|  0%| F|  |TAMS 0x00000000ce300000| PB 0x00000000ce300000| Untracked 
|1252|0x00000000ce400000, 0x00000000ce400000, 0x00000000ce500000|  0%| F|  |TAMS 0x00000000ce400000| PB 0x00000000ce400000| Untracked 
|1253|0x00000000ce500000, 0x00000000ce500000, 0x00000000ce600000|  0%| F|  |TAMS 0x00000000ce500000| PB 0x00000000ce500000| Untracked 
|1254|0x00000000ce600000, 0x00000000ce600000, 0x00000000ce700000|  0%| F|  |TAMS 0x00000000ce600000| PB 0x00000000ce600000| Untracked 
|1255|0x00000000ce700000, 0x00000000ce700000, 0x00000000ce800000|  0%| F|  |TAMS 0x00000000ce700000| PB 0x00000000ce700000| Untracked 
|1256|0x00000000ce800000, 0x00000000ce800000, 0x00000000ce900000|  0%| F|  |TAMS 0x00000000ce800000| PB 0x00000000ce800000| Untracked 
|1257|0x00000000ce900000, 0x00000000ce900000, 0x00000000cea00000|  0%| F|  |TAMS 0x00000000ce900000| PB 0x00000000ce900000| Untracked 
|1258|0x00000000cea00000, 0x00000000cea00000, 0x00000000ceb00000|  0%| F|  |TAMS 0x00000000cea00000| PB 0x00000000cea00000| Untracked 
|1259|0x00000000ceb00000, 0x00000000ceb00000, 0x00000000cec00000|  0%| F|  |TAMS 0x00000000ceb00000| PB 0x00000000ceb00000| Untracked 
|1260|0x00000000cec00000, 0x00000000cec00000, 0x00000000ced00000|  0%| F|  |TAMS 0x00000000cec00000| PB 0x00000000cec00000| Untracked 
|1261|0x00000000ced00000, 0x00000000ced00000, 0x00000000cee00000|  0%| F|  |TAMS 0x00000000ced00000| PB 0x00000000ced00000| Untracked 
|1262|0x00000000cee00000, 0x00000000cee00000, 0x00000000cef00000|  0%| F|  |TAMS 0x00000000cee00000| PB 0x00000000cee00000| Untracked 
|1263|0x00000000cef00000, 0x00000000cef00000, 0x00000000cf000000|  0%| F|  |TAMS 0x00000000cef00000| PB 0x00000000cef00000| Untracked 
|1264|0x00000000cf000000, 0x00000000cf000000, 0x00000000cf100000|  0%| F|  |TAMS 0x00000000cf000000| PB 0x00000000cf000000| Untracked 
|1265|0x00000000cf100000, 0x00000000cf100000, 0x00000000cf200000|  0%| F|  |TAMS 0x00000000cf100000| PB 0x00000000cf100000| Untracked 
|1266|0x00000000cf200000, 0x00000000cf200000, 0x00000000cf300000|  0%| F|  |TAMS 0x00000000cf200000| PB 0x00000000cf200000| Untracked 
|1267|0x00000000cf300000, 0x00000000cf300000, 0x00000000cf400000|  0%| F|  |TAMS 0x00000000cf300000| PB 0x00000000cf300000| Untracked 
|1268|0x00000000cf400000, 0x00000000cf400000, 0x00000000cf500000|  0%| F|  |TAMS 0x00000000cf400000| PB 0x00000000cf400000| Untracked 
|1269|0x00000000cf500000, 0x00000000cf500000, 0x00000000cf600000|  0%| F|  |TAMS 0x00000000cf500000| PB 0x00000000cf500000| Untracked 
|1270|0x00000000cf600000, 0x00000000cf600000, 0x00000000cf700000|  0%| F|  |TAMS 0x00000000cf600000| PB 0x00000000cf600000| Untracked 
|1271|0x00000000cf700000, 0x00000000cf700000, 0x00000000cf800000|  0%| F|  |TAMS 0x00000000cf700000| PB 0x00000000cf700000| Untracked 
|1272|0x00000000cf800000, 0x00000000cf800000, 0x00000000cf900000|  0%| F|  |TAMS 0x00000000cf800000| PB 0x00000000cf800000| Untracked 
|1273|0x00000000cf900000, 0x00000000cf900000, 0x00000000cfa00000|  0%| F|  |TAMS 0x00000000cf900000| PB 0x00000000cf900000| Untracked 
|1274|0x00000000cfa00000, 0x00000000cfa00000, 0x00000000cfb00000|  0%| F|  |TAMS 0x00000000cfa00000| PB 0x00000000cfa00000| Untracked 
|1275|0x00000000cfb00000, 0x00000000cfb00000, 0x00000000cfc00000|  0%| F|  |TAMS 0x00000000cfb00000| PB 0x00000000cfb00000| Untracked 
|1276|0x00000000cfc00000, 0x00000000cfc00000, 0x00000000cfd00000|  0%| F|  |TAMS 0x00000000cfc00000| PB 0x00000000cfc00000| Untracked 
|1277|0x00000000cfd00000, 0x00000000cfd00000, 0x00000000cfe00000|  0%| F|  |TAMS 0x00000000cfd00000| PB 0x00000000cfd00000| Untracked 
|1278|0x00000000cfe00000, 0x00000000cfe00000, 0x00000000cff00000|  0%| F|  |TAMS 0x00000000cfe00000| PB 0x00000000cfe00000| Untracked 
|1279|0x00000000cff00000, 0x00000000cff00000, 0x00000000d0000000|  0%| F|  |TAMS 0x00000000cff00000| PB 0x00000000cff00000| Untracked 
|1280|0x00000000d0000000, 0x00000000d0000000, 0x00000000d0100000|  0%| F|  |TAMS 0x00000000d0000000| PB 0x00000000d0000000| Untracked 
|1281|0x00000000d0100000, 0x00000000d0100000, 0x00000000d0200000|  0%| F|  |TAMS 0x00000000d0100000| PB 0x00000000d0100000| Untracked 
|1282|0x00000000d0200000, 0x00000000d0200000, 0x00000000d0300000|  0%| F|  |TAMS 0x00000000d0200000| PB 0x00000000d0200000| Untracked 
|1283|0x00000000d0300000, 0x00000000d0300000, 0x00000000d0400000|  0%| F|  |TAMS 0x00000000d0300000| PB 0x00000000d0300000| Untracked 
|1284|0x00000000d0400000, 0x00000000d0400000, 0x00000000d0500000|  0%| F|  |TAMS 0x00000000d0400000| PB 0x00000000d0400000| Untracked 
|1285|0x00000000d0500000, 0x00000000d0500000, 0x00000000d0600000|  0%| F|  |TAMS 0x00000000d0500000| PB 0x00000000d0500000| Untracked 
|1286|0x00000000d0600000, 0x00000000d0600000, 0x00000000d0700000|  0%| F|  |TAMS 0x00000000d0600000| PB 0x00000000d0600000| Untracked 
|1287|0x00000000d0700000, 0x00000000d0700000, 0x00000000d0800000|  0%| F|  |TAMS 0x00000000d0700000| PB 0x00000000d0700000| Untracked 
|1288|0x00000000d0800000, 0x00000000d0800000, 0x00000000d0900000|  0%| F|  |TAMS 0x00000000d0800000| PB 0x00000000d0800000| Untracked 
|1289|0x00000000d0900000, 0x00000000d0900000, 0x00000000d0a00000|  0%| F|  |TAMS 0x00000000d0900000| PB 0x00000000d0900000| Untracked 
|1290|0x00000000d0a00000, 0x00000000d0a00000, 0x00000000d0b00000|  0%| F|  |TAMS 0x00000000d0a00000| PB 0x00000000d0a00000| Untracked 
|1291|0x00000000d0b00000, 0x00000000d0b00000, 0x00000000d0c00000|  0%| F|  |TAMS 0x00000000d0b00000| PB 0x00000000d0b00000| Untracked 
|1292|0x00000000d0c00000, 0x00000000d0c00000, 0x00000000d0d00000|  0%| F|  |TAMS 0x00000000d0c00000| PB 0x00000000d0c00000| Untracked 
|1293|0x00000000d0d00000, 0x00000000d0d00000, 0x00000000d0e00000|  0%| F|  |TAMS 0x00000000d0d00000| PB 0x00000000d0d00000| Untracked 
|1294|0x00000000d0e00000, 0x00000000d0e00000, 0x00000000d0f00000|  0%| F|  |TAMS 0x00000000d0e00000| PB 0x00000000d0e00000| Untracked 
|1295|0x00000000d0f00000, 0x00000000d0f00000, 0x00000000d1000000|  0%| F|  |TAMS 0x00000000d0f00000| PB 0x00000000d0f00000| Untracked 
|1296|0x00000000d1000000, 0x00000000d1000000, 0x00000000d1100000|  0%| F|  |TAMS 0x00000000d1000000| PB 0x00000000d1000000| Untracked 
|1297|0x00000000d1100000, 0x00000000d1100000, 0x00000000d1200000|  0%| F|  |TAMS 0x00000000d1100000| PB 0x00000000d1100000| Untracked 
|1298|0x00000000d1200000, 0x00000000d1200000, 0x00000000d1300000|  0%| F|  |TAMS 0x00000000d1200000| PB 0x00000000d1200000| Untracked 
|1299|0x00000000d1300000, 0x00000000d1300000, 0x00000000d1400000|  0%| F|  |TAMS 0x00000000d1300000| PB 0x00000000d1300000| Untracked 
|1300|0x00000000d1400000, 0x00000000d1400000, 0x00000000d1500000|  0%| F|  |TAMS 0x00000000d1400000| PB 0x00000000d1400000| Untracked 
|1301|0x00000000d1500000, 0x00000000d1500000, 0x00000000d1600000|  0%| F|  |TAMS 0x00000000d1500000| PB 0x00000000d1500000| Untracked 
|1302|0x00000000d1600000, 0x00000000d1600000, 0x00000000d1700000|  0%| F|  |TAMS 0x00000000d1600000| PB 0x00000000d1600000| Untracked 
|1303|0x00000000d1700000, 0x00000000d1700000, 0x00000000d1800000|  0%| F|  |TAMS 0x00000000d1700000| PB 0x00000000d1700000| Untracked 
|1304|0x00000000d1800000, 0x00000000d1800000, 0x00000000d1900000|  0%| F|  |TAMS 0x00000000d1800000| PB 0x00000000d1800000| Untracked 
|1305|0x00000000d1900000, 0x00000000d1900000, 0x00000000d1a00000|  0%| F|  |TAMS 0x00000000d1900000| PB 0x00000000d1900000| Untracked 
|1306|0x00000000d1a00000, 0x00000000d1a00000, 0x00000000d1b00000|  0%| F|  |TAMS 0x00000000d1a00000| PB 0x00000000d1a00000| Untracked 
|1307|0x00000000d1b00000, 0x00000000d1b00000, 0x00000000d1c00000|  0%| F|  |TAMS 0x00000000d1b00000| PB 0x00000000d1b00000| Untracked 
|1308|0x00000000d1c00000, 0x00000000d1c00000, 0x00000000d1d00000|  0%| F|  |TAMS 0x00000000d1c00000| PB 0x00000000d1c00000| Untracked 
|1309|0x00000000d1d00000, 0x00000000d1d00000, 0x00000000d1e00000|  0%| F|  |TAMS 0x00000000d1d00000| PB 0x00000000d1d00000| Untracked 
|1310|0x00000000d1e00000, 0x00000000d1e00000, 0x00000000d1f00000|  0%| F|  |TAMS 0x00000000d1e00000| PB 0x00000000d1e00000| Untracked 
|1311|0x00000000d1f00000, 0x00000000d1f00000, 0x00000000d2000000|  0%| F|  |TAMS 0x00000000d1f00000| PB 0x00000000d1f00000| Untracked 
|1312|0x00000000d2000000, 0x00000000d2000000, 0x00000000d2100000|  0%| F|  |TAMS 0x00000000d2000000| PB 0x00000000d2000000| Untracked 
|1313|0x00000000d2100000, 0x00000000d2100000, 0x00000000d2200000|  0%| F|  |TAMS 0x00000000d2100000| PB 0x00000000d2100000| Untracked 
|1314|0x00000000d2200000, 0x00000000d2200000, 0x00000000d2300000|  0%| F|  |TAMS 0x00000000d2200000| PB 0x00000000d2200000| Untracked 
|1315|0x00000000d2300000, 0x00000000d2300000, 0x00000000d2400000|  0%| F|  |TAMS 0x00000000d2300000| PB 0x00000000d2300000| Untracked 
|1316|0x00000000d2400000, 0x00000000d2400000, 0x00000000d2500000|  0%| F|  |TAMS 0x00000000d2400000| PB 0x00000000d2400000| Untracked 
|1317|0x00000000d2500000, 0x00000000d2500000, 0x00000000d2600000|  0%| F|  |TAMS 0x00000000d2500000| PB 0x00000000d2500000| Untracked 
|1318|0x00000000d2600000, 0x00000000d2600000, 0x00000000d2700000|  0%| F|  |TAMS 0x00000000d2600000| PB 0x00000000d2600000| Untracked 
|1319|0x00000000d2700000, 0x00000000d2700000, 0x00000000d2800000|  0%| F|  |TAMS 0x00000000d2700000| PB 0x00000000d2700000| Untracked 
|1320|0x00000000d2800000, 0x00000000d2800000, 0x00000000d2900000|  0%| F|  |TAMS 0x00000000d2800000| PB 0x00000000d2800000| Untracked 
|1321|0x00000000d2900000, 0x00000000d2900000, 0x00000000d2a00000|  0%| F|  |TAMS 0x00000000d2900000| PB 0x00000000d2900000| Untracked 
|1322|0x00000000d2a00000, 0x00000000d2a00000, 0x00000000d2b00000|  0%| F|  |TAMS 0x00000000d2a00000| PB 0x00000000d2a00000| Untracked 
|1323|0x00000000d2b00000, 0x00000000d2b00000, 0x00000000d2c00000|  0%| F|  |TAMS 0x00000000d2b00000| PB 0x00000000d2b00000| Untracked 
|1324|0x00000000d2c00000, 0x00000000d2c00000, 0x00000000d2d00000|  0%| F|  |TAMS 0x00000000d2c00000| PB 0x00000000d2c00000| Untracked 
|1325|0x00000000d2d00000, 0x00000000d2d00000, 0x00000000d2e00000|  0%| F|  |TAMS 0x00000000d2d00000| PB 0x00000000d2d00000| Untracked 
|1326|0x00000000d2e00000, 0x00000000d2e00000, 0x00000000d2f00000|  0%| F|  |TAMS 0x00000000d2e00000| PB 0x00000000d2e00000| Untracked 
|1327|0x00000000d2f00000, 0x00000000d2f00000, 0x00000000d3000000|  0%| F|  |TAMS 0x00000000d2f00000| PB 0x00000000d2f00000| Untracked 
|1328|0x00000000d3000000, 0x00000000d3000000, 0x00000000d3100000|  0%| F|  |TAMS 0x00000000d3000000| PB 0x00000000d3000000| Untracked 
|1329|0x00000000d3100000, 0x00000000d3100000, 0x00000000d3200000|  0%| F|  |TAMS 0x00000000d3100000| PB 0x00000000d3100000| Untracked 
|1330|0x00000000d3200000, 0x00000000d3200000, 0x00000000d3300000|  0%| F|  |TAMS 0x00000000d3200000| PB 0x00000000d3200000| Untracked 
|1331|0x00000000d3300000, 0x00000000d3300000, 0x00000000d3400000|  0%| F|  |TAMS 0x00000000d3300000| PB 0x00000000d3300000| Untracked 
|1332|0x00000000d3400000, 0x00000000d3400000, 0x00000000d3500000|  0%| F|  |TAMS 0x00000000d3400000| PB 0x00000000d3400000| Untracked 
|1333|0x00000000d3500000, 0x00000000d3500000, 0x00000000d3600000|  0%| F|  |TAMS 0x00000000d3500000| PB 0x00000000d3500000| Untracked 
|1334|0x00000000d3600000, 0x00000000d3600000, 0x00000000d3700000|  0%| F|  |TAMS 0x00000000d3600000| PB 0x00000000d3600000| Untracked 
|1335|0x00000000d3700000, 0x00000000d3700000, 0x00000000d3800000|  0%| F|  |TAMS 0x00000000d3700000| PB 0x00000000d3700000| Untracked 
|1336|0x00000000d3800000, 0x00000000d3800000, 0x00000000d3900000|  0%| F|  |TAMS 0x00000000d3800000| PB 0x00000000d3800000| Untracked 
|1337|0x00000000d3900000, 0x00000000d3900000, 0x00000000d3a00000|  0%| F|  |TAMS 0x00000000d3900000| PB 0x00000000d3900000| Untracked 
|1338|0x00000000d3a00000, 0x00000000d3a00000, 0x00000000d3b00000|  0%| F|  |TAMS 0x00000000d3a00000| PB 0x00000000d3a00000| Untracked 
|1339|0x00000000d3b00000, 0x00000000d3b00000, 0x00000000d3c00000|  0%| F|  |TAMS 0x00000000d3b00000| PB 0x00000000d3b00000| Untracked 
|1340|0x00000000d3c00000, 0x00000000d3c00000, 0x00000000d3d00000|  0%| F|  |TAMS 0x00000000d3c00000| PB 0x00000000d3c00000| Untracked 
|1341|0x00000000d3d00000, 0x00000000d3d00000, 0x00000000d3e00000|  0%| F|  |TAMS 0x00000000d3d00000| PB 0x00000000d3d00000| Untracked 
|1342|0x00000000d3e00000, 0x00000000d3e00000, 0x00000000d3f00000|  0%| F|  |TAMS 0x00000000d3e00000| PB 0x00000000d3e00000| Untracked 
|1343|0x00000000d3f00000, 0x00000000d3f00000, 0x00000000d4000000|  0%| F|  |TAMS 0x00000000d3f00000| PB 0x00000000d3f00000| Untracked 
|1344|0x00000000d4000000, 0x00000000d4000000, 0x00000000d4100000|  0%| F|  |TAMS 0x00000000d4000000| PB 0x00000000d4000000| Untracked 
|1345|0x00000000d4100000, 0x00000000d4100000, 0x00000000d4200000|  0%| F|  |TAMS 0x00000000d4100000| PB 0x00000000d4100000| Untracked 
|1346|0x00000000d4200000, 0x00000000d4200000, 0x00000000d4300000|  0%| F|  |TAMS 0x00000000d4200000| PB 0x00000000d4200000| Untracked 
|1347|0x00000000d4300000, 0x00000000d4300000, 0x00000000d4400000|  0%| F|  |TAMS 0x00000000d4300000| PB 0x00000000d4300000| Untracked 
|1348|0x00000000d4400000, 0x00000000d4400000, 0x00000000d4500000|  0%| F|  |TAMS 0x00000000d4400000| PB 0x00000000d4400000| Untracked 
|1349|0x00000000d4500000, 0x00000000d4500000, 0x00000000d4600000|  0%| F|  |TAMS 0x00000000d4500000| PB 0x00000000d4500000| Untracked 
|1350|0x00000000d4600000, 0x00000000d4600000, 0x00000000d4700000|  0%| F|  |TAMS 0x00000000d4600000| PB 0x00000000d4600000| Untracked 
|1351|0x00000000d4700000, 0x00000000d4700000, 0x00000000d4800000|  0%| F|  |TAMS 0x00000000d4700000| PB 0x00000000d4700000| Untracked 
|1352|0x00000000d4800000, 0x00000000d4800000, 0x00000000d4900000|  0%| F|  |TAMS 0x00000000d4800000| PB 0x00000000d4800000| Untracked 
|1353|0x00000000d4900000, 0x00000000d4900000, 0x00000000d4a00000|  0%| F|  |TAMS 0x00000000d4900000| PB 0x00000000d4900000| Untracked 
|1354|0x00000000d4a00000, 0x00000000d4a00000, 0x00000000d4b00000|  0%| F|  |TAMS 0x00000000d4a00000| PB 0x00000000d4a00000| Untracked 
|1355|0x00000000d4b00000, 0x00000000d4b00000, 0x00000000d4c00000|  0%| F|  |TAMS 0x00000000d4b00000| PB 0x00000000d4b00000| Untracked 
|1356|0x00000000d4c00000, 0x00000000d4c00000, 0x00000000d4d00000|  0%| F|  |TAMS 0x00000000d4c00000| PB 0x00000000d4c00000| Untracked 
|1357|0x00000000d4d00000, 0x00000000d4d00000, 0x00000000d4e00000|  0%| F|  |TAMS 0x00000000d4d00000| PB 0x00000000d4d00000| Untracked 
|1358|0x00000000d4e00000, 0x00000000d4e00000, 0x00000000d4f00000|  0%| F|  |TAMS 0x00000000d4e00000| PB 0x00000000d4e00000| Untracked 
|1359|0x00000000d4f00000, 0x00000000d4f00000, 0x00000000d5000000|  0%| F|  |TAMS 0x00000000d4f00000| PB 0x00000000d4f00000| Untracked 
|1360|0x00000000d5000000, 0x00000000d5000000, 0x00000000d5100000|  0%| F|  |TAMS 0x00000000d5000000| PB 0x00000000d5000000| Untracked 
|1361|0x00000000d5100000, 0x00000000d5100000, 0x00000000d5200000|  0%| F|  |TAMS 0x00000000d5100000| PB 0x00000000d5100000| Untracked 
|1362|0x00000000d5200000, 0x00000000d5200000, 0x00000000d5300000|  0%| F|  |TAMS 0x00000000d5200000| PB 0x00000000d5200000| Untracked 
|1363|0x00000000d5300000, 0x00000000d5300000, 0x00000000d5400000|  0%| F|  |TAMS 0x00000000d5300000| PB 0x00000000d5300000| Untracked 
|1364|0x00000000d5400000, 0x00000000d5400000, 0x00000000d5500000|  0%| F|  |TAMS 0x00000000d5400000| PB 0x00000000d5400000| Untracked 
|1365|0x00000000d5500000, 0x00000000d5500000, 0x00000000d5600000|  0%| F|  |TAMS 0x00000000d5500000| PB 0x00000000d5500000| Untracked 
|1366|0x00000000d5600000, 0x00000000d5600000, 0x00000000d5700000|  0%| F|  |TAMS 0x00000000d5600000| PB 0x00000000d5600000| Untracked 
|1367|0x00000000d5700000, 0x00000000d5700000, 0x00000000d5800000|  0%| F|  |TAMS 0x00000000d5700000| PB 0x00000000d5700000| Untracked 
|1368|0x00000000d5800000, 0x00000000d5800000, 0x00000000d5900000|  0%| F|  |TAMS 0x00000000d5800000| PB 0x00000000d5800000| Untracked 
|1369|0x00000000d5900000, 0x00000000d5900000, 0x00000000d5a00000|  0%| F|  |TAMS 0x00000000d5900000| PB 0x00000000d5900000| Untracked 
|1370|0x00000000d5a00000, 0x00000000d5a00000, 0x00000000d5b00000|  0%| F|  |TAMS 0x00000000d5a00000| PB 0x00000000d5a00000| Untracked 
|1371|0x00000000d5b00000, 0x00000000d5b00000, 0x00000000d5c00000|  0%| F|  |TAMS 0x00000000d5b00000| PB 0x00000000d5b00000| Untracked 
|1372|0x00000000d5c00000, 0x00000000d5c00000, 0x00000000d5d00000|  0%| F|  |TAMS 0x00000000d5c00000| PB 0x00000000d5c00000| Untracked 
|1373|0x00000000d5d00000, 0x00000000d5d00000, 0x00000000d5e00000|  0%| F|  |TAMS 0x00000000d5d00000| PB 0x00000000d5d00000| Untracked 
|1374|0x00000000d5e00000, 0x00000000d5e00000, 0x00000000d5f00000|  0%| F|  |TAMS 0x00000000d5e00000| PB 0x00000000d5e00000| Untracked 
|1375|0x00000000d5f00000, 0x00000000d5f00000, 0x00000000d6000000|  0%| F|  |TAMS 0x00000000d5f00000| PB 0x00000000d5f00000| Untracked 
|1376|0x00000000d6000000, 0x00000000d6000000, 0x00000000d6100000|  0%| F|  |TAMS 0x00000000d6000000| PB 0x00000000d6000000| Untracked 
|1377|0x00000000d6100000, 0x00000000d6100000, 0x00000000d6200000|  0%| F|  |TAMS 0x00000000d6100000| PB 0x00000000d6100000| Untracked 
|1378|0x00000000d6200000, 0x00000000d6200000, 0x00000000d6300000|  0%| F|  |TAMS 0x00000000d6200000| PB 0x00000000d6200000| Untracked 
|1379|0x00000000d6300000, 0x00000000d6300000, 0x00000000d6400000|  0%| F|  |TAMS 0x00000000d6300000| PB 0x00000000d6300000| Untracked 
|1380|0x00000000d6400000, 0x00000000d6400000, 0x00000000d6500000|  0%| F|  |TAMS 0x00000000d6400000| PB 0x00000000d6400000| Untracked 
|1381|0x00000000d6500000, 0x00000000d6500000, 0x00000000d6600000|  0%| F|  |TAMS 0x00000000d6500000| PB 0x00000000d6500000| Untracked 
|1382|0x00000000d6600000, 0x00000000d6600000, 0x00000000d6700000|  0%| F|  |TAMS 0x00000000d6600000| PB 0x00000000d6600000| Untracked 
|1383|0x00000000d6700000, 0x00000000d6700000, 0x00000000d6800000|  0%| F|  |TAMS 0x00000000d6700000| PB 0x00000000d6700000| Untracked 
|1384|0x00000000d6800000, 0x00000000d6800000, 0x00000000d6900000|  0%| F|  |TAMS 0x00000000d6800000| PB 0x00000000d6800000| Untracked 
|1385|0x00000000d6900000, 0x00000000d6911020, 0x00000000d6a00000|  6%| E|  |TAMS 0x00000000d6900000| PB 0x00000000d6900000| Complete 
|1386|0x00000000d6a00000, 0x00000000d6b00000, 0x00000000d6b00000|100%| E|CS|TAMS 0x00000000d6a00000| PB 0x00000000d6a00000| Complete 
|1387|0x00000000d6b00000, 0x00000000d6c00000, 0x00000000d6c00000|100%| E|CS|TAMS 0x00000000d6b00000| PB 0x00000000d6b00000| Complete 
|1388|0x00000000d6c00000, 0x00000000d6d00000, 0x00000000d6d00000|100%| E|CS|TAMS 0x00000000d6c00000| PB 0x00000000d6c00000| Complete 
|1389|0x00000000d6d00000, 0x00000000d6e00000, 0x00000000d6e00000|100%| E|CS|TAMS 0x00000000d6d00000| PB 0x00000000d6d00000| Complete 
|1390|0x00000000d6e00000, 0x00000000d6f00000, 0x00000000d6f00000|100%| E|CS|TAMS 0x00000000d6e00000| PB 0x00000000d6e00000| Complete 
|1391|0x00000000d6f00000, 0x00000000d7000000, 0x00000000d7000000|100%| E|CS|TAMS 0x00000000d6f00000| PB 0x00000000d6f00000| Complete 
|1392|0x00000000d7000000, 0x00000000d7100000, 0x00000000d7100000|100%| E|CS|TAMS 0x00000000d7000000| PB 0x00000000d7000000| Complete 
|1393|0x00000000d7100000, 0x00000000d7200000, 0x00000000d7200000|100%| E|CS|TAMS 0x00000000d7100000| PB 0x00000000d7100000| Complete 
|1394|0x00000000d7200000, 0x00000000d7300000, 0x00000000d7300000|100%| E|CS|TAMS 0x00000000d7200000| PB 0x00000000d7200000| Complete 
|1395|0x00000000d7300000, 0x00000000d7400000, 0x00000000d7400000|100%| E|CS|TAMS 0x00000000d7300000| PB 0x00000000d7300000| Complete 
|1396|0x00000000d7400000, 0x00000000d7500000, 0x00000000d7500000|100%| E|CS|TAMS 0x00000000d7400000| PB 0x00000000d7400000| Complete 
|1397|0x00000000d7500000, 0x00000000d7600000, 0x00000000d7600000|100%| E|CS|TAMS 0x00000000d7500000| PB 0x00000000d7500000| Complete 
|1398|0x00000000d7600000, 0x00000000d7700000, 0x00000000d7700000|100%| E|CS|TAMS 0x00000000d7600000| PB 0x00000000d7600000| Complete 
|1399|0x00000000d7700000, 0x00000000d7800000, 0x00000000d7800000|100%| E|CS|TAMS 0x00000000d7700000| PB 0x00000000d7700000| Complete 
|1400|0x00000000d7800000, 0x00000000d7900000, 0x00000000d7900000|100%| E|CS|TAMS 0x00000000d7800000| PB 0x00000000d7800000| Complete 
|1401|0x00000000d7900000, 0x00000000d7a00000, 0x00000000d7a00000|100%| E|CS|TAMS 0x00000000d7900000| PB 0x00000000d7900000| Complete 
|1402|0x00000000d7a00000, 0x00000000d7b00000, 0x00000000d7b00000|100%| E|CS|TAMS 0x00000000d7a00000| PB 0x00000000d7a00000| Complete 
|1403|0x00000000d7b00000, 0x00000000d7c00000, 0x00000000d7c00000|100%| E|CS|TAMS 0x00000000d7b00000| PB 0x00000000d7b00000| Complete 
|1404|0x00000000d7c00000, 0x00000000d7d00000, 0x00000000d7d00000|100%| E|CS|TAMS 0x00000000d7c00000| PB 0x00000000d7c00000| Complete 
|1405|0x00000000d7d00000, 0x00000000d7e00000, 0x00000000d7e00000|100%| E|CS|TAMS 0x00000000d7d00000| PB 0x00000000d7d00000| Complete 
|1406|0x00000000d7e00000, 0x00000000d7f00000, 0x00000000d7f00000|100%| E|CS|TAMS 0x00000000d7e00000| PB 0x00000000d7e00000| Complete 
|1407|0x00000000d7f00000, 0x00000000d8000000, 0x00000000d8000000|100%| E|CS|TAMS 0x00000000d7f00000| PB 0x00000000d7f00000| Complete 
|1408|0x00000000d8000000, 0x00000000d8100000, 0x00000000d8100000|100%| E|CS|TAMS 0x00000000d8000000| PB 0x00000000d8000000| Complete 
|1409|0x00000000d8100000, 0x00000000d8200000, 0x00000000d8200000|100%| E|CS|TAMS 0x00000000d8100000| PB 0x00000000d8100000| Complete 
|1410|0x00000000d8200000, 0x00000000d8300000, 0x00000000d8300000|100%| E|CS|TAMS 0x00000000d8200000| PB 0x00000000d8200000| Complete 
|1411|0x00000000d8300000, 0x00000000d8400000, 0x00000000d8400000|100%| E|CS|TAMS 0x00000000d8300000| PB 0x00000000d8300000| Complete 
|1412|0x00000000d8400000, 0x00000000d8500000, 0x00000000d8500000|100%| E|CS|TAMS 0x00000000d8400000| PB 0x00000000d8400000| Complete 
|1413|0x00000000d8500000, 0x00000000d8600000, 0x00000000d8600000|100%| E|CS|TAMS 0x00000000d8500000| PB 0x00000000d8500000| Complete 
|1414|0x00000000d8600000, 0x00000000d8700000, 0x00000000d8700000|100%| E|CS|TAMS 0x00000000d8600000| PB 0x00000000d8600000| Complete 
|1415|0x00000000d8700000, 0x00000000d8800000, 0x00000000d8800000|100%| E|CS|TAMS 0x00000000d8700000| PB 0x00000000d8700000| Complete 
|1416|0x00000000d8800000, 0x00000000d8900000, 0x00000000d8900000|100%| E|CS|TAMS 0x00000000d8800000| PB 0x00000000d8800000| Complete 
|1417|0x00000000d8900000, 0x00000000d8a00000, 0x00000000d8a00000|100%| E|CS|TAMS 0x00000000d8900000| PB 0x00000000d8900000| Complete 
|1418|0x00000000d8a00000, 0x00000000d8b00000, 0x00000000d8b00000|100%| E|CS|TAMS 0x00000000d8a00000| PB 0x00000000d8a00000| Complete 
|1419|0x00000000d8b00000, 0x00000000d8c00000, 0x00000000d8c00000|100%| E|CS|TAMS 0x00000000d8b00000| PB 0x00000000d8b00000| Complete 
|1420|0x00000000d8c00000, 0x00000000d8d00000, 0x00000000d8d00000|100%| E|CS|TAMS 0x00000000d8c00000| PB 0x00000000d8c00000| Complete 
|1421|0x00000000d8d00000, 0x00000000d8e00000, 0x00000000d8e00000|100%| E|CS|TAMS 0x00000000d8d00000| PB 0x00000000d8d00000| Complete 
|1422|0x00000000d8e00000, 0x00000000d8f00000, 0x00000000d8f00000|100%| E|CS|TAMS 0x00000000d8e00000| PB 0x00000000d8e00000| Complete 
|1423|0x00000000d8f00000, 0x00000000d9000000, 0x00000000d9000000|100%| E|CS|TAMS 0x00000000d8f00000| PB 0x00000000d8f00000| Complete 
|1424|0x00000000d9000000, 0x00000000d9100000, 0x00000000d9100000|100%| E|CS|TAMS 0x00000000d9000000| PB 0x00000000d9000000| Complete 
|1425|0x00000000d9100000, 0x00000000d9200000, 0x00000000d9200000|100%| E|CS|TAMS 0x00000000d9100000| PB 0x00000000d9100000| Complete 
|1426|0x00000000d9200000, 0x00000000d9300000, 0x00000000d9300000|100%| E|CS|TAMS 0x00000000d9200000| PB 0x00000000d9200000| Complete 
|1427|0x00000000d9300000, 0x00000000d9400000, 0x00000000d9400000|100%| E|CS|TAMS 0x00000000d9300000| PB 0x00000000d9300000| Complete 
|1428|0x00000000d9400000, 0x00000000d9500000, 0x00000000d9500000|100%| E|CS|TAMS 0x00000000d9400000| PB 0x00000000d9400000| Complete 
|1429|0x00000000d9500000, 0x00000000d9600000, 0x00000000d9600000|100%| E|CS|TAMS 0x00000000d9500000| PB 0x00000000d9500000| Complete 
|1430|0x00000000d9600000, 0x00000000d9700000, 0x00000000d9700000|100%| E|CS|TAMS 0x00000000d9600000| PB 0x00000000d9600000| Complete 
|1431|0x00000000d9700000, 0x00000000d9800000, 0x00000000d9800000|100%| E|CS|TAMS 0x00000000d9700000| PB 0x00000000d9700000| Complete 
|1432|0x00000000d9800000, 0x00000000d9900000, 0x00000000d9900000|100%| E|CS|TAMS 0x00000000d9800000| PB 0x00000000d9800000| Complete 
|1433|0x00000000d9900000, 0x00000000d9a00000, 0x00000000d9a00000|100%| E|CS|TAMS 0x00000000d9900000| PB 0x00000000d9900000| Complete 
|1434|0x00000000d9a00000, 0x00000000d9b00000, 0x00000000d9b00000|100%| E|CS|TAMS 0x00000000d9a00000| PB 0x00000000d9a00000| Complete 
|1435|0x00000000d9b00000, 0x00000000d9c00000, 0x00000000d9c00000|100%| E|CS|TAMS 0x00000000d9b00000| PB 0x00000000d9b00000| Complete 
|1436|0x00000000d9c00000, 0x00000000d9d00000, 0x00000000d9d00000|100%| E|CS|TAMS 0x00000000d9c00000| PB 0x00000000d9c00000| Complete 
|1437|0x00000000d9d00000, 0x00000000d9e00000, 0x00000000d9e00000|100%| E|CS|TAMS 0x00000000d9d00000| PB 0x00000000d9d00000| Complete 
|1438|0x00000000d9e00000, 0x00000000d9f00000, 0x00000000d9f00000|100%| E|CS|TAMS 0x00000000d9e00000| PB 0x00000000d9e00000| Complete 
|1439|0x00000000d9f00000, 0x00000000da000000, 0x00000000da000000|100%| E|CS|TAMS 0x00000000d9f00000| PB 0x00000000d9f00000| Complete 
|1440|0x00000000da000000, 0x00000000da100000, 0x00000000da100000|100%| E|CS|TAMS 0x00000000da000000| PB 0x00000000da000000| Complete 
|1441|0x00000000da100000, 0x00000000da200000, 0x00000000da200000|100%| E|CS|TAMS 0x00000000da100000| PB 0x00000000da100000| Complete 
|1442|0x00000000da200000, 0x00000000da300000, 0x00000000da300000|100%| E|CS|TAMS 0x00000000da200000| PB 0x00000000da200000| Complete 
|1443|0x00000000da300000, 0x00000000da400000, 0x00000000da400000|100%| E|CS|TAMS 0x00000000da300000| PB 0x00000000da300000| Complete 
|1444|0x00000000da400000, 0x00000000da500000, 0x00000000da500000|100%| E|CS|TAMS 0x00000000da400000| PB 0x00000000da400000| Complete 
|1445|0x00000000da500000, 0x00000000da600000, 0x00000000da600000|100%| E|CS|TAMS 0x00000000da500000| PB 0x00000000da500000| Complete 
|1446|0x00000000da600000, 0x00000000da700000, 0x00000000da700000|100%| E|CS|TAMS 0x00000000da600000| PB 0x00000000da600000| Complete 
|1447|0x00000000da700000, 0x00000000da800000, 0x00000000da800000|100%| E|CS|TAMS 0x00000000da700000| PB 0x00000000da700000| Complete 
|1448|0x00000000da800000, 0x00000000da900000, 0x00000000da900000|100%| E|CS|TAMS 0x00000000da800000| PB 0x00000000da800000| Complete 
|1449|0x00000000da900000, 0x00000000daa00000, 0x00000000daa00000|100%| E|CS|TAMS 0x00000000da900000| PB 0x00000000da900000| Complete 
|1450|0x00000000daa00000, 0x00000000dab00000, 0x00000000dab00000|100%| E|CS|TAMS 0x00000000daa00000| PB 0x00000000daa00000| Complete 
|1451|0x00000000dab00000, 0x00000000dac00000, 0x00000000dac00000|100%| E|CS|TAMS 0x00000000dab00000| PB 0x00000000dab00000| Complete 
|1452|0x00000000dac00000, 0x00000000dad00000, 0x00000000dad00000|100%| E|CS|TAMS 0x00000000dac00000| PB 0x00000000dac00000| Complete 
|1453|0x00000000dad00000, 0x00000000dae00000, 0x00000000dae00000|100%| E|CS|TAMS 0x00000000dad00000| PB 0x00000000dad00000| Complete 
|1454|0x00000000dae00000, 0x00000000daf00000, 0x00000000daf00000|100%| E|CS|TAMS 0x00000000dae00000| PB 0x00000000dae00000| Complete 
|1455|0x00000000daf00000, 0x00000000db000000, 0x00000000db000000|100%| E|CS|TAMS 0x00000000daf00000| PB 0x00000000daf00000| Complete 
|1456|0x00000000db000000, 0x00000000db100000, 0x00000000db100000|100%| E|CS|TAMS 0x00000000db000000| PB 0x00000000db000000| Complete 
|1457|0x00000000db100000, 0x00000000db200000, 0x00000000db200000|100%| E|CS|TAMS 0x00000000db100000| PB 0x00000000db100000| Complete 
|1458|0x00000000db200000, 0x00000000db300000, 0x00000000db300000|100%| E|CS|TAMS 0x00000000db200000| PB 0x00000000db200000| Complete 
|1459|0x00000000db300000, 0x00000000db400000, 0x00000000db400000|100%| E|CS|TAMS 0x00000000db300000| PB 0x00000000db300000| Complete 
|1460|0x00000000db400000, 0x00000000db500000, 0x00000000db500000|100%| E|CS|TAMS 0x00000000db400000| PB 0x00000000db400000| Complete 
|1461|0x00000000db500000, 0x00000000db600000, 0x00000000db600000|100%| E|CS|TAMS 0x00000000db500000| PB 0x00000000db500000| Complete 
|1462|0x00000000db600000, 0x00000000db700000, 0x00000000db700000|100%| E|CS|TAMS 0x00000000db600000| PB 0x00000000db600000| Complete 
|1463|0x00000000db700000, 0x00000000db800000, 0x00000000db800000|100%| E|CS|TAMS 0x00000000db700000| PB 0x00000000db700000| Complete 
|1464|0x00000000db800000, 0x00000000db900000, 0x00000000db900000|100%| E|CS|TAMS 0x00000000db800000| PB 0x00000000db800000| Complete 
|1465|0x00000000db900000, 0x00000000dba00000, 0x00000000dba00000|100%| E|CS|TAMS 0x00000000db900000| PB 0x00000000db900000| Complete 
|1466|0x00000000dba00000, 0x00000000dbb00000, 0x00000000dbb00000|100%| E|CS|TAMS 0x00000000dba00000| PB 0x00000000dba00000| Complete 
|1467|0x00000000dbb00000, 0x00000000dbc00000, 0x00000000dbc00000|100%| E|CS|TAMS 0x00000000dbb00000| PB 0x00000000dbb00000| Complete 
|1468|0x00000000dbc00000, 0x00000000dbd00000, 0x00000000dbd00000|100%| E|CS|TAMS 0x00000000dbc00000| PB 0x00000000dbc00000| Complete 
|1469|0x00000000dbd00000, 0x00000000dbe00000, 0x00000000dbe00000|100%| E|CS|TAMS 0x00000000dbd00000| PB 0x00000000dbd00000| Complete 
|1470|0x00000000dbe00000, 0x00000000dbf00000, 0x00000000dbf00000|100%| E|CS|TAMS 0x00000000dbe00000| PB 0x00000000dbe00000| Complete 
|1471|0x00000000dbf00000, 0x00000000dc000000, 0x00000000dc000000|100%| E|CS|TAMS 0x00000000dbf00000| PB 0x00000000dbf00000| Complete 
|1472|0x00000000dc000000, 0x00000000dc100000, 0x00000000dc100000|100%| E|CS|TAMS 0x00000000dc000000| PB 0x00000000dc000000| Complete 
|1473|0x00000000dc100000, 0x00000000dc200000, 0x00000000dc200000|100%| E|CS|TAMS 0x00000000dc100000| PB 0x00000000dc100000| Complete 
|1474|0x00000000dc200000, 0x00000000dc300000, 0x00000000dc300000|100%| E|CS|TAMS 0x00000000dc200000| PB 0x00000000dc200000| Complete 
|1475|0x00000000dc300000, 0x00000000dc400000, 0x00000000dc400000|100%| E|CS|TAMS 0x00000000dc300000| PB 0x00000000dc300000| Complete 
|1476|0x00000000dc400000, 0x00000000dc500000, 0x00000000dc500000|100%| E|CS|TAMS 0x00000000dc400000| PB 0x00000000dc400000| Complete 
|1477|0x00000000dc500000, 0x00000000dc600000, 0x00000000dc600000|100%| E|CS|TAMS 0x00000000dc500000| PB 0x00000000dc500000| Complete 
|1478|0x00000000dc600000, 0x00000000dc700000, 0x00000000dc700000|100%| E|CS|TAMS 0x00000000dc600000| PB 0x00000000dc600000| Complete 
|1479|0x00000000dc700000, 0x00000000dc800000, 0x00000000dc800000|100%| E|CS|TAMS 0x00000000dc700000| PB 0x00000000dc700000| Complete 
|1480|0x00000000dc800000, 0x00000000dc900000, 0x00000000dc900000|100%| E|CS|TAMS 0x00000000dc800000| PB 0x00000000dc800000| Complete 
|1481|0x00000000dc900000, 0x00000000dca00000, 0x00000000dca00000|100%| E|CS|TAMS 0x00000000dc900000| PB 0x00000000dc900000| Complete 
|1482|0x00000000dca00000, 0x00000000dcb00000, 0x00000000dcb00000|100%| E|CS|TAMS 0x00000000dca00000| PB 0x00000000dca00000| Complete 
|1483|0x00000000dcb00000, 0x00000000dcc00000, 0x00000000dcc00000|100%| E|CS|TAMS 0x00000000dcb00000| PB 0x00000000dcb00000| Complete 
|1484|0x00000000dcc00000, 0x00000000dcd00000, 0x00000000dcd00000|100%| E|CS|TAMS 0x00000000dcc00000| PB 0x00000000dcc00000| Complete 
|1485|0x00000000dcd00000, 0x00000000dce00000, 0x00000000dce00000|100%| E|CS|TAMS 0x00000000dcd00000| PB 0x00000000dcd00000| Complete 
|1486|0x00000000dce00000, 0x00000000dcf00000, 0x00000000dcf00000|100%| E|CS|TAMS 0x00000000dce00000| PB 0x00000000dce00000| Complete 
|1487|0x00000000dcf00000, 0x00000000dd000000, 0x00000000dd000000|100%| E|CS|TAMS 0x00000000dcf00000| PB 0x00000000dcf00000| Complete 
|1488|0x00000000dd000000, 0x00000000dd100000, 0x00000000dd100000|100%| E|CS|TAMS 0x00000000dd000000| PB 0x00000000dd000000| Complete 
|1489|0x00000000dd100000, 0x00000000dd200000, 0x00000000dd200000|100%| E|CS|TAMS 0x00000000dd100000| PB 0x00000000dd100000| Complete 
|1490|0x00000000dd200000, 0x00000000dd300000, 0x00000000dd300000|100%| E|CS|TAMS 0x00000000dd200000| PB 0x00000000dd200000| Complete 
|1491|0x00000000dd300000, 0x00000000dd400000, 0x00000000dd400000|100%| E|CS|TAMS 0x00000000dd300000| PB 0x00000000dd300000| Complete 
|1492|0x00000000dd400000, 0x00000000dd500000, 0x00000000dd500000|100%| E|CS|TAMS 0x00000000dd400000| PB 0x00000000dd400000| Complete 
|1493|0x00000000dd500000, 0x00000000dd600000, 0x00000000dd600000|100%| E|CS|TAMS 0x00000000dd500000| PB 0x00000000dd500000| Complete 
|1494|0x00000000dd600000, 0x00000000dd700000, 0x00000000dd700000|100%| E|CS|TAMS 0x00000000dd600000| PB 0x00000000dd600000| Complete 
|1495|0x00000000dd700000, 0x00000000dd800000, 0x00000000dd800000|100%| E|CS|TAMS 0x00000000dd700000| PB 0x00000000dd700000| Complete 
|1496|0x00000000dd800000, 0x00000000dd900000, 0x00000000dd900000|100%| E|CS|TAMS 0x00000000dd800000| PB 0x00000000dd800000| Complete 
|1497|0x00000000dd900000, 0x00000000dda00000, 0x00000000dda00000|100%| E|CS|TAMS 0x00000000dd900000| PB 0x00000000dd900000| Complete 
|1498|0x00000000dda00000, 0x00000000ddb00000, 0x00000000ddb00000|100%| E|CS|TAMS 0x00000000dda00000| PB 0x00000000dda00000| Complete 
|1499|0x00000000ddb00000, 0x00000000ddc00000, 0x00000000ddc00000|100%| E|CS|TAMS 0x00000000ddb00000| PB 0x00000000ddb00000| Complete 
|1500|0x00000000ddc00000, 0x00000000ddd00000, 0x00000000ddd00000|100%| E|CS|TAMS 0x00000000ddc00000| PB 0x00000000ddc00000| Complete 
|1501|0x00000000ddd00000, 0x00000000dde00000, 0x00000000dde00000|100%| E|CS|TAMS 0x00000000ddd00000| PB 0x00000000ddd00000| Complete 
|1502|0x00000000dde00000, 0x00000000ddf00000, 0x00000000ddf00000|100%| E|CS|TAMS 0x00000000dde00000| PB 0x00000000dde00000| Complete 
|1503|0x00000000ddf00000, 0x00000000de000000, 0x00000000de000000|100%| E|CS|TAMS 0x00000000ddf00000| PB 0x00000000ddf00000| Complete 
|1504|0x00000000de000000, 0x00000000de100000, 0x00000000de100000|100%| E|CS|TAMS 0x00000000de000000| PB 0x00000000de000000| Complete 
|1505|0x00000000de100000, 0x00000000de200000, 0x00000000de200000|100%| E|CS|TAMS 0x00000000de100000| PB 0x00000000de100000| Complete 
|1506|0x00000000de200000, 0x00000000de300000, 0x00000000de300000|100%| E|CS|TAMS 0x00000000de200000| PB 0x00000000de200000| Complete 
|1507|0x00000000de300000, 0x00000000de400000, 0x00000000de400000|100%| E|CS|TAMS 0x00000000de300000| PB 0x00000000de300000| Complete 
|1508|0x00000000de400000, 0x00000000de500000, 0x00000000de500000|100%| E|CS|TAMS 0x00000000de400000| PB 0x00000000de400000| Complete 
|1509|0x00000000de500000, 0x00000000de600000, 0x00000000de600000|100%| E|CS|TAMS 0x00000000de500000| PB 0x00000000de500000| Complete 
|1510|0x00000000de600000, 0x00000000de700000, 0x00000000de700000|100%| E|CS|TAMS 0x00000000de600000| PB 0x00000000de600000| Complete 
|1511|0x00000000de700000, 0x00000000de800000, 0x00000000de800000|100%| E|CS|TAMS 0x00000000de700000| PB 0x00000000de700000| Complete 
|1512|0x00000000de800000, 0x00000000de900000, 0x00000000de900000|100%| E|CS|TAMS 0x00000000de800000| PB 0x00000000de800000| Complete 
|1513|0x00000000de900000, 0x00000000dea00000, 0x00000000dea00000|100%| E|CS|TAMS 0x00000000de900000| PB 0x00000000de900000| Complete 
|1514|0x00000000dea00000, 0x00000000deb00000, 0x00000000deb00000|100%| E|CS|TAMS 0x00000000dea00000| PB 0x00000000dea00000| Complete 
|1515|0x00000000deb00000, 0x00000000dec00000, 0x00000000dec00000|100%| E|  |TAMS 0x00000000deb00000| PB 0x00000000deb00000| Complete 
|1516|0x00000000dec00000, 0x00000000ded00000, 0x00000000ded00000|100%| E|CS|TAMS 0x00000000dec00000| PB 0x00000000dec00000| Complete 
|1517|0x00000000ded00000, 0x00000000dee00000, 0x00000000dee00000|100%| E|CS|TAMS 0x00000000ded00000| PB 0x00000000ded00000| Complete 
|1518|0x00000000dee00000, 0x00000000def00000, 0x00000000def00000|100%| E|CS|TAMS 0x00000000dee00000| PB 0x00000000dee00000| Complete 
|1519|0x00000000def00000, 0x00000000df000000, 0x00000000df000000|100%| E|CS|TAMS 0x00000000def00000| PB 0x00000000def00000| Complete 
|1520|0x00000000df000000, 0x00000000df100000, 0x00000000df100000|100%| E|CS|TAMS 0x00000000df000000| PB 0x00000000df000000| Complete 
|1521|0x00000000df100000, 0x00000000df200000, 0x00000000df200000|100%| E|CS|TAMS 0x00000000df100000| PB 0x00000000df100000| Complete 
|1522|0x00000000df200000, 0x00000000df300000, 0x00000000df300000|100%| E|CS|TAMS 0x00000000df200000| PB 0x00000000df200000| Complete 
|1523|0x00000000df300000, 0x00000000df400000, 0x00000000df400000|100%| E|CS|TAMS 0x00000000df300000| PB 0x00000000df300000| Complete 
|1524|0x00000000df400000, 0x00000000df500000, 0x00000000df500000|100%| E|CS|TAMS 0x00000000df400000| PB 0x00000000df400000| Complete 
|1525|0x00000000df500000, 0x00000000df600000, 0x00000000df600000|100%| E|CS|TAMS 0x00000000df500000| PB 0x00000000df500000| Complete 
|1526|0x00000000df600000, 0x00000000df700000, 0x00000000df700000|100%| E|CS|TAMS 0x00000000df600000| PB 0x00000000df600000| Complete 
|1527|0x00000000df700000, 0x00000000df800000, 0x00000000df800000|100%| E|CS|TAMS 0x00000000df700000| PB 0x00000000df700000| Complete 
|1528|0x00000000df800000, 0x00000000df900000, 0x00000000df900000|100%| E|CS|TAMS 0x00000000df800000| PB 0x00000000df800000| Complete 
|1529|0x00000000df900000, 0x00000000dfa00000, 0x00000000dfa00000|100%| E|CS|TAMS 0x00000000df900000| PB 0x00000000df900000| Complete 
|1530|0x00000000dfa00000, 0x00000000dfb00000, 0x00000000dfb00000|100%| E|CS|TAMS 0x00000000dfa00000| PB 0x00000000dfa00000| Complete 
|1531|0x00000000dfb00000, 0x00000000dfc00000, 0x00000000dfc00000|100%| E|CS|TAMS 0x00000000dfb00000| PB 0x00000000dfb00000| Complete 
|1599|0x00000000e3f00000, 0x00000000e4000000, 0x00000000e4000000|100%| E|CS|TAMS 0x00000000e3f00000| PB 0x00000000e3f00000| Complete 
|1600|0x00000000e4000000, 0x00000000e4100000, 0x00000000e4100000|100%| E|CS|TAMS 0x00000000e4000000| PB 0x00000000e4000000| Complete 
|1601|0x00000000e4100000, 0x00000000e4200000, 0x00000000e4200000|100%| E|CS|TAMS 0x00000000e4100000| PB 0x00000000e4100000| Complete 
|1602|0x00000000e4200000, 0x00000000e4300000, 0x00000000e4300000|100%| O|Cm|TAMS 0x00000000e4200000| PB 0x00000000e4200000| Complete 
|1603|0x00000000e4300000, 0x00000000e4400000, 0x00000000e4400000|100%| O|Cm|TAMS 0x00000000e4300000| PB 0x00000000e4300000| Complete 
|1604|0x00000000e4400000, 0x00000000e4500000, 0x00000000e4500000|100%| O|Cm|TAMS 0x00000000e4400000| PB 0x00000000e4400000| Complete 
|1605|0x00000000e4500000, 0x00000000e4600000, 0x00000000e4600000|100%| O|Cm|TAMS 0x00000000e4500000| PB 0x00000000e4500000| Complete 
|1606|0x00000000e4600000, 0x00000000e4700000, 0x00000000e4700000|100%| O|Cm|TAMS 0x00000000e4600000| PB 0x00000000e4600000| Complete 
|1607|0x00000000e4700000, 0x00000000e4800000, 0x00000000e4800000|100%| O|Cm|TAMS 0x00000000e4700000| PB 0x00000000e4700000| Complete 
|1608|0x00000000e4800000, 0x00000000e4900000, 0x00000000e4900000|100%| O|Cm|TAMS 0x00000000e4800000| PB 0x00000000e4800000| Complete 
|1609|0x00000000e4900000, 0x00000000e4a00000, 0x00000000e4a00000|100%| O|Cm|TAMS 0x00000000e4900000| PB 0x00000000e4900000| Complete 
|1610|0x00000000e4a00000, 0x00000000e4b00000, 0x00000000e4b00000|100%| O|Cm|TAMS 0x00000000e4a00000| PB 0x00000000e4a00000| Complete 
|1611|0x00000000e4b00000, 0x00000000e4c00000, 0x00000000e4c00000|100%| O|Cm|TAMS 0x00000000e4b00000| PB 0x00000000e4b00000| Complete 
|1612|0x00000000e4c00000, 0x00000000e4d00000, 0x00000000e4d00000|100%| O|Cm|TAMS 0x00000000e4c00000| PB 0x00000000e4c00000| Complete 
|1613|0x00000000e4d00000, 0x00000000e4e00000, 0x00000000e4e00000|100%| O|Cm|TAMS 0x00000000e4d00000| PB 0x00000000e4d00000| Complete 
|1614|0x00000000e4e00000, 0x00000000e4f00000, 0x00000000e4f00000|100%| O|Cm|TAMS 0x00000000e4e00000| PB 0x00000000e4e00000| Complete 
|1615|0x00000000e4f00000, 0x00000000e5000000, 0x00000000e5000000|100%| O|Cm|TAMS 0x00000000e4f00000| PB 0x00000000e4f00000| Complete 
|1616|0x00000000e5000000, 0x00000000e5100000, 0x00000000e5100000|100%| O|Cm|TAMS 0x00000000e5000000| PB 0x00000000e5000000| Complete 
|1617|0x00000000e5100000, 0x00000000e5200000, 0x00000000e5200000|100%| E|CS|TAMS 0x00000000e5100000| PB 0x00000000e5100000| Complete 
|1618|0x00000000e5200000, 0x00000000e5300000, 0x00000000e5300000|100%| E|CS|TAMS 0x00000000e5200000| PB 0x00000000e5200000| Complete 
|1619|0x00000000e5300000, 0x00000000e5400000, 0x00000000e5400000|100%| E|CS|TAMS 0x00000000e5300000| PB 0x00000000e5300000| Complete 
|1620|0x00000000e5400000, 0x00000000e5500000, 0x00000000e5500000|100%| E|CS|TAMS 0x00000000e5400000| PB 0x00000000e5400000| Complete 
|1621|0x00000000e5500000, 0x00000000e5600000, 0x00000000e5600000|100%| E|CS|TAMS 0x00000000e5500000| PB 0x00000000e5500000| Complete 
|1622|0x00000000e5600000, 0x00000000e5700000, 0x00000000e5700000|100%| E|CS|TAMS 0x00000000e5600000| PB 0x00000000e5600000| Complete 
|1623|0x00000000e5700000, 0x00000000e5800000, 0x00000000e5800000|100%| E|CS|TAMS 0x00000000e5700000| PB 0x00000000e5700000| Complete 
|1624|0x00000000e5800000, 0x00000000e5900000, 0x00000000e5900000|100%| E|CS|TAMS 0x00000000e5800000| PB 0x00000000e5800000| Complete 
|1625|0x00000000e5900000, 0x00000000e5a00000, 0x00000000e5a00000|100%| E|CS|TAMS 0x00000000e5900000| PB 0x00000000e5900000| Complete 
|1626|0x00000000e5a00000, 0x00000000e5b00000, 0x00000000e5b00000|100%| E|CS|TAMS 0x00000000e5a00000| PB 0x00000000e5a00000| Complete 
|1627|0x00000000e5b00000, 0x00000000e5c00000, 0x00000000e5c00000|100%| E|CS|TAMS 0x00000000e5b00000| PB 0x00000000e5b00000| Complete 
|1628|0x00000000e5c00000, 0x00000000e5d00000, 0x00000000e5d00000|100%| E|CS|TAMS 0x00000000e5c00000| PB 0x00000000e5c00000| Complete 
|1629|0x00000000e5d00000, 0x00000000e5e00000, 0x00000000e5e00000|100%| E|CS|TAMS 0x00000000e5d00000| PB 0x00000000e5d00000| Complete 
|1630|0x00000000e5e00000, 0x00000000e5f00000, 0x00000000e5f00000|100%| E|CS|TAMS 0x00000000e5e00000| PB 0x00000000e5e00000| Complete 
|1631|0x00000000e5f00000, 0x00000000e6000000, 0x00000000e6000000|100%| E|CS|TAMS 0x00000000e5f00000| PB 0x00000000e5f00000| Complete 
|1632|0x00000000e6000000, 0x00000000e6100000, 0x00000000e6100000|100%| E|CS|TAMS 0x00000000e6000000| PB 0x00000000e6000000| Complete 
|1633|0x00000000e6100000, 0x00000000e6200000, 0x00000000e6200000|100%| E|CS|TAMS 0x00000000e6100000| PB 0x00000000e6100000| Complete 
|1634|0x00000000e6200000, 0x00000000e6300000, 0x00000000e6300000|100%| E|CS|TAMS 0x00000000e6200000| PB 0x00000000e6200000| Complete 
|1635|0x00000000e6300000, 0x00000000e6400000, 0x00000000e6400000|100%| E|CS|TAMS 0x00000000e6300000| PB 0x00000000e6300000| Complete 
|1636|0x00000000e6400000, 0x00000000e6500000, 0x00000000e6500000|100%| E|CS|TAMS 0x00000000e6400000| PB 0x00000000e6400000| Complete 
|1637|0x00000000e6500000, 0x00000000e6600000, 0x00000000e6600000|100%| E|CS|TAMS 0x00000000e6500000| PB 0x00000000e6500000| Complete 
|1638|0x00000000e6600000, 0x00000000e6700000, 0x00000000e6700000|100%| E|CS|TAMS 0x00000000e6600000| PB 0x00000000e6600000| Complete 
|1639|0x00000000e6700000, 0x00000000e6800000, 0x00000000e6800000|100%| E|CS|TAMS 0x00000000e6700000| PB 0x00000000e6700000| Complete 
|1640|0x00000000e6800000, 0x00000000e6900000, 0x00000000e6900000|100%| E|CS|TAMS 0x00000000e6800000| PB 0x00000000e6800000| Complete 
|1641|0x00000000e6900000, 0x00000000e6a00000, 0x00000000e6a00000|100%| E|CS|TAMS 0x00000000e6900000| PB 0x00000000e6900000| Complete 
|1642|0x00000000e6a00000, 0x00000000e6b00000, 0x00000000e6b00000|100%| E|CS|TAMS 0x00000000e6a00000| PB 0x00000000e6a00000| Complete 
|1643|0x00000000e6b00000, 0x00000000e6c00000, 0x00000000e6c00000|100%| E|CS|TAMS 0x00000000e6b00000| PB 0x00000000e6b00000| Complete 
|1644|0x00000000e6c00000, 0x00000000e6d00000, 0x00000000e6d00000|100%| E|CS|TAMS 0x00000000e6c00000| PB 0x00000000e6c00000| Complete 
|1645|0x00000000e6d00000, 0x00000000e6e00000, 0x00000000e6e00000|100%| E|CS|TAMS 0x00000000e6d00000| PB 0x00000000e6d00000| Complete 
|1646|0x00000000e6e00000, 0x00000000e6f00000, 0x00000000e6f00000|100%| E|CS|TAMS 0x00000000e6e00000| PB 0x00000000e6e00000| Complete 
|1647|0x00000000e6f00000, 0x00000000e7000000, 0x00000000e7000000|100%| E|CS|TAMS 0x00000000e6f00000| PB 0x00000000e6f00000| Complete 
|1648|0x00000000e7000000, 0x00000000e7100000, 0x00000000e7100000|100%| E|CS|TAMS 0x00000000e7000000| PB 0x00000000e7000000| Complete 
|1649|0x00000000e7100000, 0x00000000e7200000, 0x00000000e7200000|100%| E|CS|TAMS 0x00000000e7100000| PB 0x00000000e7100000| Complete 
|1650|0x00000000e7200000, 0x00000000e7300000, 0x00000000e7300000|100%| E|CS|TAMS 0x00000000e7200000| PB 0x00000000e7200000| Complete 
|1651|0x00000000e7300000, 0x00000000e7400000, 0x00000000e7400000|100%| E|CS|TAMS 0x00000000e7300000| PB 0x00000000e7300000| Complete 
|1652|0x00000000e7400000, 0x00000000e7500000, 0x00000000e7500000|100%| E|CS|TAMS 0x00000000e7400000| PB 0x00000000e7400000| Complete 
|1653|0x00000000e7500000, 0x00000000e7600000, 0x00000000e7600000|100%| E|CS|TAMS 0x00000000e7500000| PB 0x00000000e7500000| Complete 
|1654|0x00000000e7600000, 0x00000000e7700000, 0x00000000e7700000|100%| E|CS|TAMS 0x00000000e7600000| PB 0x00000000e7600000| Complete 
|1655|0x00000000e7700000, 0x00000000e7800000, 0x00000000e7800000|100%| E|CS|TAMS 0x00000000e7700000| PB 0x00000000e7700000| Complete 
|1656|0x00000000e7800000, 0x00000000e7900000, 0x00000000e7900000|100%| E|CS|TAMS 0x00000000e7800000| PB 0x00000000e7800000| Complete 
|1657|0x00000000e7900000, 0x00000000e7a00000, 0x00000000e7a00000|100%| E|CS|TAMS 0x00000000e7900000| PB 0x00000000e7900000| Complete 
|1658|0x00000000e7a00000, 0x00000000e7b00000, 0x00000000e7b00000|100%| E|CS|TAMS 0x00000000e7a00000| PB 0x00000000e7a00000| Complete 
|1659|0x00000000e7b00000, 0x00000000e7c00000, 0x00000000e7c00000|100%| E|CS|TAMS 0x00000000e7b00000| PB 0x00000000e7b00000| Complete 
|1660|0x00000000e7c00000, 0x00000000e7d00000, 0x00000000e7d00000|100%| E|CS|TAMS 0x00000000e7c00000| PB 0x00000000e7c00000| Complete 
|1661|0x00000000e7d00000, 0x00000000e7e00000, 0x00000000e7e00000|100%| E|CS|TAMS 0x00000000e7d00000| PB 0x00000000e7d00000| Complete 
|1662|0x00000000e7e00000, 0x00000000e7f00000, 0x00000000e7f00000|100%| E|CS|TAMS 0x00000000e7e00000| PB 0x00000000e7e00000| Complete 
|1663|0x00000000e7f00000, 0x00000000e8000000, 0x00000000e8000000|100%| E|CS|TAMS 0x00000000e7f00000| PB 0x00000000e7f00000| Complete 
|1664|0x00000000e8000000, 0x00000000e8100000, 0x00000000e8100000|100%| E|CS|TAMS 0x00000000e8000000| PB 0x00000000e8000000| Complete 
|1665|0x00000000e8100000, 0x00000000e8200000, 0x00000000e8200000|100%| E|CS|TAMS 0x00000000e8100000| PB 0x00000000e8100000| Complete 
|1666|0x00000000e8200000, 0x00000000e8300000, 0x00000000e8300000|100%| E|CS|TAMS 0x00000000e8200000| PB 0x00000000e8200000| Complete 
|1667|0x00000000e8300000, 0x00000000e8400000, 0x00000000e8400000|100%| E|CS|TAMS 0x00000000e8300000| PB 0x00000000e8300000| Complete 
|1668|0x00000000e8400000, 0x00000000e8500000, 0x00000000e8500000|100%| E|CS|TAMS 0x00000000e8400000| PB 0x00000000e8400000| Complete 
|1669|0x00000000e8500000, 0x00000000e8600000, 0x00000000e8600000|100%| E|CS|TAMS 0x00000000e8500000| PB 0x00000000e8500000| Complete 
|1670|0x00000000e8600000, 0x00000000e8700000, 0x00000000e8700000|100%| E|CS|TAMS 0x00000000e8600000| PB 0x00000000e8600000| Complete 
|1671|0x00000000e8700000, 0x00000000e8800000, 0x00000000e8800000|100%| E|CS|TAMS 0x00000000e8700000| PB 0x00000000e8700000| Complete 
|1672|0x00000000e8800000, 0x00000000e8900000, 0x00000000e8900000|100%| E|CS|TAMS 0x00000000e8800000| PB 0x00000000e8800000| Complete 
|1673|0x00000000e8900000, 0x00000000e8a00000, 0x00000000e8a00000|100%| E|CS|TAMS 0x00000000e8900000| PB 0x00000000e8900000| Complete 
|1674|0x00000000e8a00000, 0x00000000e8b00000, 0x00000000e8b00000|100%| E|CS|TAMS 0x00000000e8a00000| PB 0x00000000e8a00000| Complete 
|1675|0x00000000e8b00000, 0x00000000e8c00000, 0x00000000e8c00000|100%| E|CS|TAMS 0x00000000e8b00000| PB 0x00000000e8b00000| Complete 
|1676|0x00000000e8c00000, 0x00000000e8d00000, 0x00000000e8d00000|100%| E|CS|TAMS 0x00000000e8c00000| PB 0x00000000e8c00000| Complete 
|1677|0x00000000e8d00000, 0x00000000e8e00000, 0x00000000e8e00000|100%| E|CS|TAMS 0x00000000e8d00000| PB 0x00000000e8d00000| Complete 
|1678|0x00000000e8e00000, 0x00000000e8f00000, 0x00000000e8f00000|100%| E|CS|TAMS 0x00000000e8e00000| PB 0x00000000e8e00000| Complete 
|1679|0x00000000e8f00000, 0x00000000e9000000, 0x00000000e9000000|100%| E|CS|TAMS 0x00000000e8f00000| PB 0x00000000e8f00000| Complete 
|1680|0x00000000e9000000, 0x00000000e9100000, 0x00000000e9100000|100%| E|CS|TAMS 0x00000000e9000000| PB 0x00000000e9000000| Complete 
|1681|0x00000000e9100000, 0x00000000e9200000, 0x00000000e9200000|100%| E|CS|TAMS 0x00000000e9100000| PB 0x00000000e9100000| Complete 
|1682|0x00000000e9200000, 0x00000000e9300000, 0x00000000e9300000|100%| E|CS|TAMS 0x00000000e9200000| PB 0x00000000e9200000| Complete 
|1683|0x00000000e9300000, 0x00000000e9400000, 0x00000000e9400000|100%| E|CS|TAMS 0x00000000e9300000| PB 0x00000000e9300000| Complete 
|1684|0x00000000e9400000, 0x00000000e9500000, 0x00000000e9500000|100%| E|CS|TAMS 0x00000000e9400000| PB 0x00000000e9400000| Complete 
|1685|0x00000000e9500000, 0x00000000e9600000, 0x00000000e9600000|100%| E|CS|TAMS 0x00000000e9500000| PB 0x00000000e9500000| Complete 
|1686|0x00000000e9600000, 0x00000000e9700000, 0x00000000e9700000|100%| E|CS|TAMS 0x00000000e9600000| PB 0x00000000e9600000| Complete 
|1687|0x00000000e9700000, 0x00000000e9800000, 0x00000000e9800000|100%| E|CS|TAMS 0x00000000e9700000| PB 0x00000000e9700000| Complete 
|1688|0x00000000e9800000, 0x00000000e9900000, 0x00000000e9900000|100%| E|CS|TAMS 0x00000000e9800000| PB 0x00000000e9800000| Complete 
|1689|0x00000000e9900000, 0x00000000e9a00000, 0x00000000e9a00000|100%| E|CS|TAMS 0x00000000e9900000| PB 0x00000000e9900000| Complete 
|1690|0x00000000e9a00000, 0x00000000e9b00000, 0x00000000e9b00000|100%| E|CS|TAMS 0x00000000e9a00000| PB 0x00000000e9a00000| Complete 
|1691|0x00000000e9b00000, 0x00000000e9c00000, 0x00000000e9c00000|100%| E|CS|TAMS 0x00000000e9b00000| PB 0x00000000e9b00000| Complete 
|1692|0x00000000e9c00000, 0x00000000e9d00000, 0x00000000e9d00000|100%| E|CS|TAMS 0x00000000e9c00000| PB 0x00000000e9c00000| Complete 
|1693|0x00000000e9d00000, 0x00000000e9e00000, 0x00000000e9e00000|100%| E|CS|TAMS 0x00000000e9d00000| PB 0x00000000e9d00000| Complete 
|1694|0x00000000e9e00000, 0x00000000e9f00000, 0x00000000e9f00000|100%| E|CS|TAMS 0x00000000e9e00000| PB 0x00000000e9e00000| Complete 
|1695|0x00000000e9f00000, 0x00000000ea000000, 0x00000000ea000000|100%| E|CS|TAMS 0x00000000e9f00000| PB 0x00000000e9f00000| Complete 
|1696|0x00000000ea000000, 0x00000000ea100000, 0x00000000ea100000|100%| E|CS|TAMS 0x00000000ea000000| PB 0x00000000ea000000| Complete 
|1697|0x00000000ea100000, 0x00000000ea200000, 0x00000000ea200000|100%| E|CS|TAMS 0x00000000ea100000| PB 0x00000000ea100000| Complete 
|1698|0x00000000ea200000, 0x00000000ea300000, 0x00000000ea300000|100%| E|CS|TAMS 0x00000000ea200000| PB 0x00000000ea200000| Complete 
|1699|0x00000000ea300000, 0x00000000ea400000, 0x00000000ea400000|100%| E|CS|TAMS 0x00000000ea300000| PB 0x00000000ea300000| Complete 
|1700|0x00000000ea400000, 0x00000000ea500000, 0x00000000ea500000|100%| E|CS|TAMS 0x00000000ea400000| PB 0x00000000ea400000| Complete 
|1701|0x00000000ea500000, 0x00000000ea600000, 0x00000000ea600000|100%| E|CS|TAMS 0x00000000ea500000| PB 0x00000000ea500000| Complete 
|1702|0x00000000ea600000, 0x00000000ea700000, 0x00000000ea700000|100%| E|CS|TAMS 0x00000000ea600000| PB 0x00000000ea600000| Complete 
|1703|0x00000000ea700000, 0x00000000ea800000, 0x00000000ea800000|100%| E|CS|TAMS 0x00000000ea700000| PB 0x00000000ea700000| Complete 
|1704|0x00000000ea800000, 0x00000000ea900000, 0x00000000ea900000|100%| E|CS|TAMS 0x00000000ea800000| PB 0x00000000ea800000| Complete 
|1705|0x00000000ea900000, 0x00000000eaa00000, 0x00000000eaa00000|100%| E|CS|TAMS 0x00000000ea900000| PB 0x00000000ea900000| Complete 
|1706|0x00000000eaa00000, 0x00000000eab00000, 0x00000000eab00000|100%| E|CS|TAMS 0x00000000eaa00000| PB 0x00000000eaa00000| Complete 
|1707|0x00000000eab00000, 0x00000000eac00000, 0x00000000eac00000|100%| E|CS|TAMS 0x00000000eab00000| PB 0x00000000eab00000| Complete 
|1708|0x00000000eac00000, 0x00000000ead00000, 0x00000000ead00000|100%| E|CS|TAMS 0x00000000eac00000| PB 0x00000000eac00000| Complete 
|1709|0x00000000ead00000, 0x00000000eae00000, 0x00000000eae00000|100%| E|CS|TAMS 0x00000000ead00000| PB 0x00000000ead00000| Complete 
|1710|0x00000000eae00000, 0x00000000eaf00000, 0x00000000eaf00000|100%| E|CS|TAMS 0x00000000eae00000| PB 0x00000000eae00000| Complete 
|1711|0x00000000eaf00000, 0x00000000eb000000, 0x00000000eb000000|100%| E|CS|TAMS 0x00000000eaf00000| PB 0x00000000eaf00000| Complete 
|1712|0x00000000eb000000, 0x00000000eb100000, 0x00000000eb100000|100%| E|CS|TAMS 0x00000000eb000000| PB 0x00000000eb000000| Complete 
|1713|0x00000000eb100000, 0x00000000eb200000, 0x00000000eb200000|100%| E|CS|TAMS 0x00000000eb100000| PB 0x00000000eb100000| Complete 
|1714|0x00000000eb200000, 0x00000000eb300000, 0x00000000eb300000|100%| E|CS|TAMS 0x00000000eb200000| PB 0x00000000eb200000| Complete 
|1715|0x00000000eb300000, 0x00000000eb400000, 0x00000000eb400000|100%| E|CS|TAMS 0x00000000eb300000| PB 0x00000000eb300000| Complete 
|1716|0x00000000eb400000, 0x00000000eb500000, 0x00000000eb500000|100%| E|CS|TAMS 0x00000000eb400000| PB 0x00000000eb400000| Complete 
|1717|0x00000000eb500000, 0x00000000eb600000, 0x00000000eb600000|100%| E|CS|TAMS 0x00000000eb500000| PB 0x00000000eb500000| Complete 
|1718|0x00000000eb600000, 0x00000000eb700000, 0x00000000eb700000|100%| E|CS|TAMS 0x00000000eb600000| PB 0x00000000eb600000| Complete 
|1719|0x00000000eb700000, 0x00000000eb800000, 0x00000000eb800000|100%| E|CS|TAMS 0x00000000eb700000| PB 0x00000000eb700000| Complete 
|1720|0x00000000eb800000, 0x00000000eb900000, 0x00000000eb900000|100%| E|CS|TAMS 0x00000000eb800000| PB 0x00000000eb800000| Complete 
|1721|0x00000000eb900000, 0x00000000eba00000, 0x00000000eba00000|100%| E|CS|TAMS 0x00000000eb900000| PB 0x00000000eb900000| Complete 
|1722|0x00000000eba00000, 0x00000000ebb00000, 0x00000000ebb00000|100%| E|CS|TAMS 0x00000000eba00000| PB 0x00000000eba00000| Complete 
|1723|0x00000000ebb00000, 0x00000000ebc00000, 0x00000000ebc00000|100%| E|CS|TAMS 0x00000000ebb00000| PB 0x00000000ebb00000| Complete 
|1724|0x00000000ebc00000, 0x00000000ebd00000, 0x00000000ebd00000|100%| E|CS|TAMS 0x00000000ebc00000| PB 0x00000000ebc00000| Complete 
|1725|0x00000000ebd00000, 0x00000000ebe00000, 0x00000000ebe00000|100%| E|CS|TAMS 0x00000000ebd00000| PB 0x00000000ebd00000| Complete 
|1726|0x00000000ebe00000, 0x00000000ebf00000, 0x00000000ebf00000|100%| E|CS|TAMS 0x00000000ebe00000| PB 0x00000000ebe00000| Complete 
|1727|0x00000000ebf00000, 0x00000000ec000000, 0x00000000ec000000|100%| E|CS|TAMS 0x00000000ebf00000| PB 0x00000000ebf00000| Complete 
|1728|0x00000000ec000000, 0x00000000ec100000, 0x00000000ec100000|100%| E|CS|TAMS 0x00000000ec000000| PB 0x00000000ec000000| Complete 
|1729|0x00000000ec100000, 0x00000000ec200000, 0x00000000ec200000|100%| E|CS|TAMS 0x00000000ec100000| PB 0x00000000ec100000| Complete 
|1730|0x00000000ec200000, 0x00000000ec300000, 0x00000000ec300000|100%| E|CS|TAMS 0x00000000ec200000| PB 0x00000000ec200000| Complete 
|1731|0x00000000ec300000, 0x00000000ec400000, 0x00000000ec400000|100%| E|CS|TAMS 0x00000000ec300000| PB 0x00000000ec300000| Complete 
|1732|0x00000000ec400000, 0x00000000ec500000, 0x00000000ec500000|100%| E|CS|TAMS 0x00000000ec400000| PB 0x00000000ec400000| Complete 
|1733|0x00000000ec500000, 0x00000000ec600000, 0x00000000ec600000|100%| E|CS|TAMS 0x00000000ec500000| PB 0x00000000ec500000| Complete 
|1734|0x00000000ec600000, 0x00000000ec700000, 0x00000000ec700000|100%| E|CS|TAMS 0x00000000ec600000| PB 0x00000000ec600000| Complete 
|1735|0x00000000ec700000, 0x00000000ec800000, 0x00000000ec800000|100%| E|CS|TAMS 0x00000000ec700000| PB 0x00000000ec700000| Complete 
|1736|0x00000000ec800000, 0x00000000ec900000, 0x00000000ec900000|100%| E|CS|TAMS 0x00000000ec800000| PB 0x00000000ec800000| Complete 
|1737|0x00000000ec900000, 0x00000000eca00000, 0x00000000eca00000|100%| E|CS|TAMS 0x00000000ec900000| PB 0x00000000ec900000| Complete 
|1738|0x00000000eca00000, 0x00000000ecb00000, 0x00000000ecb00000|100%| E|CS|TAMS 0x00000000eca00000| PB 0x00000000eca00000| Complete 
|1739|0x00000000ecb00000, 0x00000000ecc00000, 0x00000000ecc00000|100%| E|CS|TAMS 0x00000000ecb00000| PB 0x00000000ecb00000| Complete 
|1740|0x00000000ecc00000, 0x00000000ecd00000, 0x00000000ecd00000|100%| E|CS|TAMS 0x00000000ecc00000| PB 0x00000000ecc00000| Complete 
|1741|0x00000000ecd00000, 0x00000000ece00000, 0x00000000ece00000|100%| E|CS|TAMS 0x00000000ecd00000| PB 0x00000000ecd00000| Complete 
|1742|0x00000000ece00000, 0x00000000ecf00000, 0x00000000ecf00000|100%| E|CS|TAMS 0x00000000ece00000| PB 0x00000000ece00000| Complete 
|1743|0x00000000ecf00000, 0x00000000ed000000, 0x00000000ed000000|100%| E|CS|TAMS 0x00000000ecf00000| PB 0x00000000ecf00000| Complete 
|1744|0x00000000ed000000, 0x00000000ed100000, 0x00000000ed100000|100%| E|CS|TAMS 0x00000000ed000000| PB 0x00000000ed000000| Complete 
|1745|0x00000000ed100000, 0x00000000ed200000, 0x00000000ed200000|100%| E|CS|TAMS 0x00000000ed100000| PB 0x00000000ed100000| Complete 
|1746|0x00000000ed200000, 0x00000000ed300000, 0x00000000ed300000|100%| E|CS|TAMS 0x00000000ed200000| PB 0x00000000ed200000| Complete 
|1747|0x00000000ed300000, 0x00000000ed400000, 0x00000000ed400000|100%| E|CS|TAMS 0x00000000ed300000| PB 0x00000000ed300000| Complete 
|1748|0x00000000ed400000, 0x00000000ed500000, 0x00000000ed500000|100%| E|CS|TAMS 0x00000000ed400000| PB 0x00000000ed400000| Complete 
|1749|0x00000000ed500000, 0x00000000ed600000, 0x00000000ed600000|100%| E|CS|TAMS 0x00000000ed500000| PB 0x00000000ed500000| Complete 
|1750|0x00000000ed600000, 0x00000000ed700000, 0x00000000ed700000|100%| E|CS|TAMS 0x00000000ed600000| PB 0x00000000ed600000| Complete 
|1751|0x00000000ed700000, 0x00000000ed800000, 0x00000000ed800000|100%| E|CS|TAMS 0x00000000ed700000| PB 0x00000000ed700000| Complete 
|1752|0x00000000ed800000, 0x00000000ed900000, 0x00000000ed900000|100%| E|CS|TAMS 0x00000000ed800000| PB 0x00000000ed800000| Complete 
|1753|0x00000000ed900000, 0x00000000eda00000, 0x00000000eda00000|100%| E|CS|TAMS 0x00000000ed900000| PB 0x00000000ed900000| Complete 
|1754|0x00000000eda00000, 0x00000000edb00000, 0x00000000edb00000|100%| E|CS|TAMS 0x00000000eda00000| PB 0x00000000eda00000| Complete 
|1755|0x00000000edb00000, 0x00000000edc00000, 0x00000000edc00000|100%| E|CS|TAMS 0x00000000edb00000| PB 0x00000000edb00000| Complete 
|1756|0x00000000edc00000, 0x00000000edd00000, 0x00000000edd00000|100%| E|CS|TAMS 0x00000000edc00000| PB 0x00000000edc00000| Complete 
|1757|0x00000000edd00000, 0x00000000ede00000, 0x00000000ede00000|100%| E|CS|TAMS 0x00000000edd00000| PB 0x00000000edd00000| Complete 
|1758|0x00000000ede00000, 0x00000000edf00000, 0x00000000edf00000|100%| E|CS|TAMS 0x00000000ede00000| PB 0x00000000ede00000| Complete 
|1759|0x00000000edf00000, 0x00000000ee000000, 0x00000000ee000000|100%| E|CS|TAMS 0x00000000edf00000| PB 0x00000000edf00000| Complete 
|1760|0x00000000ee000000, 0x00000000ee100000, 0x00000000ee100000|100%| E|CS|TAMS 0x00000000ee000000| PB 0x00000000ee000000| Complete 
|1761|0x00000000ee100000, 0x00000000ee200000, 0x00000000ee200000|100%| E|CS|TAMS 0x00000000ee100000| PB 0x00000000ee100000| Complete 
|1762|0x00000000ee200000, 0x00000000ee300000, 0x00000000ee300000|100%| E|CS|TAMS 0x00000000ee200000| PB 0x00000000ee200000| Complete 
|1763|0x00000000ee300000, 0x00000000ee400000, 0x00000000ee400000|100%| E|CS|TAMS 0x00000000ee300000| PB 0x00000000ee300000| Complete 
|1764|0x00000000ee400000, 0x00000000ee500000, 0x00000000ee500000|100%| E|CS|TAMS 0x00000000ee400000| PB 0x00000000ee400000| Complete 
|1765|0x00000000ee500000, 0x00000000ee600000, 0x00000000ee600000|100%| E|CS|TAMS 0x00000000ee500000| PB 0x00000000ee500000| Complete 
|1766|0x00000000ee600000, 0x00000000ee700000, 0x00000000ee700000|100%| E|CS|TAMS 0x00000000ee600000| PB 0x00000000ee600000| Complete 
|1767|0x00000000ee700000, 0x00000000ee800000, 0x00000000ee800000|100%| E|CS|TAMS 0x00000000ee700000| PB 0x00000000ee700000| Complete 
|1768|0x00000000ee800000, 0x00000000ee900000, 0x00000000ee900000|100%| E|CS|TAMS 0x00000000ee800000| PB 0x00000000ee800000| Complete 
|1769|0x00000000ee900000, 0x00000000eea00000, 0x00000000eea00000|100%| E|CS|TAMS 0x00000000ee900000| PB 0x00000000ee900000| Complete 
|1770|0x00000000eea00000, 0x00000000eeb00000, 0x00000000eeb00000|100%| E|CS|TAMS 0x00000000eea00000| PB 0x00000000eea00000| Complete 
|1771|0x00000000eeb00000, 0x00000000eec00000, 0x00000000eec00000|100%| E|CS|TAMS 0x00000000eeb00000| PB 0x00000000eeb00000| Complete 
|1772|0x00000000eec00000, 0x00000000eed00000, 0x00000000eed00000|100%| E|CS|TAMS 0x00000000eec00000| PB 0x00000000eec00000| Complete 
|1773|0x00000000eed00000, 0x00000000eee00000, 0x00000000eee00000|100%| E|CS|TAMS 0x00000000eed00000| PB 0x00000000eed00000| Complete 
|1774|0x00000000eee00000, 0x00000000eef00000, 0x00000000eef00000|100%| E|CS|TAMS 0x00000000eee00000| PB 0x00000000eee00000| Complete 
|1775|0x00000000eef00000, 0x00000000ef000000, 0x00000000ef000000|100%| E|CS|TAMS 0x00000000eef00000| PB 0x00000000eef00000| Complete 
|1776|0x00000000ef000000, 0x00000000ef100000, 0x00000000ef100000|100%| E|CS|TAMS 0x00000000ef000000| PB 0x00000000ef000000| Complete 
|1777|0x00000000ef100000, 0x00000000ef200000, 0x00000000ef200000|100%| E|CS|TAMS 0x00000000ef100000| PB 0x00000000ef100000| Complete 
|1778|0x00000000ef200000, 0x00000000ef300000, 0x00000000ef300000|100%| E|CS|TAMS 0x00000000ef200000| PB 0x00000000ef200000| Complete 
|1779|0x00000000ef300000, 0x00000000ef400000, 0x00000000ef400000|100%| E|CS|TAMS 0x00000000ef300000| PB 0x00000000ef300000| Complete 
|1780|0x00000000ef400000, 0x00000000ef500000, 0x00000000ef500000|100%| E|CS|TAMS 0x00000000ef400000| PB 0x00000000ef400000| Complete 
|1781|0x00000000ef500000, 0x00000000ef600000, 0x00000000ef600000|100%| E|CS|TAMS 0x00000000ef500000| PB 0x00000000ef500000| Complete 
|1782|0x00000000ef600000, 0x00000000ef700000, 0x00000000ef700000|100%| E|CS|TAMS 0x00000000ef600000| PB 0x00000000ef600000| Complete 
|1783|0x00000000ef700000, 0x00000000ef800000, 0x00000000ef800000|100%| E|CS|TAMS 0x00000000ef700000| PB 0x00000000ef700000| Complete 
|1784|0x00000000ef800000, 0x00000000ef900000, 0x00000000ef900000|100%| E|CS|TAMS 0x00000000ef800000| PB 0x00000000ef800000| Complete 
|1785|0x00000000ef900000, 0x00000000efa00000, 0x00000000efa00000|100%| E|CS|TAMS 0x00000000ef900000| PB 0x00000000ef900000| Complete 
|1786|0x00000000efa00000, 0x00000000efb00000, 0x00000000efb00000|100%| E|CS|TAMS 0x00000000efa00000| PB 0x00000000efa00000| Complete 
|1787|0x00000000efb00000, 0x00000000efc00000, 0x00000000efc00000|100%| E|CS|TAMS 0x00000000efb00000| PB 0x00000000efb00000| Complete 
|1788|0x00000000efc00000, 0x00000000efd00000, 0x00000000efd00000|100%| E|CS|TAMS 0x00000000efc00000| PB 0x00000000efc00000| Complete 
|1789|0x00000000efd00000, 0x00000000efe00000, 0x00000000efe00000|100%| E|CS|TAMS 0x00000000efd00000| PB 0x00000000efd00000| Complete 
|1790|0x00000000efe00000, 0x00000000eff00000, 0x00000000eff00000|100%| E|CS|TAMS 0x00000000efe00000| PB 0x00000000efe00000| Complete 
|1791|0x00000000eff00000, 0x00000000f0000000, 0x00000000f0000000|100%| E|CS|TAMS 0x00000000eff00000| PB 0x00000000eff00000| Complete 
|1792|0x00000000f0000000, 0x00000000f0100000, 0x00000000f0100000|100%| E|CS|TAMS 0x00000000f0000000| PB 0x00000000f0000000| Complete 
|1793|0x00000000f0100000, 0x00000000f0200000, 0x00000000f0200000|100%| E|CS|TAMS 0x00000000f0100000| PB 0x00000000f0100000| Complete 
|1794|0x00000000f0200000, 0x00000000f0300000, 0x00000000f0300000|100%| E|CS|TAMS 0x00000000f0200000| PB 0x00000000f0200000| Complete 
|1795|0x00000000f0300000, 0x00000000f0400000, 0x00000000f0400000|100%| E|CS|TAMS 0x00000000f0300000| PB 0x00000000f0300000| Complete 
|1796|0x00000000f0400000, 0x00000000f0500000, 0x00000000f0500000|100%| E|CS|TAMS 0x00000000f0400000| PB 0x00000000f0400000| Complete 
|1797|0x00000000f0500000, 0x00000000f0600000, 0x00000000f0600000|100%| E|CS|TAMS 0x00000000f0500000| PB 0x00000000f0500000| Complete 
|1798|0x00000000f0600000, 0x00000000f0700000, 0x00000000f0700000|100%| E|CS|TAMS 0x00000000f0600000| PB 0x00000000f0600000| Complete 
|1799|0x00000000f0700000, 0x00000000f0800000, 0x00000000f0800000|100%| E|CS|TAMS 0x00000000f0700000| PB 0x00000000f0700000| Complete 
|1800|0x00000000f0800000, 0x00000000f0900000, 0x00000000f0900000|100%| E|CS|TAMS 0x00000000f0800000| PB 0x00000000f0800000| Complete 
|1801|0x00000000f0900000, 0x00000000f0a00000, 0x00000000f0a00000|100%| E|CS|TAMS 0x00000000f0900000| PB 0x00000000f0900000| Complete 
|1802|0x00000000f0a00000, 0x00000000f0b00000, 0x00000000f0b00000|100%| E|CS|TAMS 0x00000000f0a00000| PB 0x00000000f0a00000| Complete 
|1803|0x00000000f0b00000, 0x00000000f0c00000, 0x00000000f0c00000|100%| E|CS|TAMS 0x00000000f0b00000| PB 0x00000000f0b00000| Complete 
|1804|0x00000000f0c00000, 0x00000000f0d00000, 0x00000000f0d00000|100%| E|CS|TAMS 0x00000000f0c00000| PB 0x00000000f0c00000| Complete 
|1805|0x00000000f0d00000, 0x00000000f0e00000, 0x00000000f0e00000|100%| E|CS|TAMS 0x00000000f0d00000| PB 0x00000000f0d00000| Complete 
|1806|0x00000000f0e00000, 0x00000000f0f00000, 0x00000000f0f00000|100%| E|CS|TAMS 0x00000000f0e00000| PB 0x00000000f0e00000| Complete 
|1807|0x00000000f0f00000, 0x00000000f1000000, 0x00000000f1000000|100%| E|CS|TAMS 0x00000000f0f00000| PB 0x00000000f0f00000| Complete 
|1808|0x00000000f1000000, 0x00000000f1100000, 0x00000000f1100000|100%| E|CS|TAMS 0x00000000f1000000| PB 0x00000000f1000000| Complete 
|1809|0x00000000f1100000, 0x00000000f1200000, 0x00000000f1200000|100%| E|CS|TAMS 0x00000000f1100000| PB 0x00000000f1100000| Complete 
|1810|0x00000000f1200000, 0x00000000f1300000, 0x00000000f1300000|100%| E|CS|TAMS 0x00000000f1200000| PB 0x00000000f1200000| Complete 
|1811|0x00000000f1300000, 0x00000000f1400000, 0x00000000f1400000|100%| E|CS|TAMS 0x00000000f1300000| PB 0x00000000f1300000| Complete 
|1812|0x00000000f1400000, 0x00000000f1500000, 0x00000000f1500000|100%| E|CS|TAMS 0x00000000f1400000| PB 0x00000000f1400000| Complete 
|1813|0x00000000f1500000, 0x00000000f1600000, 0x00000000f1600000|100%| E|CS|TAMS 0x00000000f1500000| PB 0x00000000f1500000| Complete 
|1814|0x00000000f1600000, 0x00000000f1700000, 0x00000000f1700000|100%| E|CS|TAMS 0x00000000f1600000| PB 0x00000000f1600000| Complete 
|1815|0x00000000f1700000, 0x00000000f1800000, 0x00000000f1800000|100%| E|CS|TAMS 0x00000000f1700000| PB 0x00000000f1700000| Complete 
|1816|0x00000000f1800000, 0x00000000f1900000, 0x00000000f1900000|100%| E|CS|TAMS 0x00000000f1800000| PB 0x00000000f1800000| Complete 
|1817|0x00000000f1900000, 0x00000000f1a00000, 0x00000000f1a00000|100%| E|CS|TAMS 0x00000000f1900000| PB 0x00000000f1900000| Complete 
|1818|0x00000000f1a00000, 0x00000000f1b00000, 0x00000000f1b00000|100%| E|CS|TAMS 0x00000000f1a00000| PB 0x00000000f1a00000| Complete 
|1819|0x00000000f1b00000, 0x00000000f1c00000, 0x00000000f1c00000|100%| E|CS|TAMS 0x00000000f1b00000| PB 0x00000000f1b00000| Complete 
|1820|0x00000000f1c00000, 0x00000000f1d00000, 0x00000000f1d00000|100%| E|CS|TAMS 0x00000000f1c00000| PB 0x00000000f1c00000| Complete 
|1821|0x00000000f1d00000, 0x00000000f1e00000, 0x00000000f1e00000|100%| E|CS|TAMS 0x00000000f1d00000| PB 0x00000000f1d00000| Complete 
|1822|0x00000000f1e00000, 0x00000000f1f00000, 0x00000000f1f00000|100%| E|CS|TAMS 0x00000000f1e00000| PB 0x00000000f1e00000| Complete 
|1823|0x00000000f1f00000, 0x00000000f2000000, 0x00000000f2000000|100%| E|CS|TAMS 0x00000000f1f00000| PB 0x00000000f1f00000| Complete 
|1824|0x00000000f2000000, 0x00000000f2100000, 0x00000000f2100000|100%| E|CS|TAMS 0x00000000f2000000| PB 0x00000000f2000000| Complete 
|1825|0x00000000f2100000, 0x00000000f2200000, 0x00000000f2200000|100%| E|CS|TAMS 0x00000000f2100000| PB 0x00000000f2100000| Complete 
|1826|0x00000000f2200000, 0x00000000f2300000, 0x00000000f2300000|100%| E|CS|TAMS 0x00000000f2200000| PB 0x00000000f2200000| Complete 
|1827|0x00000000f2300000, 0x00000000f2400000, 0x00000000f2400000|100%| E|CS|TAMS 0x00000000f2300000| PB 0x00000000f2300000| Complete 
|1828|0x00000000f2400000, 0x00000000f2500000, 0x00000000f2500000|100%| E|CS|TAMS 0x00000000f2400000| PB 0x00000000f2400000| Complete 
|1829|0x00000000f2500000, 0x00000000f2600000, 0x00000000f2600000|100%| E|CS|TAMS 0x00000000f2500000| PB 0x00000000f2500000| Complete 
|1830|0x00000000f2600000, 0x00000000f2700000, 0x00000000f2700000|100%| E|CS|TAMS 0x00000000f2600000| PB 0x00000000f2600000| Complete 
|1831|0x00000000f2700000, 0x00000000f2800000, 0x00000000f2800000|100%| E|CS|TAMS 0x00000000f2700000| PB 0x00000000f2700000| Complete 
|1832|0x00000000f2800000, 0x00000000f2900000, 0x00000000f2900000|100%| E|CS|TAMS 0x00000000f2800000| PB 0x00000000f2800000| Complete 
|1833|0x00000000f2900000, 0x00000000f2a00000, 0x00000000f2a00000|100%| E|CS|TAMS 0x00000000f2900000| PB 0x00000000f2900000| Complete 
|1834|0x00000000f2a00000, 0x00000000f2b00000, 0x00000000f2b00000|100%| E|CS|TAMS 0x00000000f2a00000| PB 0x00000000f2a00000| Complete 
|1835|0x00000000f2b00000, 0x00000000f2c00000, 0x00000000f2c00000|100%| E|CS|TAMS 0x00000000f2b00000| PB 0x00000000f2b00000| Complete 
|1836|0x00000000f2c00000, 0x00000000f2d00000, 0x00000000f2d00000|100%| E|CS|TAMS 0x00000000f2c00000| PB 0x00000000f2c00000| Complete 
|1837|0x00000000f2d00000, 0x00000000f2e00000, 0x00000000f2e00000|100%| E|CS|TAMS 0x00000000f2d00000| PB 0x00000000f2d00000| Complete 
|1838|0x00000000f2e00000, 0x00000000f2f00000, 0x00000000f2f00000|100%| E|CS|TAMS 0x00000000f2e00000| PB 0x00000000f2e00000| Complete 
|1839|0x00000000f2f00000, 0x00000000f3000000, 0x00000000f3000000|100%| E|CS|TAMS 0x00000000f2f00000| PB 0x00000000f2f00000| Complete 
|1840|0x00000000f3000000, 0x00000000f3100000, 0x00000000f3100000|100%| E|CS|TAMS 0x00000000f3000000| PB 0x00000000f3000000| Complete 
|1841|0x00000000f3100000, 0x00000000f3200000, 0x00000000f3200000|100%| E|CS|TAMS 0x00000000f3100000| PB 0x00000000f3100000| Complete 
|1842|0x00000000f3200000, 0x00000000f3300000, 0x00000000f3300000|100%| E|CS|TAMS 0x00000000f3200000| PB 0x00000000f3200000| Complete 
|1843|0x00000000f3300000, 0x00000000f3400000, 0x00000000f3400000|100%| E|CS|TAMS 0x00000000f3300000| PB 0x00000000f3300000| Complete 
|1844|0x00000000f3400000, 0x00000000f3500000, 0x00000000f3500000|100%| E|CS|TAMS 0x00000000f3400000| PB 0x00000000f3400000| Complete 
|1845|0x00000000f3500000, 0x00000000f3600000, 0x00000000f3600000|100%| E|CS|TAMS 0x00000000f3500000| PB 0x00000000f3500000| Complete 
|1846|0x00000000f3600000, 0x00000000f3700000, 0x00000000f3700000|100%| E|CS|TAMS 0x00000000f3600000| PB 0x00000000f3600000| Complete 
|1847|0x00000000f3700000, 0x00000000f3800000, 0x00000000f3800000|100%| E|CS|TAMS 0x00000000f3700000| PB 0x00000000f3700000| Complete 
|1848|0x00000000f3800000, 0x00000000f3900000, 0x00000000f3900000|100%| E|CS|TAMS 0x00000000f3800000| PB 0x00000000f3800000| Complete 
|1849|0x00000000f3900000, 0x00000000f3a00000, 0x00000000f3a00000|100%| E|CS|TAMS 0x00000000f3900000| PB 0x00000000f3900000| Complete 
|1850|0x00000000f3a00000, 0x00000000f3b00000, 0x00000000f3b00000|100%| E|CS|TAMS 0x00000000f3a00000| PB 0x00000000f3a00000| Complete 
|1851|0x00000000f3b00000, 0x00000000f3c00000, 0x00000000f3c00000|100%| E|CS|TAMS 0x00000000f3b00000| PB 0x00000000f3b00000| Complete 
|1852|0x00000000f3c00000, 0x00000000f3d00000, 0x00000000f3d00000|100%| E|CS|TAMS 0x00000000f3c00000| PB 0x00000000f3c00000| Complete 
|1853|0x00000000f3d00000, 0x00000000f3e00000, 0x00000000f3e00000|100%| E|CS|TAMS 0x00000000f3d00000| PB 0x00000000f3d00000| Complete 
|1854|0x00000000f3e00000, 0x00000000f3f00000, 0x00000000f3f00000|100%| E|CS|TAMS 0x00000000f3e00000| PB 0x00000000f3e00000| Complete 
|1855|0x00000000f3f00000, 0x00000000f4000000, 0x00000000f4000000|100%| E|CS|TAMS 0x00000000f3f00000| PB 0x00000000f3f00000| Complete 
|1856|0x00000000f4000000, 0x00000000f4100000, 0x00000000f4100000|100%| E|CS|TAMS 0x00000000f4000000| PB 0x00000000f4000000| Complete 
|1857|0x00000000f4100000, 0x00000000f4200000, 0x00000000f4200000|100%| E|CS|TAMS 0x00000000f4100000| PB 0x00000000f4100000| Complete 
|1858|0x00000000f4200000, 0x00000000f4300000, 0x00000000f4300000|100%| E|CS|TAMS 0x00000000f4200000| PB 0x00000000f4200000| Complete 
|1859|0x00000000f4300000, 0x00000000f4400000, 0x00000000f4400000|100%| E|CS|TAMS 0x00000000f4300000| PB 0x00000000f4300000| Complete 
|1860|0x00000000f4400000, 0x00000000f4500000, 0x00000000f4500000|100%| E|CS|TAMS 0x00000000f4400000| PB 0x00000000f4400000| Complete 
|1861|0x00000000f4500000, 0x00000000f4600000, 0x00000000f4600000|100%| E|CS|TAMS 0x00000000f4500000| PB 0x00000000f4500000| Complete 
|1862|0x00000000f4600000, 0x00000000f4700000, 0x00000000f4700000|100%| E|CS|TAMS 0x00000000f4600000| PB 0x00000000f4600000| Complete 
|1863|0x00000000f4700000, 0x00000000f4800000, 0x00000000f4800000|100%| E|CS|TAMS 0x00000000f4700000| PB 0x00000000f4700000| Complete 
|1864|0x00000000f4800000, 0x00000000f4900000, 0x00000000f4900000|100%| E|CS|TAMS 0x00000000f4800000| PB 0x00000000f4800000| Complete 
|1865|0x00000000f4900000, 0x00000000f4a00000, 0x00000000f4a00000|100%| E|CS|TAMS 0x00000000f4900000| PB 0x00000000f4900000| Complete 
|1866|0x00000000f4a00000, 0x00000000f4b00000, 0x00000000f4b00000|100%| E|CS|TAMS 0x00000000f4a00000| PB 0x00000000f4a00000| Complete 
|1867|0x00000000f4b00000, 0x00000000f4c00000, 0x00000000f4c00000|100%| E|CS|TAMS 0x00000000f4b00000| PB 0x00000000f4b00000| Complete 
|1868|0x00000000f4c00000, 0x00000000f4d00000, 0x00000000f4d00000|100%| E|CS|TAMS 0x00000000f4c00000| PB 0x00000000f4c00000| Complete 
|1869|0x00000000f4d00000, 0x00000000f4e00000, 0x00000000f4e00000|100%| E|CS|TAMS 0x00000000f4d00000| PB 0x00000000f4d00000| Complete 
|1870|0x00000000f4e00000, 0x00000000f4f00000, 0x00000000f4f00000|100%| E|CS|TAMS 0x00000000f4e00000| PB 0x00000000f4e00000| Complete 
|1871|0x00000000f4f00000, 0x00000000f5000000, 0x00000000f5000000|100%| E|CS|TAMS 0x00000000f4f00000| PB 0x00000000f4f00000| Complete 
|1872|0x00000000f5000000, 0x00000000f5100000, 0x00000000f5100000|100%| E|CS|TAMS 0x00000000f5000000| PB 0x00000000f5000000| Complete 
|1873|0x00000000f5100000, 0x00000000f5200000, 0x00000000f5200000|100%| E|CS|TAMS 0x00000000f5100000| PB 0x00000000f5100000| Complete 
|1874|0x00000000f5200000, 0x00000000f5300000, 0x00000000f5300000|100%| E|CS|TAMS 0x00000000f5200000| PB 0x00000000f5200000| Complete 
|1875|0x00000000f5300000, 0x00000000f5400000, 0x00000000f5400000|100%| E|CS|TAMS 0x00000000f5300000| PB 0x00000000f5300000| Complete 
|1876|0x00000000f5400000, 0x00000000f5500000, 0x00000000f5500000|100%| E|CS|TAMS 0x00000000f5400000| PB 0x00000000f5400000| Complete 
|1877|0x00000000f5500000, 0x00000000f5600000, 0x00000000f5600000|100%| E|CS|TAMS 0x00000000f5500000| PB 0x00000000f5500000| Complete 
|1878|0x00000000f5600000, 0x00000000f5700000, 0x00000000f5700000|100%| E|CS|TAMS 0x00000000f5600000| PB 0x00000000f5600000| Complete 
|1879|0x00000000f5700000, 0x00000000f5800000, 0x00000000f5800000|100%| E|CS|TAMS 0x00000000f5700000| PB 0x00000000f5700000| Complete 
|1880|0x00000000f5800000, 0x00000000f5900000, 0x00000000f5900000|100%| E|CS|TAMS 0x00000000f5800000| PB 0x00000000f5800000| Complete 
|1881|0x00000000f5900000, 0x00000000f5a00000, 0x00000000f5a00000|100%| E|CS|TAMS 0x00000000f5900000| PB 0x00000000f5900000| Complete 
|1882|0x00000000f5a00000, 0x00000000f5b00000, 0x00000000f5b00000|100%| E|CS|TAMS 0x00000000f5a00000| PB 0x00000000f5a00000| Complete 
|1883|0x00000000f5b00000, 0x00000000f5c00000, 0x00000000f5c00000|100%| E|CS|TAMS 0x00000000f5b00000| PB 0x00000000f5b00000| Complete 
|1884|0x00000000f5c00000, 0x00000000f5d00000, 0x00000000f5d00000|100%| E|CS|TAMS 0x00000000f5c00000| PB 0x00000000f5c00000| Complete 
|1885|0x00000000f5d00000, 0x00000000f5e00000, 0x00000000f5e00000|100%| E|CS|TAMS 0x00000000f5d00000| PB 0x00000000f5d00000| Complete 
|1886|0x00000000f5e00000, 0x00000000f5f00000, 0x00000000f5f00000|100%| E|CS|TAMS 0x00000000f5e00000| PB 0x00000000f5e00000| Complete 
|1887|0x00000000f5f00000, 0x00000000f6000000, 0x00000000f6000000|100%| E|CS|TAMS 0x00000000f5f00000| PB 0x00000000f5f00000| Complete 
|1888|0x00000000f6000000, 0x00000000f6100000, 0x00000000f6100000|100%| E|CS|TAMS 0x00000000f6000000| PB 0x00000000f6000000| Complete 
|1889|0x00000000f6100000, 0x00000000f6200000, 0x00000000f6200000|100%| E|CS|TAMS 0x00000000f6100000| PB 0x00000000f6100000| Complete 
|1890|0x00000000f6200000, 0x00000000f6300000, 0x00000000f6300000|100%| E|CS|TAMS 0x00000000f6200000| PB 0x00000000f6200000| Complete 
|1891|0x00000000f6300000, 0x00000000f6400000, 0x00000000f6400000|100%| E|CS|TAMS 0x00000000f6300000| PB 0x00000000f6300000| Complete 
|1892|0x00000000f6400000, 0x00000000f6500000, 0x00000000f6500000|100%| E|CS|TAMS 0x00000000f6400000| PB 0x00000000f6400000| Complete 
|1893|0x00000000f6500000, 0x00000000f6600000, 0x00000000f6600000|100%| E|CS|TAMS 0x00000000f6500000| PB 0x00000000f6500000| Complete 
|1894|0x00000000f6600000, 0x00000000f6700000, 0x00000000f6700000|100%| E|CS|TAMS 0x00000000f6600000| PB 0x00000000f6600000| Complete 
|1895|0x00000000f6700000, 0x00000000f6800000, 0x00000000f6800000|100%| E|CS|TAMS 0x00000000f6700000| PB 0x00000000f6700000| Complete 
|1896|0x00000000f6800000, 0x00000000f6900000, 0x00000000f6900000|100%| E|CS|TAMS 0x00000000f6800000| PB 0x00000000f6800000| Complete 
|1897|0x00000000f6900000, 0x00000000f6a00000, 0x00000000f6a00000|100%| E|CS|TAMS 0x00000000f6900000| PB 0x00000000f6900000| Complete 
|1898|0x00000000f6a00000, 0x00000000f6b00000, 0x00000000f6b00000|100%| E|CS|TAMS 0x00000000f6a00000| PB 0x00000000f6a00000| Complete 
|1899|0x00000000f6b00000, 0x00000000f6c00000, 0x00000000f6c00000|100%| E|CS|TAMS 0x00000000f6b00000| PB 0x00000000f6b00000| Complete 
|1900|0x00000000f6c00000, 0x00000000f6d00000, 0x00000000f6d00000|100%| E|CS|TAMS 0x00000000f6c00000| PB 0x00000000f6c00000| Complete 
|1901|0x00000000f6d00000, 0x00000000f6e00000, 0x00000000f6e00000|100%| E|CS|TAMS 0x00000000f6d00000| PB 0x00000000f6d00000| Complete 
|1902|0x00000000f6e00000, 0x00000000f6f00000, 0x00000000f6f00000|100%| E|CS|TAMS 0x00000000f6e00000| PB 0x00000000f6e00000| Complete 
|1903|0x00000000f6f00000, 0x00000000f7000000, 0x00000000f7000000|100%| E|CS|TAMS 0x00000000f6f00000| PB 0x00000000f6f00000| Complete 
|1904|0x00000000f7000000, 0x00000000f7100000, 0x00000000f7100000|100%| E|CS|TAMS 0x00000000f7000000| PB 0x00000000f7000000| Complete 
|1905|0x00000000f7100000, 0x00000000f7200000, 0x00000000f7200000|100%| E|CS|TAMS 0x00000000f7100000| PB 0x00000000f7100000| Complete 
|1906|0x00000000f7200000, 0x00000000f7300000, 0x00000000f7300000|100%| E|CS|TAMS 0x00000000f7200000| PB 0x00000000f7200000| Complete 
|1907|0x00000000f7300000, 0x00000000f7400000, 0x00000000f7400000|100%| E|CS|TAMS 0x00000000f7300000| PB 0x00000000f7300000| Complete 
|1908|0x00000000f7400000, 0x00000000f7500000, 0x00000000f7500000|100%| E|CS|TAMS 0x00000000f7400000| PB 0x00000000f7400000| Complete 
|1909|0x00000000f7500000, 0x00000000f7600000, 0x00000000f7600000|100%| E|CS|TAMS 0x00000000f7500000| PB 0x00000000f7500000| Complete 
|1910|0x00000000f7600000, 0x00000000f7700000, 0x00000000f7700000|100%| E|CS|TAMS 0x00000000f7600000| PB 0x00000000f7600000| Complete 
|1911|0x00000000f7700000, 0x00000000f7800000, 0x00000000f7800000|100%| E|CS|TAMS 0x00000000f7700000| PB 0x00000000f7700000| Complete 
|1912|0x00000000f7800000, 0x00000000f7900000, 0x00000000f7900000|100%| E|CS|TAMS 0x00000000f7800000| PB 0x00000000f7800000| Complete 
|1913|0x00000000f7900000, 0x00000000f7a00000, 0x00000000f7a00000|100%| E|CS|TAMS 0x00000000f7900000| PB 0x00000000f7900000| Complete 
|1914|0x00000000f7a00000, 0x00000000f7b00000, 0x00000000f7b00000|100%| E|CS|TAMS 0x00000000f7a00000| PB 0x00000000f7a00000| Complete 
|1915|0x00000000f7b00000, 0x00000000f7c00000, 0x00000000f7c00000|100%| E|CS|TAMS 0x00000000f7b00000| PB 0x00000000f7b00000| Complete 
|1916|0x00000000f7c00000, 0x00000000f7d00000, 0x00000000f7d00000|100%| E|CS|TAMS 0x00000000f7c00000| PB 0x00000000f7c00000| Complete 
|1917|0x00000000f7d00000, 0x00000000f7e00000, 0x00000000f7e00000|100%| E|CS|TAMS 0x00000000f7d00000| PB 0x00000000f7d00000| Complete 
|1918|0x00000000f7e00000, 0x00000000f7f00000, 0x00000000f7f00000|100%| E|CS|TAMS 0x00000000f7e00000| PB 0x00000000f7e00000| Complete 
|1919|0x00000000f7f00000, 0x00000000f8000000, 0x00000000f8000000|100%| E|CS|TAMS 0x00000000f7f00000| PB 0x00000000f7f00000| Complete 
|1920|0x00000000f8000000, 0x00000000f8100000, 0x00000000f8100000|100%| E|CS|TAMS 0x00000000f8000000| PB 0x00000000f8000000| Complete 
|1921|0x00000000f8100000, 0x00000000f8200000, 0x00000000f8200000|100%| E|CS|TAMS 0x00000000f8100000| PB 0x00000000f8100000| Complete 
|1922|0x00000000f8200000, 0x00000000f8300000, 0x00000000f8300000|100%| E|CS|TAMS 0x00000000f8200000| PB 0x00000000f8200000| Complete 
|1923|0x00000000f8300000, 0x00000000f8400000, 0x00000000f8400000|100%| E|CS|TAMS 0x00000000f8300000| PB 0x00000000f8300000| Complete 
|1924|0x00000000f8400000, 0x00000000f8500000, 0x00000000f8500000|100%| E|CS|TAMS 0x00000000f8400000| PB 0x00000000f8400000| Complete 
|1925|0x00000000f8500000, 0x00000000f8600000, 0x00000000f8600000|100%| E|CS|TAMS 0x00000000f8500000| PB 0x00000000f8500000| Complete 
|1926|0x00000000f8600000, 0x00000000f8700000, 0x00000000f8700000|100%| E|CS|TAMS 0x00000000f8600000| PB 0x00000000f8600000| Complete 
|1927|0x00000000f8700000, 0x00000000f8800000, 0x00000000f8800000|100%| E|CS|TAMS 0x00000000f8700000| PB 0x00000000f8700000| Complete 
|1928|0x00000000f8800000, 0x00000000f8900000, 0x00000000f8900000|100%| E|CS|TAMS 0x00000000f8800000| PB 0x00000000f8800000| Complete 
|1929|0x00000000f8900000, 0x00000000f8a00000, 0x00000000f8a00000|100%| E|CS|TAMS 0x00000000f8900000| PB 0x00000000f8900000| Complete 
|1930|0x00000000f8a00000, 0x00000000f8b00000, 0x00000000f8b00000|100%| E|CS|TAMS 0x00000000f8a00000| PB 0x00000000f8a00000| Complete 
|1931|0x00000000f8b00000, 0x00000000f8c00000, 0x00000000f8c00000|100%| E|CS|TAMS 0x00000000f8b00000| PB 0x00000000f8b00000| Complete 
|1932|0x00000000f8c00000, 0x00000000f8d00000, 0x00000000f8d00000|100%| E|CS|TAMS 0x00000000f8c00000| PB 0x00000000f8c00000| Complete 
|1933|0x00000000f8d00000, 0x00000000f8e00000, 0x00000000f8e00000|100%| E|CS|TAMS 0x00000000f8d00000| PB 0x00000000f8d00000| Complete 
|1934|0x00000000f8e00000, 0x00000000f8f00000, 0x00000000f8f00000|100%| E|CS|TAMS 0x00000000f8e00000| PB 0x00000000f8e00000| Complete 
|1935|0x00000000f8f00000, 0x00000000f9000000, 0x00000000f9000000|100%| E|CS|TAMS 0x00000000f8f00000| PB 0x00000000f8f00000| Complete 
|1936|0x00000000f9000000, 0x00000000f9100000, 0x00000000f9100000|100%| E|CS|TAMS 0x00000000f9000000| PB 0x00000000f9000000| Complete 
|1937|0x00000000f9100000, 0x00000000f9200000, 0x00000000f9200000|100%| E|CS|TAMS 0x00000000f9100000| PB 0x00000000f9100000| Complete 
|1938|0x00000000f9200000, 0x00000000f9300000, 0x00000000f9300000|100%| E|CS|TAMS 0x00000000f9200000| PB 0x00000000f9200000| Complete 
|1939|0x00000000f9300000, 0x00000000f9400000, 0x00000000f9400000|100%| E|CS|TAMS 0x00000000f9300000| PB 0x00000000f9300000| Complete 
|1940|0x00000000f9400000, 0x00000000f9500000, 0x00000000f9500000|100%| E|CS|TAMS 0x00000000f9400000| PB 0x00000000f9400000| Complete 
|1941|0x00000000f9500000, 0x00000000f9600000, 0x00000000f9600000|100%| E|CS|TAMS 0x00000000f9500000| PB 0x00000000f9500000| Complete 
|1942|0x00000000f9600000, 0x00000000f9700000, 0x00000000f9700000|100%| E|CS|TAMS 0x00000000f9600000| PB 0x00000000f9600000| Complete 
|1943|0x00000000f9700000, 0x00000000f9800000, 0x00000000f9800000|100%| E|CS|TAMS 0x00000000f9700000| PB 0x00000000f9700000| Complete 
|1944|0x00000000f9800000, 0x00000000f9900000, 0x00000000f9900000|100%| E|CS|TAMS 0x00000000f9800000| PB 0x00000000f9800000| Complete 
|1945|0x00000000f9900000, 0x00000000f9a00000, 0x00000000f9a00000|100%| E|CS|TAMS 0x00000000f9900000| PB 0x00000000f9900000| Complete 
|1946|0x00000000f9a00000, 0x00000000f9b00000, 0x00000000f9b00000|100%| E|CS|TAMS 0x00000000f9a00000| PB 0x00000000f9a00000| Complete 
|1947|0x00000000f9b00000, 0x00000000f9c00000, 0x00000000f9c00000|100%| E|CS|TAMS 0x00000000f9b00000| PB 0x00000000f9b00000| Complete 
|1948|0x00000000f9c00000, 0x00000000f9d00000, 0x00000000f9d00000|100%| E|CS|TAMS 0x00000000f9c00000| PB 0x00000000f9c00000| Complete 
|1949|0x00000000f9d00000, 0x00000000f9e00000, 0x00000000f9e00000|100%| E|CS|TAMS 0x00000000f9d00000| PB 0x00000000f9d00000| Complete 
|1950|0x00000000f9e00000, 0x00000000f9f00000, 0x00000000f9f00000|100%| E|CS|TAMS 0x00000000f9e00000| PB 0x00000000f9e00000| Complete 
|1951|0x00000000f9f00000, 0x00000000fa000000, 0x00000000fa000000|100%| E|CS|TAMS 0x00000000f9f00000| PB 0x00000000f9f00000| Complete 
|1952|0x00000000fa000000, 0x00000000fa100000, 0x00000000fa100000|100%| E|CS|TAMS 0x00000000fa000000| PB 0x00000000fa000000| Complete 
|1953|0x00000000fa100000, 0x00000000fa200000, 0x00000000fa200000|100%| E|CS|TAMS 0x00000000fa100000| PB 0x00000000fa100000| Complete 
|1954|0x00000000fa200000, 0x00000000fa300000, 0x00000000fa300000|100%| E|CS|TAMS 0x00000000fa200000| PB 0x00000000fa200000| Complete 
|1955|0x00000000fa300000, 0x00000000fa400000, 0x00000000fa400000|100%| E|CS|TAMS 0x00000000fa300000| PB 0x00000000fa300000| Complete 
|1956|0x00000000fa400000, 0x00000000fa500000, 0x00000000fa500000|100%| E|CS|TAMS 0x00000000fa400000| PB 0x00000000fa400000| Complete 
|1957|0x00000000fa500000, 0x00000000fa600000, 0x00000000fa600000|100%| E|CS|TAMS 0x00000000fa500000| PB 0x00000000fa500000| Complete 
|1958|0x00000000fa600000, 0x00000000fa700000, 0x00000000fa700000|100%| E|CS|TAMS 0x00000000fa600000| PB 0x00000000fa600000| Complete 
|1959|0x00000000fa700000, 0x00000000fa800000, 0x00000000fa800000|100%| E|CS|TAMS 0x00000000fa700000| PB 0x00000000fa700000| Complete 
|1960|0x00000000fa800000, 0x00000000fa900000, 0x00000000fa900000|100%| E|CS|TAMS 0x00000000fa800000| PB 0x00000000fa800000| Complete 
|1961|0x00000000fa900000, 0x00000000faa00000, 0x00000000faa00000|100%| E|CS|TAMS 0x00000000fa900000| PB 0x00000000fa900000| Complete 
|1962|0x00000000faa00000, 0x00000000fab00000, 0x00000000fab00000|100%| E|CS|TAMS 0x00000000faa00000| PB 0x00000000faa00000| Complete 
|1963|0x00000000fab00000, 0x00000000fac00000, 0x00000000fac00000|100%| E|CS|TAMS 0x00000000fab00000| PB 0x00000000fab00000| Complete 
|1964|0x00000000fac00000, 0x00000000fad00000, 0x00000000fad00000|100%| E|CS|TAMS 0x00000000fac00000| PB 0x00000000fac00000| Complete 
|1965|0x00000000fad00000, 0x00000000fae00000, 0x00000000fae00000|100%| E|CS|TAMS 0x00000000fad00000| PB 0x00000000fad00000| Complete 
|1966|0x00000000fae00000, 0x00000000faf00000, 0x00000000faf00000|100%| E|CS|TAMS 0x00000000fae00000| PB 0x00000000fae00000| Complete 
|1967|0x00000000faf00000, 0x00000000fb000000, 0x00000000fb000000|100%| E|CS|TAMS 0x00000000faf00000| PB 0x00000000faf00000| Complete 
|1968|0x00000000fb000000, 0x00000000fb100000, 0x00000000fb100000|100%| E|CS|TAMS 0x00000000fb000000| PB 0x00000000fb000000| Complete 
|1969|0x00000000fb100000, 0x00000000fb200000, 0x00000000fb200000|100%| E|CS|TAMS 0x00000000fb100000| PB 0x00000000fb100000| Complete 
|1970|0x00000000fb200000, 0x00000000fb300000, 0x00000000fb300000|100%| E|CS|TAMS 0x00000000fb200000| PB 0x00000000fb200000| Complete 
|1971|0x00000000fb300000, 0x00000000fb400000, 0x00000000fb400000|100%| E|CS|TAMS 0x00000000fb300000| PB 0x00000000fb300000| Complete 
|1972|0x00000000fb400000, 0x00000000fb500000, 0x00000000fb500000|100%| E|CS|TAMS 0x00000000fb400000| PB 0x00000000fb400000| Complete 
|1973|0x00000000fb500000, 0x00000000fb600000, 0x00000000fb600000|100%| E|CS|TAMS 0x00000000fb500000| PB 0x00000000fb500000| Complete 
|1974|0x00000000fb600000, 0x00000000fb700000, 0x00000000fb700000|100%| E|CS|TAMS 0x00000000fb600000| PB 0x00000000fb600000| Complete 
|1975|0x00000000fb700000, 0x00000000fb800000, 0x00000000fb800000|100%| E|CS|TAMS 0x00000000fb700000| PB 0x00000000fb700000| Complete 
|1976|0x00000000fb800000, 0x00000000fb900000, 0x00000000fb900000|100%| E|CS|TAMS 0x00000000fb800000| PB 0x00000000fb800000| Complete 
|1977|0x00000000fb900000, 0x00000000fba00000, 0x00000000fba00000|100%| E|CS|TAMS 0x00000000fb900000| PB 0x00000000fb900000| Complete 
|1978|0x00000000fba00000, 0x00000000fbb00000, 0x00000000fbb00000|100%| E|CS|TAMS 0x00000000fba00000| PB 0x00000000fba00000| Complete 
|1979|0x00000000fbb00000, 0x00000000fbc00000, 0x00000000fbc00000|100%| E|CS|TAMS 0x00000000fbb00000| PB 0x00000000fbb00000| Complete 
|1980|0x00000000fbc00000, 0x00000000fbd00000, 0x00000000fbd00000|100%| E|CS|TAMS 0x00000000fbc00000| PB 0x00000000fbc00000| Complete 
|1981|0x00000000fbd00000, 0x00000000fbd80000, 0x00000000fbe00000| 50%| S|CS|TAMS 0x00000000fbd00000| PB 0x00000000fbd00000| Complete 
|1982|0x00000000fbe00000, 0x00000000fbf00000, 0x00000000fbf00000|100%| S|CS|TAMS 0x00000000fbe00000| PB 0x00000000fbe00000| Complete 
|1983|0x00000000fbf00000, 0x00000000fc000000, 0x00000000fc000000|100%| S|CS|TAMS 0x00000000fbf00000| PB 0x00000000fbf00000| Complete 
|1984|0x00000000fc000000, 0x00000000fc100000, 0x00000000fc100000|100%| S|CS|TAMS 0x00000000fc000000| PB 0x00000000fc000000| Complete 
|1985|0x00000000fc100000, 0x00000000fc200000, 0x00000000fc200000|100%| S|CS|TAMS 0x00000000fc100000| PB 0x00000000fc100000| Complete 
|1986|0x00000000fc200000, 0x00000000fc300000, 0x00000000fc300000|100%| S|CS|TAMS 0x00000000fc200000| PB 0x00000000fc200000| Complete 
|1987|0x00000000fc300000, 0x00000000fc400000, 0x00000000fc400000|100%| S|CS|TAMS 0x00000000fc300000| PB 0x00000000fc300000| Complete 
|1988|0x00000000fc400000, 0x00000000fc500000, 0x00000000fc500000|100%| S|CS|TAMS 0x00000000fc400000| PB 0x00000000fc400000| Complete 
|1989|0x00000000fc500000, 0x00000000fc600000, 0x00000000fc600000|100%| S|CS|TAMS 0x00000000fc500000| PB 0x00000000fc500000| Complete 
|1990|0x00000000fc600000, 0x00000000fc700000, 0x00000000fc700000|100%| S|CS|TAMS 0x00000000fc600000| PB 0x00000000fc600000| Complete 
|1991|0x00000000fc700000, 0x00000000fc800000, 0x00000000fc800000|100%| S|CS|TAMS 0x00000000fc700000| PB 0x00000000fc700000| Complete 
|1992|0x00000000fc800000, 0x00000000fc900000, 0x00000000fc900000|100%| S|CS|TAMS 0x00000000fc800000| PB 0x00000000fc800000| Complete 
|1993|0x00000000fc900000, 0x00000000fca00000, 0x00000000fca00000|100%| S|CS|TAMS 0x00000000fc900000| PB 0x00000000fc900000| Complete 
|1994|0x00000000fca00000, 0x00000000fcb00000, 0x00000000fcb00000|100%| S|CS|TAMS 0x00000000fca00000| PB 0x00000000fca00000| Complete 
|1995|0x00000000fcb00000, 0x00000000fcc00000, 0x00000000fcc00000|100%| S|CS|TAMS 0x00000000fcb00000| PB 0x00000000fcb00000| Complete 
|1996|0x00000000fcc00000, 0x00000000fcd00000, 0x00000000fcd00000|100%| S|CS|TAMS 0x00000000fcc00000| PB 0x00000000fcc00000| Complete 
|1997|0x00000000fcd00000, 0x00000000fce00000, 0x00000000fce00000|100%| S|CS|TAMS 0x00000000fcd00000| PB 0x00000000fcd00000| Complete 
|1998|0x00000000fce00000, 0x00000000fcf00000, 0x00000000fcf00000|100%| S|CS|TAMS 0x00000000fce00000| PB 0x00000000fce00000| Complete 
|1999|0x00000000fcf00000, 0x00000000fd000000, 0x00000000fd000000|100%| S|CS|TAMS 0x00000000fcf00000| PB 0x00000000fcf00000| Complete 
|2000|0x00000000fd000000, 0x00000000fd100000, 0x00000000fd100000|100%| S|CS|TAMS 0x00000000fd000000| PB 0x00000000fd000000| Complete 
|2001|0x00000000fd100000, 0x00000000fd200000, 0x00000000fd200000|100%| S|CS|TAMS 0x00000000fd100000| PB 0x00000000fd100000| Complete 
|2002|0x00000000fd200000, 0x00000000fd300000, 0x00000000fd300000|100%| S|CS|TAMS 0x00000000fd200000| PB 0x00000000fd200000| Complete 
|2003|0x00000000fd300000, 0x00000000fd400000, 0x00000000fd400000|100%| S|CS|TAMS 0x00000000fd300000| PB 0x00000000fd300000| Complete 
|2004|0x00000000fd400000, 0x00000000fd500000, 0x00000000fd500000|100%| S|CS|TAMS 0x00000000fd400000| PB 0x00000000fd400000| Complete 
|2005|0x00000000fd500000, 0x00000000fd600000, 0x00000000fd600000|100%| S|CS|TAMS 0x00000000fd500000| PB 0x00000000fd500000| Complete 
|2006|0x00000000fd600000, 0x00000000fd700000, 0x00000000fd700000|100%| S|CS|TAMS 0x00000000fd600000| PB 0x00000000fd600000| Complete 
|2007|0x00000000fd700000, 0x00000000fd800000, 0x00000000fd800000|100%| S|CS|TAMS 0x00000000fd700000| PB 0x00000000fd700000| Complete 
|2008|0x00000000fd800000, 0x00000000fd900000, 0x00000000fd900000|100%| S|CS|TAMS 0x00000000fd800000| PB 0x00000000fd800000| Complete 
|2009|0x00000000fd900000, 0x00000000fda00000, 0x00000000fda00000|100%| S|CS|TAMS 0x00000000fd900000| PB 0x00000000fd900000| Complete 
|2010|0x00000000fda00000, 0x00000000fdb00000, 0x00000000fdb00000|100%| S|CS|TAMS 0x00000000fda00000| PB 0x00000000fda00000| Complete 
|2011|0x00000000fdb00000, 0x00000000fdc00000, 0x00000000fdc00000|100%| S|CS|TAMS 0x00000000fdb00000| PB 0x00000000fdb00000| Complete 
|2012|0x00000000fdc00000, 0x00000000fdd00000, 0x00000000fdd00000|100%| S|CS|TAMS 0x00000000fdc00000| PB 0x00000000fdc00000| Complete 
|2013|0x00000000fdd00000, 0x00000000fde00000, 0x00000000fde00000|100%| S|CS|TAMS 0x00000000fdd00000| PB 0x00000000fdd00000| Complete 
|2014|0x00000000fde00000, 0x00000000fdf00000, 0x00000000fdf00000|100%| S|CS|TAMS 0x00000000fde00000| PB 0x00000000fde00000| Complete 
|2015|0x00000000fdf00000, 0x00000000fe000000, 0x00000000fe000000|100%| S|CS|TAMS 0x00000000fdf00000| PB 0x00000000fdf00000| Complete 
|2016|0x00000000fe000000, 0x00000000fe100000, 0x00000000fe100000|100%| S|CS|TAMS 0x00000000fe000000| PB 0x00000000fe000000| Complete 
|2017|0x00000000fe100000, 0x00000000fe200000, 0x00000000fe200000|100%| S|CS|TAMS 0x00000000fe100000| PB 0x00000000fe100000| Complete 
|2018|0x00000000fe200000, 0x00000000fe300000, 0x00000000fe300000|100%| S|CS|TAMS 0x00000000fe200000| PB 0x00000000fe200000| Complete 
|2019|0x00000000fe300000, 0x00000000fe400000, 0x00000000fe400000|100%| S|CS|TAMS 0x00000000fe300000| PB 0x00000000fe300000| Complete 
|2020|0x00000000fe400000, 0x00000000fe500000, 0x00000000fe500000|100%| E|CS|TAMS 0x00000000fe400000| PB 0x00000000fe400000| Complete 
|2021|0x00000000fe500000, 0x00000000fe600000, 0x00000000fe600000|100%| E|CS|TAMS 0x00000000fe500000| PB 0x00000000fe500000| Complete 
|2022|0x00000000fe600000, 0x00000000fe700000, 0x00000000fe700000|100%| E|CS|TAMS 0x00000000fe600000| PB 0x00000000fe600000| Complete 
|2023|0x00000000fe700000, 0x00000000fe800000, 0x00000000fe800000|100%| E|CS|TAMS 0x00000000fe700000| PB 0x00000000fe700000| Complete 
|2024|0x00000000fe800000, 0x00000000fe900000, 0x00000000fe900000|100%| E|CS|TAMS 0x00000000fe800000| PB 0x00000000fe800000| Complete 
|2025|0x00000000fe900000, 0x00000000fea00000, 0x00000000fea00000|100%| E|CS|TAMS 0x00000000fe900000| PB 0x00000000fe900000| Complete 
|2026|0x00000000fea00000, 0x00000000feb00000, 0x00000000feb00000|100%| E|CS|TAMS 0x00000000fea00000| PB 0x00000000fea00000| Complete 
|2027|0x00000000feb00000, 0x00000000fec00000, 0x00000000fec00000|100%| E|CS|TAMS 0x00000000feb00000| PB 0x00000000feb00000| Complete 
|2028|0x00000000fec00000, 0x00000000fed00000, 0x00000000fed00000|100%| E|CS|TAMS 0x00000000fec00000| PB 0x00000000fec00000| Complete 
|2029|0x00000000fed00000, 0x00000000fee00000, 0x00000000fee00000|100%| E|CS|TAMS 0x00000000fed00000| PB 0x00000000fed00000| Complete 
|2030|0x00000000fee00000, 0x00000000fef00000, 0x00000000fef00000|100%| E|CS|TAMS 0x00000000fee00000| PB 0x00000000fee00000| Complete 
|2031|0x00000000fef00000, 0x00000000ff000000, 0x00000000ff000000|100%| E|CS|TAMS 0x00000000fef00000| PB 0x00000000fef00000| Complete 
|2032|0x00000000ff000000, 0x00000000ff100000, 0x00000000ff100000|100%| E|CS|TAMS 0x00000000ff000000| PB 0x00000000ff000000| Complete 
|2033|0x00000000ff100000, 0x00000000ff200000, 0x00000000ff200000|100%| E|CS|TAMS 0x00000000ff100000| PB 0x00000000ff100000| Complete 
|2034|0x00000000ff200000, 0x00000000ff300000, 0x00000000ff300000|100%| E|CS|TAMS 0x00000000ff200000| PB 0x00000000ff200000| Complete 
|2035|0x00000000ff300000, 0x00000000ff400000, 0x00000000ff400000|100%| E|CS|TAMS 0x00000000ff300000| PB 0x00000000ff300000| Complete 
|2036|0x00000000ff400000, 0x00000000ff500000, 0x00000000ff500000|100%| E|CS|TAMS 0x00000000ff400000| PB 0x00000000ff400000| Complete 
|2037|0x00000000ff500000, 0x00000000ff600000, 0x00000000ff600000|100%| E|CS|TAMS 0x00000000ff500000| PB 0x00000000ff500000| Complete 
|2038|0x00000000ff600000, 0x00000000ff700000, 0x00000000ff700000|100%| E|CS|TAMS 0x00000000ff600000| PB 0x00000000ff600000| Complete 
|2039|0x00000000ff700000, 0x00000000ff800000, 0x00000000ff800000|100%| O|  |TAMS 0x00000000ff700000| PB 0x00000000ff700000| Untracked 
|2040|0x00000000ff800000, 0x00000000ff900000, 0x00000000ff900000|100%| O|  |TAMS 0x00000000ff800000| PB 0x00000000ff800000| Untracked 
|2041|0x00000000ff900000, 0x00000000ffa00000, 0x00000000ffa00000|100%| O|  |TAMS 0x00000000ff900000| PB 0x00000000ff900000| Untracked 
|2042|0x00000000ffa00000, 0x00000000ffb00000, 0x00000000ffb00000|100%| E|CS|TAMS 0x00000000ffa00000| PB 0x00000000ffa00000| Complete 
|2043|0x00000000ffb00000, 0x00000000ffc00000, 0x00000000ffc00000|100%| O|  |TAMS 0x00000000ffb00000| PB 0x00000000ffb00000| Untracked 
|2044|0x00000000ffc00000, 0x00000000ffd00000, 0x00000000ffd00000|100%| E|CS|TAMS 0x00000000ffc00000| PB 0x00000000ffc00000| Complete 
|2045|0x00000000ffd00000, 0x00000000ffe00000, 0x00000000ffe00000|100%| E|CS|TAMS 0x00000000ffd00000| PB 0x00000000ffd00000| Complete 
|2046|0x00000000ffe00000, 0x00000000fff00000, 0x00000000fff00000|100%| O|  |TAMS 0x00000000ffe00000| PB 0x00000000ffe00000| Untracked 
|2047|0x00000000fff00000, 0x0000000100000000, 0x0000000100000000|100%| O|  |TAMS 0x00000000fff00000| PB 0x00000000fff00000| Untracked 

Card table byte_map: [0x0000026256100000,0x0000026256500000] _byte_map_base: 0x0000026255d00000

Marking Bits: (CMBitMap*) 0x00000262419658f0
 Bits: [0x0000026256500000, 0x0000026258500000)

Polling page: 0x00000262419d0000

Metaspace:

Usage:
  Non-class:    263.18 MB used.
      Class:     38.55 MB used.
       Both:    301.73 MB used.

Virtual space:
  Non-class space:      320.00 MB reserved,     264.31 MB ( 83%) committed,  5 nodes.
      Class space:        1.00 GB reserved,      39.56 MB (  4%) committed,  1 nodes.
             Both:        1.31 GB reserved,     303.88 MB ( 23%) committed. 

Chunk freelists:
   Non-Class:  7.73 MB
       Class:  8.29 MB
        Both:  16.03 MB

MaxMetaspaceSize: unlimited
CompressedClassSpaceSize: 1.00 GB
Initial GC threshold: 21.00 MB
Current GC threshold: 505.94 MB
CDS: off
 - commit_granule_bytes: 65536.
 - commit_granule_words: 8192.
 - virtual_space_node_default_size: 8388608.
 - enlarge_chunks_in_place: 1.
 - use_allocation_guard: 0.


Internal statistics:

num_allocs_failed_limit: 6.
num_arena_births: 7454.
num_arena_deaths: 3728.
num_vsnodes_births: 6.
num_vsnodes_deaths: 0.
num_space_committed: 5147.
num_space_uncommitted: 83.
num_chunks_returned_to_freelist: 6490.
num_chunks_taken_from_freelist: 24375.
num_chunk_merges: 1890.
num_chunk_splits: 14584.
num_chunks_enlarged: 10193.
num_inconsistent_stats: 0.

CodeHeap 'non-profiled nmethods': size=120000Kb used=25581Kb max_used=37864Kb free=94418Kb
 bounds [0x000002624db40000, 0x0000026250090000, 0x0000026255070000]
CodeHeap 'profiled nmethods': size=120000Kb used=25578Kb max_used=56427Kb free=94421Kb
 bounds [0x0000026246070000, 0x00000262497a0000, 0x000002624d5a0000]
CodeHeap 'non-nmethods': size=5760Kb used=3504Kb max_used=3650Kb free=2255Kb
 bounds [0x000002624d5a0000, 0x000002624d940000, 0x000002624db40000]
CodeCache: size=245760Kb, used=54663Kb, max_used=97941Kb, free=191094Kb
 total_blobs=20617, nmethods=19173, adapters=1344, full_count=0
Compilation: enabled, stopped_count=0, restarted_count=0

Compilation events (20 events):
Event: 2621.977 Thread 0x000002625b378760 nmethod 120789 0x000002624701e510 code [0x000002624701e820, 0x000002624701f1e8]
Event: 2621.977 Thread 0x000002625b378760 120790       2       org.jetbrains.kotlin.metadata.jvm.deserialization.ModuleMappingKt::internalNameOf (58 bytes)
Event: 2621.977 Thread 0x000002626e3a7dc0 nmethod 120720% 0x000002624f565f90 code [0x000002624f566140, 0x000002624f566330]
Event: 2621.977 Thread 0x000002625b378760 nmethod 120790 0x000002624701dd90 code [0x000002624701df80, 0x000002624701e290]
Event: 2621.977 Thread 0x000002626e3a7dc0 120743 %     4       java.util.jar.JarFile::match @ 14 (132 bytes)
Event: 2621.977 Thread 0x000002625b378760 120791   !   2       org.jetbrains.kotlin.metadata.jvm.JvmModuleProtoBuf$PackageParts::<init> (1103 bytes)
Event: 2621.983 Thread 0x000002625b378760 nmethod 120791 0x0000026247017890 code [0x0000026247017ee0, 0x000002624701be68]
Event: 2621.983 Thread 0x000002625b378760 120801       2       kotlin.collections.CollectionsKt___CollectionsKt::getOrNull (45 bytes)
Event: 2621.983 Thread 0x000002626e3a7dc0 nmethod 120743% 0x000002624f565690 code [0x000002624f565840, 0x000002624f565c98]
Event: 2621.984 Thread 0x000002626e3a7dc0 120404 %     4       org.jetbrains.org.objectweb.asm.ClassReader::<init> @ 76 (339 bytes)
Event: 2621.984 Thread 0x000002625b378760 nmethod 120801 0x0000026247017110 code [0x0000026247017320, 0x0000026247017670]
Event: 2621.984 Thread 0x000002625b378760 120800       2       org.jetbrains.kotlin.metadata.jvm.deserialization.PackageParts::addPart (22 bytes)
Event: 2621.984 Thread 0x000002625b378760 nmethod 120800 0x0000026247016a10 code [0x0000026247016c00, 0x0000026247016ef0]
Event: 2621.984 Thread 0x000002625b378760 120804       2       org.jetbrains.kotlin.metadata.jvm.deserialization.ModuleMapping$Companion::loadMultiFileFacadeInternalName (84 bytes)
Event: 2621.985 Thread 0x000002625b378760 nmethod 120804 0x0000026247016290 code [0x0000026247016480, 0x00000262470167d0]
Event: 2621.985 Thread 0x000002625b378760 120805       2       org.jetbrains.kotlin.protobuf.UnmodifiableLazyStringList$2::next (5 bytes)
Event: 2621.985 Thread 0x000002625b378760 nmethod 120805 0x0000026247015e90 code [0x0000026247016040, 0x00000262470161a8]
Event: 2621.985 Thread 0x000002625b378760 120807       2       org.jetbrains.kotlin.protobuf.AbstractParser::checkMessageInitialized (28 bytes)
Event: 2621.985 Thread 0x000002625b378760 nmethod 120807 0x0000026247015690 code [0x00000262470158a0, 0x0000026247015c68]
Event: 2621.985 Thread 0x000002625b378760 120792   !   2       org.jetbrains.kotlin.metadata.ProtoBuf$QualifiedNameTable$QualifiedName::<init> (351 bytes)

GC Heap History (20 events):
Event: 2286.215 GC heap before
{Heap before GC invocations=195 (full 0):
 garbage-first heap   total 1860608K, used 1641732K [0x0000000080000000, 0x0000000100000000)
  region size 1024K, 1090 young (1116160K), 41 survivors (41984K)
 Metaspace       used 296237K, committed 301632K, reserved 1376256K
  class space    used 37875K, committed 40128K, reserved 1048576K
}
Event: 2286.226 GC heap after
{Heap after GC invocations=196 (full 0):
 garbage-first heap   total 1860608K, used 570368K [0x0000000080000000, 0x0000000100000000)
  region size 1024K, 40 young (40960K), 40 survivors (40960K)
 Metaspace       used 296237K, committed 301632K, reserved 1376256K
  class space    used 37875K, committed 40128K, reserved 1048576K
}
Event: 2289.305 GC heap before
{Heap before GC invocations=197 (full 0):
 garbage-first heap   total 1860608K, used 1717248K [0x0000000080000000, 0x0000000100000000)
  region size 1024K, 1090 young (1116160K), 40 survivors (40960K)
 Metaspace       used 296240K, committed 301632K, reserved 1376256K
  class space    used 37876K, committed 40128K, reserved 1048576K
}
Event: 2289.310 GC heap after
{Heap after GC invocations=198 (full 0):
 garbage-first heap   total 1860608K, used 545228K [0x0000000080000000, 0x0000000100000000)
  region size 1024K, 7 young (7168K), 7 survivors (7168K)
 Metaspace       used 296240K, committed 301632K, reserved 1376256K
  class space    used 37876K, committed 40128K, reserved 1048576K
}
Event: 2291.562 GC heap before
{Heap before GC invocations=198 (full 0):
 garbage-first heap   total 1860608K, used 1859020K [0x0000000080000000, 0x0000000100000000)
  region size 1024K, 976 young (999424K), 7 survivors (7168K)
 Metaspace       used 296242K, committed 301632K, reserved 1376256K
  class space    used 37876K, committed 40128K, reserved 1048576K
}
Event: 2291.647 GC heap after
{Heap after GC invocations=199 (full 0):
 garbage-first heap   total 2028544K, used 856681K [0x0000000080000000, 0x0000000100000000)
  region size 1024K, 137 young (140288K), 137 survivors (140288K)
 Metaspace       used 296242K, committed 301632K, reserved 1376256K
  class space    used 37876K, committed 40128K, reserved 1048576K
}
Event: 2292.287 GC heap before
{Heap before GC invocations=199 (full 0):
 garbage-first heap   total 2028544K, used 1582697K [0x0000000080000000, 0x0000000100000000)
  region size 1024K, 848 young (868352K), 137 survivors (140288K)
 Metaspace       used 296245K, committed 301632K, reserved 1376256K
  class space    used 37876K, committed 40128K, reserved 1048576K
}
Event: 2292.506 GC heap after
{Heap after GC invocations=200 (full 0):
 garbage-first heap   total 2028544K, used 1095168K [0x0000000080000000, 0x0000000100000000)
  region size 1024K, 131 young (134144K), 131 survivors (134144K)
 Metaspace       used 296245K, committed 301632K, reserved 1376256K
  class space    used 37876K, committed 40128K, reserved 1048576K
}
Event: 2294.299 GC heap before
{Heap before GC invocations=201 (full 0):
 garbage-first heap   total 2028544K, used 1758720K [0x0000000080000000, 0x0000000100000000)
  region size 1024K, 738 young (755712K), 131 survivors (134144K)
 Metaspace       used 296260K, committed 301632K, reserved 1376256K
  class space    used 37876K, committed 40128K, reserved 1048576K
}
Event: 2294.376 GC heap after
{Heap after GC invocations=202 (full 0):
 garbage-first heap   total 2028544K, used 1206272K [0x0000000080000000, 0x0000000100000000)
  region size 1024K, 84 young (86016K), 84 survivors (86016K)
 Metaspace       used 296260K, committed 301632K, reserved 1376256K
  class space    used 37876K, committed 40128K, reserved 1048576K
}
Event: 2295.588 GC heap before
{Heap before GC invocations=202 (full 0):
 garbage-first heap   total 2028544K, used 1799168K [0x0000000080000000, 0x0000000100000000)
  region size 1024K, 636 young (651264K), 84 survivors (86016K)
 Metaspace       used 296260K, committed 301632K, reserved 1376256K
  class space    used 37876K, committed 40128K, reserved 1048576K
}
Event: 2295.633 GC heap after
{Heap after GC invocations=203 (full 0):
 garbage-first heap   total 2028544K, used 1208064K [0x0000000080000000, 0x0000000100000000)
  region size 1024K, 41 young (41984K), 41 survivors (41984K)
 Metaspace       used 296260K, committed 301632K, reserved 1376256K
  class space    used 37876K, committed 40128K, reserved 1048576K
}
Event: 2295.982 GC heap before
{Heap before GC invocations=203 (full 0):
 garbage-first heap   total 2028544K, used 1373952K [0x0000000080000000, 0x0000000100000000)
  region size 1024K, 205 young (209920K), 41 survivors (41984K)
 Metaspace       used 296260K, committed 301632K, reserved 1376256K
  class space    used 37876K, committed 40128K, reserved 1048576K
}
Event: 2296.000 GC heap after
{Heap after GC invocations=204 (full 0):
 garbage-first heap   total 2028544K, used 1226176K [0x0000000080000000, 0x0000000100000000)
  region size 1024K, 18 young (18432K), 18 survivors (18432K)
 Metaspace       used 296260K, committed 301632K, reserved 1376256K
  class space    used 37876K, committed 40128K, reserved 1048576K
}
Event: 2296.768 GC heap before
{Heap before GC invocations=205 (full 0):
 garbage-first heap   total 2028544K, used 1859008K [0x0000000080000000, 0x0000000100000000)
  region size 1024K, 591 young (605184K), 18 survivors (18432K)
 Metaspace       used 296263K, committed 301632K, reserved 1376256K
  class space    used 37876K, committed 40128K, reserved 1048576K
}
Event: 2296.795 GC heap after
{Heap after GC invocations=206 (full 0):
 garbage-first heap   total 2028544K, used 1235584K [0x0000000080000000, 0x0000000100000000)
  region size 1024K, 51 young (52224K), 51 survivors (52224K)
 Metaspace       used 296263K, committed 301632K, reserved 1376256K
  class space    used 37876K, committed 40128K, reserved 1048576K
}
Event: 2298.425 GC heap before
{Heap before GC invocations=206 (full 0):
 garbage-first heap   total 2028544K, used 1917568K [0x0000000080000000, 0x0000000100000000)
  region size 1024K, 629 young (644096K), 51 survivors (52224K)
 Metaspace       used 296347K, committed 301632K, reserved 1376256K
  class space    used 37890K, committed 40128K, reserved 1048576K
}
Event: 2298.453 GC heap after
{Heap after GC invocations=207 (full 0):
 garbage-first heap   total 2028544K, used 1004288K [0x0000000080000000, 0x0000000100000000)
  region size 1024K, 33 young (33792K), 33 survivors (33792K)
 Metaspace       used 296347K, committed 301632K, reserved 1376256K
  class space    used 37890K, committed 40128K, reserved 1048576K
}
Event: 2298.732 GC heap before
{Heap before GC invocations=207 (full 0):
 garbage-first heap   total 2028544K, used 1024768K [0x0000000080000000, 0x0000000100000000)
  region size 1024K, 55 young (56320K), 33 survivors (33792K)
 Metaspace       used 296362K, committed 301632K, reserved 1376256K
  class space    used 37890K, committed 40128K, reserved 1048576K
}
Event: 2298.742 GC heap after
{Heap after GC invocations=208 (full 0):
 garbage-first heap   total 2028544K, used 1009920K [0x0000000080000000, 0x0000000100000000)
  region size 1024K, 39 young (39936K), 39 survivors (39936K)
 Metaspace       used 296362K, committed 301632K, reserved 1376256K
  class space    used 37890K, committed 40128K, reserved 1048576K
}

Dll operation events (4 events):
Event: 0.008 Loaded shared library C:\Program Files\Android\Android Studio\jbr\bin\java.dll
Event: 0.011 Loaded shared library C:\Program Files\Android\Android Studio\jbr\bin\zip.dll
Event: 0.311 Loaded shared library C:\Program Files\Android\Android Studio\jbr\bin\verify.dll
Event: 2228.059 Unloaded dll "C:\Users\Sis\AppData\Local\Temp\sqlite-3.41.2.2-aac23e28-15d1-4d3b-9557-50d59a654bc0-sqlitejdbc.dll" [0x00007ffb83260000]

Deoptimization events (20 events):
Event: 2620.626 Thread 0x000002626f265b00 DEOPT PACKING pc=0x000002624692a29b sp=0x0000007b818f3cb0
Event: 2620.626 Thread 0x000002626f265b00 DEOPT UNPACKING pc=0x000002624d5f4e42 sp=0x0000007b818f31a0 mode 0
Event: 2620.626 Thread 0x000002626f265b00 DEOPT PACKING pc=0x000002624692a29b sp=0x0000007b818f3cb0
Event: 2620.626 Thread 0x000002626f265b00 DEOPT UNPACKING pc=0x000002624d5f4e42 sp=0x0000007b818f31a0 mode 0
Event: 2620.627 Thread 0x000002626f265b00 DEOPT PACKING pc=0x000002624692a29b sp=0x0000007b818f3cb0
Event: 2620.627 Thread 0x000002626f265b00 DEOPT UNPACKING pc=0x000002624d5f4e42 sp=0x0000007b818f31a0 mode 0
Event: 2620.863 Thread 0x000002626f265b00 DEOPT PACKING pc=0x000002624879a24b sp=0x0000007b818f3880
Event: 2620.863 Thread 0x000002626f265b00 DEOPT UNPACKING pc=0x000002624d5f4e42 sp=0x0000007b818f2cf0 mode 0
Event: 2620.864 Thread 0x000002626f265b00 DEOPT PACKING pc=0x000002624879a24b sp=0x0000007b818f3880
Event: 2620.864 Thread 0x000002626f265b00 DEOPT UNPACKING pc=0x000002624d5f4e42 sp=0x0000007b818f2cf0 mode 0
Event: 2620.865 Thread 0x000002626f265b00 DEOPT PACKING pc=0x000002624879a24b sp=0x0000007b818f38c0
Event: 2620.865 Thread 0x000002626f265b00 DEOPT UNPACKING pc=0x000002624d5f4e42 sp=0x0000007b818f2d30 mode 0
Event: 2620.872 Thread 0x000002626f265b00 DEOPT PACKING pc=0x000002624879a24b sp=0x0000007b818f3a50
Event: 2620.872 Thread 0x000002626f265b00 DEOPT UNPACKING pc=0x000002624d5f4e42 sp=0x0000007b818f2ec0 mode 0
Event: 2620.873 Thread 0x000002626f265b00 DEOPT PACKING pc=0x000002624879a24b sp=0x0000007b818f3a50
Event: 2620.873 Thread 0x000002626f265b00 DEOPT UNPACKING pc=0x000002624d5f4e42 sp=0x0000007b818f2ec0 mode 0
Event: 2620.874 Thread 0x000002626f265b00 DEOPT PACKING pc=0x000002624879a24b sp=0x0000007b818f3a50
Event: 2620.874 Thread 0x000002626f265b00 DEOPT UNPACKING pc=0x000002624d5f4e42 sp=0x0000007b818f2ec0 mode 0
Event: 2620.991 Thread 0x000002626f265b00 DEOPT PACKING pc=0x0000026248c7e230 sp=0x0000007b818f33b0
Event: 2620.991 Thread 0x000002626f265b00 DEOPT UNPACKING pc=0x000002624d5f4e42 sp=0x0000007b818f2920 mode 0

Classes loaded (20 events):
Event: 1947.561 Loading class com/sun/org/apache/xerces/internal/impl/XMLDocumentScannerImpl$DTDDriver
Event: 1947.562 Loading class com/sun/org/apache/xerces/internal/impl/XMLDocumentScannerImpl$DTDDriver done
Event: 1947.562 Loading class com/sun/xml/internal/stream/StaxXMLInputSource
Event: 1947.563 Loading class com/sun/xml/internal/stream/StaxXMLInputSource done
Event: 1947.563 Loading class com/sun/xml/internal/stream/Entity$InternalEntity
Event: 1947.564 Loading class com/sun/xml/internal/stream/Entity$InternalEntity done
Event: 1947.571 Loading class com/sun/org/apache/xerces/internal/dom/DeferredDocumentTypeImpl
Event: 1947.572 Loading class com/sun/org/apache/xerces/internal/dom/DeferredDocumentTypeImpl done
Event: 1947.576 Loading class com/sun/org/apache/xerces/internal/dom/DeferredEntityImpl
Event: 1947.576 Loading class com/sun/org/apache/xerces/internal/dom/EntityImpl
Event: 1947.576 Loading class org/w3c/dom/Entity
Event: 1947.577 Loading class org/w3c/dom/Entity done
Event: 1947.577 Loading class com/sun/org/apache/xerces/internal/dom/EntityImpl done
Event: 1947.577 Loading class com/sun/org/apache/xerces/internal/dom/DeferredEntityImpl done
Event: 1964.016 Loading class java/util/zip/ZipFile$EntrySpliterator
Event: 1964.017 Loading class java/util/Spliterators$AbstractSpliterator
Event: 1964.017 Loading class java/util/Spliterators$AbstractSpliterator done
Event: 1964.017 Loading class java/util/zip/ZipFile$EntrySpliterator done
Event: 1969.488 Loading class java/io/BufferedReader$1
Event: 1969.488 Loading class java/io/BufferedReader$1 done

Classes unloaded (20 events):
Event: 2227.992 Thread 0x000002625b20f5f0 Unloading class 0x0000000101da0ad8 'Build_gradle$1$1'
Event: 2227.992 Thread 0x000002625b20f5f0 Unloading class 0x0000000101da08a0 'org/gradle/kotlin/dsl/Accessors377twfxlhpj2n65rquy9ybeqsKt'
Event: 2227.992 Thread 0x000002625b20f5f0 Unloading class 0x0000000101da0650 'Build_gradle$1'
Event: 2227.992 Thread 0x000002625b20f5f0 Unloading class 0x0000000101da0240 'Build_gradle'
Event: 2227.992 Thread 0x000002625b20f5f0 Unloading class 0x0000000101da0000 'Program'
Event: 2227.992 Thread 0x000002625b20f5f0 Unloading class 0x0000000101d68400 'org/gradle/kotlin/dsl/VersionCatalogAccessorsKt'
Event: 2227.992 Thread 0x000002625b20f5f0 Unloading class 0x0000000101d68c90 'Build_gradle$1'
Event: 2227.992 Thread 0x000002625b20f5f0 Unloading class 0x0000000101d68a50 'Build_gradle'
Event: 2227.992 Thread 0x000002625b20f5f0 Unloading class 0x0000000101d68800 'Program'
Event: 2227.992 Thread 0x000002625b20f5f0 Unloading class 0x00000001012b5000 'java/lang/invoke/LambdaForm$MH+0x00000001012b5000'
Event: 2227.992 Thread 0x000002625b20f5f0 Unloading class 0x00000001012b4800 'java/lang/invoke/LambdaForm$MH+0x00000001012b4800'
Event: 2227.992 Thread 0x000002625b20f5f0 Unloading class 0x00000001012b4400 'java/lang/invoke/LambdaForm$MH+0x00000001012b4400'
Event: 2227.992 Thread 0x000002625b20f5f0 Unloading class 0x00000001012b4000 'java/lang/invoke/LambdaForm$MH+0x00000001012b4000'
Event: 2227.992 Thread 0x000002625b20f5f0 Unloading class 0x0000000100f82000 'java/lang/invoke/LambdaForm$MH+0x0000000100f82000'
Event: 2227.992 Thread 0x000002625b20f5f0 Unloading class 0x0000000100f7b000 'java/lang/invoke/LambdaForm$MH+0x0000000100f7b000'
Event: 2227.992 Thread 0x000002625b20f5f0 Unloading class 0x0000000100d44c00 'java/lang/invoke/LambdaForm$MH+0x0000000100d44c00'
Event: 2227.992 Thread 0x000002625b20f5f0 Unloading class 0x0000000100d44800 'java/lang/invoke/LambdaForm$MH+0x0000000100d44800'
Event: 2227.992 Thread 0x000002625b20f5f0 Unloading class 0x0000000100b5a000 'java/lang/invoke/LambdaForm$MH+0x0000000100b5a000'
Event: 2227.992 Thread 0x000002625b20f5f0 Unloading class 0x0000000100b58400 'java/lang/invoke/LambdaForm$MH+0x0000000100b58400'
Event: 2227.992 Thread 0x000002625b20f5f0 Unloading class 0x00000001000c1800 'java/lang/invoke/LambdaForm$MH+0x00000001000c1800'

Classes redefined (0 events):
No events

Internal exceptions (20 events):
Event: 2619.358 Thread 0x0000026261bc73a0 Exception <a 'sun/nio/fs/WindowsException'{0x00000000e7735f08}> (0x00000000e7735f08) 
thrown [s\src\hotspot\share\prims\jni.cpp, line 537]
Event: 2619.371 Thread 0x000002626f265b00 Exception <a 'java/lang/ClassNotFoundException'{0x00000000e77e8ce0}: sync_studio_tooling3339_am3rajnzzfegg98pi2qwjjwf6BeanInfo> (0x00000000e77e8ce0) 
thrown [s\src\hotspot\share\classfile\systemDictionary.cpp, line 312]
Event: 2619.371 Thread 0x000002626f265b00 Exception <a 'java/lang/ClassNotFoundException'{0x00000000e77f17f8}: sync_studio_tooling3339_am3rajnzzfegg98pi2qwjjwf6Customizer> (0x00000000e77f17f8) 
thrown [s\src\hotspot\share\classfile\systemDictionary.cpp, line 312]
Event: 2619.442 Thread 0x000002626f265b00 Exception <a 'java/lang/ClassNotFoundException'{0x00000000e7028fe8}: ijInit2_3qxm0l5gbyk5j8rx4ykfw8ay5BeanInfo> (0x00000000e7028fe8) 
thrown [s\src\hotspot\share\classfile\systemDictionary.cpp, line 312]
Event: 2619.443 Thread 0x000002626f265b00 Exception <a 'java/lang/ClassNotFoundException'{0x00000000e7031810}: ijInit2_3qxm0l5gbyk5j8rx4ykfw8ay5Customizer> (0x00000000e7031810) 
thrown [s\src\hotspot\share\classfile\systemDictionary.cpp, line 312]
Event: 2619.457 Thread 0x000002626f265b00 Exception <a 'java/lang/ClassNotFoundException'{0x00000000e707b590}: JetGradlePluginBeanInfo> (0x00000000e707b590) 
thrown [s\src\hotspot\share\classfile\systemDictionary.cpp, line 312]
Event: 2619.458 Thread 0x000002626f265b00 Exception <a 'java/lang/ClassNotFoundException'{0x00000000e7085818}: JetGradlePluginCustomizer> (0x00000000e7085818) 
thrown [s\src\hotspot\share\classfile\systemDictionary.cpp, line 312]
Event: 2619.469 Thread 0x000002626f265b00 Exception <a 'java/lang/ClassNotFoundException'{0x00000000e70be490}: com/intellij/gradle/toolingExtension/impl/model/utilDummyModel/DummyModelBeanInfo> (0x00000000e70be490) 
thrown [s\src\hotspot\share\classfile\systemDictionary.cpp, line 312]
Event: 2619.469 Thread 0x000002626f265b00 Exception <a 'java/lang/ClassNotFoundException'{0x00000000e70c7100}: com/intellij/gradle/toolingExtension/impl/model/utilDummyModel/DummyModelCustomizer> (0x00000000e70c7100) 
thrown [s\src\hotspot\share\classfile\systemDictionary.cpp, line 312]
Event: 2619.482 Thread 0x000002626f265b00 Exception <a 'java/lang/ClassNotFoundException'{0x00000000e6f0e668}: com/intellij/gradle/toolingExtension/impl/modelBuilder/ExtraModelBuilderBeanInfo> (0x00000000e6f0e668) 
thrown [s\src\hotspot\share\classfile\systemDictionary.cpp, line 312]
Event: 2619.482 Thread 0x000002626f265b00 Exception <a 'java/lang/ClassNotFoundException'{0x00000000e6f172c0}: com/intellij/gradle/toolingExtension/impl/modelBuilder/ExtraModelBuilderCustomizer> (0x00000000e6f172c0) 
thrown [s\src\hotspot\share\classfile\systemDictionary.cpp, line 312]
Event: 2619.647 Thread 0x000002626f265b00 Exception <a 'sun/nio/fs/WindowsException'{0x00000000e6b46d48}> (0x00000000e6b46d48) 
thrown [s\src\hotspot\share\prims\jni.cpp, line 537]
Event: 2619.647 Thread 0x000002626f265b00 Exception <a 'sun/nio/fs/WindowsException'{0x00000000e6b48410}> (0x00000000e6b48410) 
thrown [s\src\hotspot\share\prims\jni.cpp, line 537]
Event: 2619.648 Thread 0x000002626f265b00 Exception <a 'sun/nio/fs/WindowsException'{0x00000000e6b49ac8}> (0x00000000e6b49ac8) 
thrown [s\src\hotspot\share\prims\jni.cpp, line 537]
Event: 2619.648 Thread 0x000002626f265b00 Exception <a 'sun/nio/fs/WindowsException'{0x00000000e6b4ae50}> (0x00000000e6b4ae50) 
thrown [s\src\hotspot\share\prims\jni.cpp, line 537]
Event: 2619.755 Thread 0x000002626f265b00 Exception <a 'sun/nio/fs/WindowsException'{0x00000000e56f7690}> (0x00000000e56f7690) 
thrown [s\src\hotspot\share\prims\jni.cpp, line 537]
Event: 2619.755 Thread 0x000002626f265b00 Exception <a 'sun/nio/fs/WindowsException'{0x00000000e56f8f90}> (0x00000000e56f8f90) 
thrown [s\src\hotspot\share\prims\jni.cpp, line 537]
Event: 2619.756 Thread 0x000002626f265b00 Exception <a 'sun/nio/fs/WindowsException'{0x00000000e56fb520}> (0x00000000e56fb520) 
thrown [s\src\hotspot\share\prims\jni.cpp, line 537]
Event: 2620.230 Thread 0x000002626f265b00 Exception <a 'sun/nio/fs/WindowsException'{0x00000000ddcc98a0}> (0x00000000ddcc98a0) 
thrown [s\src\hotspot\share\prims\jni.cpp, line 537]
Event: 2620.230 Thread 0x000002626f265b00 Exception <a 'sun/nio/fs/WindowsException'{0x00000000ddccb8b8}> (0x00000000ddccb8b8) 
thrown [s\src\hotspot\share\prims\jni.cpp, line 537]

ZGC Phase Switch (0 events):
No events

VM Operations (20 events):
Event: 2571.558 Executing VM operation: Cleanup
Event: 2571.558 Executing VM operation: Cleanup done
Event: 2574.588 Executing VM operation: Cleanup
Event: 2574.588 Executing VM operation: Cleanup done
Event: 2601.841 Executing VM operation: Cleanup
Event: 2601.841 Executing VM operation: Cleanup done
Event: 2611.935 Executing VM operation: Cleanup
Event: 2611.935 Executing VM operation: Cleanup done
Event: 2619.014 Executing VM operation: Cleanup
Event: 2619.014 Executing VM operation: Cleanup done
Event: 2619.329 Executing VM operation: ICBufferFull
Event: 2619.329 Executing VM operation: ICBufferFull done
Event: 2619.733 Executing VM operation: ICBufferFull
Event: 2619.733 Executing VM operation: ICBufferFull done
Event: 2619.876 Executing VM operation: ICBufferFull
Event: 2619.876 Executing VM operation: ICBufferFull done
Event: 2620.069 Executing VM operation: ICBufferFull
Event: 2620.069 Executing VM operation: ICBufferFull done
Event: 2620.252 Executing VM operation: ICBufferFull
Event: 2620.252 Executing VM operation: ICBufferFull done

Memory protections (0 events):
No events

Nmethod flushes (20 events):
Event: 2299.007 Thread 0x000002625b20f5f0 flushing  nmethod 0x0000026246b92e10
Event: 2299.007 Thread 0x000002625b20f5f0 flushing  nmethod 0x0000026246b93410
Event: 2299.007 Thread 0x000002625b20f5f0 flushing  nmethod 0x0000026246ef5410
Event: 2299.007 Thread 0x000002625b20f5f0 flushing  nmethod 0x0000026246ef5810
Event: 2299.007 Thread 0x000002625b20f5f0 flushing  nmethod 0x0000026246ef6990
Event: 2299.007 Thread 0x000002625b20f5f0 flushing  nmethod 0x0000026246ef6e90
Event: 2299.007 Thread 0x000002625b20f5f0 flushing  nmethod 0x00000262476e9610
Event: 2299.007 Thread 0x000002625b20f5f0 flushing  nmethod 0x00000262476ef210
Event: 2299.007 Thread 0x000002625b20f5f0 flushing osr nmethod 0x00000262476f1f90
Event: 2299.007 Thread 0x000002625b20f5f0 flushing  nmethod 0x00000262476f3210
Event: 2299.007 Thread 0x000002625b20f5f0 flushing  nmethod 0x0000026247c8ea10
Event: 2299.007 Thread 0x000002625b20f5f0 flushing  nmethod 0x0000026247c94090
Event: 2299.007 Thread 0x000002625b20f5f0 flushing  nmethod 0x000002624839fa10
Event: 2299.007 Thread 0x000002625b20f5f0 flushing  nmethod 0x0000026248a6d090
Event: 2299.007 Thread 0x000002625b20f5f0 flushing  nmethod 0x0000026248b05290
Event: 2299.007 Thread 0x000002625b20f5f0 flushing  nmethod 0x0000026248b08710
Event: 2299.007 Thread 0x000002625b20f5f0 flushing  nmethod 0x0000026248c5ff10
Event: 2299.007 Thread 0x000002625b20f5f0 flushing  nmethod 0x0000026248c65f10
Event: 2299.007 Thread 0x000002625b20f5f0 flushing  nmethod 0x0000026248c66290
Event: 2299.007 Thread 0x000002625b20f5f0 flushing  nmethod 0x0000026248ccc410

Events (20 events):
Event: 2620.114 Thread 0x000002626f265b00 Thread added: 0x00000262004ab1c0
Event: 2620.116 Thread 0x000002626f265b00 Thread added: 0x00000262004ab850
Event: 2620.117 Thread 0x000002626f265b00 Thread added: 0x00000262004abee0
Event: 2620.117 Thread 0x000002626f265b00 Thread added: 0x00000262004a90f0
Event: 2620.117 Thread 0x000002626f265b00 Thread added: 0x00000262004a9780
Event: 2620.117 Thread 0x000002626f265b00 Thread added: 0x00000262004aa4a0
Event: 2620.117 Thread 0x000002626f265b00 Thread added: 0x00000262004a8a60
Event: 2620.117 Thread 0x000002626f265b00 Thread added: 0x00000262004ac570
Event: 2620.118 Thread 0x000002626f265b00 Thread added: 0x00000262004acc00
Event: 2620.168 Thread 0x000002626f265b00 Thread added: 0x000002627f59b470
Event: 2620.169 Thread 0x000002626f265b00 Thread added: 0x000002627f59bb00
Event: 2620.169 Thread 0x000002626f265b00 Thread added: 0x000002627f59c190
Event: 2620.169 Thread 0x000002626f265b00 Thread added: 0x000002627f598d10
Event: 2620.169 Thread 0x000002626f265b00 Thread added: 0x000002627f59c820
Event: 2620.169 Thread 0x000002626f265b00 Thread added: 0x000002627f59ceb0
Event: 2620.169 Thread 0x000002626f265b00 Thread added: 0x000002627f59e8f0
Event: 2620.169 Thread 0x000002626f265b00 Thread added: 0x000002627f59d540
Event: 2620.170 Thread 0x000002626f265b00 Thread added: 0x000002627f59dbd0
Event: 2620.170 Thread 0x000002626f265b00 Thread added: 0x000002627f59e260
Event: 2620.170 Thread 0x000002626f265b00 Thread added: 0x0000026279ab2010


Dynamic libraries:
0x00007ff6811c0000 - 0x00007ff6811ca000 	C:\Program Files\Android\Android Studio\jbr\bin\java.exe
0x00007ffbc65c0000 - 0x00007ffbc6827000 	C:\WINDOWS\SYSTEM32\ntdll.dll
0x00007ffbc4de0000 - 0x00007ffbc4ea9000 	C:\WINDOWS\System32\KERNEL32.DLL
0x00007ffbc3f60000 - 0x00007ffbc434f000 	C:\WINDOWS\System32\KERNELBASE.dll
0x00007ffbc3aa0000 - 0x00007ffbc3beb000 	C:\WINDOWS\System32\ucrtbase.dll
0x00007ffb77d10000 - 0x00007ffb77d28000 	C:\Program Files\Android\Android Studio\jbr\bin\jli.dll
0x00007ffbb1480000 - 0x00007ffbb149b000 	C:\Program Files\Android\Android Studio\jbr\bin\VCRUNTIME140.dll
0x00007ffbc44e0000 - 0x00007ffbc46a5000 	C:\WINDOWS\System32\USER32.dll
0x00007ffbad010000 - 0x00007ffbad2a3000 	C:\WINDOWS\WinSxS\amd64_microsoft.windows.common-controls_6595b64144ccf1df_6.0.26100.7309_none_3e05feeae336a044\COMCTL32.dll
0x00007ffbc37c0000 - 0x00007ffbc37e7000 	C:\WINDOWS\System32\win32u.dll
0x00007ffbc4eb0000 - 0x00007ffbc4f59000 	C:\WINDOWS\System32\msvcrt.dll
0x00007ffbc6430000 - 0x00007ffbc645b000 	C:\WINDOWS\System32\GDI32.dll
0x00007ffbc3cb0000 - 0x00007ffbc3ddc000 	C:\WINDOWS\System32\gdi32full.dll
0x00007ffbc3960000 - 0x00007ffbc3a03000 	C:\WINDOWS\System32\msvcp_win.dll
0x00007ffbc4850000 - 0x00007ffbc4881000 	C:\WINDOWS\System32\IMM32.DLL
0x00007ffba3e80000 - 0x00007ffba3e8c000 	C:\Program Files\Android\Android Studio\jbr\bin\vcruntime140_1.dll
0x00007ffb77c80000 - 0x00007ffb77d0d000 	C:\Program Files\Android\Android Studio\jbr\bin\msvcp140.dll
0x00007ffb7b770000 - 0x00007ffb7c406000 	C:\Program Files\Android\Android Studio\jbr\bin\server\jvm.dll
0x00007ffbc4790000 - 0x00007ffbc4844000 	C:\WINDOWS\System32\ADVAPI32.dll
0x00007ffbc5310000 - 0x00007ffbc53b6000 	C:\WINDOWS\System32\sechost.dll
0x00007ffbc6460000 - 0x00007ffbc6578000 	C:\WINDOWS\System32\RPCRT4.dll
0x00007ffbc4d60000 - 0x00007ffbc4dd4000 	C:\WINDOWS\System32\WS2_32.dll
0x00007ffbc3570000 - 0x00007ffbc35ce000 	C:\WINDOWS\SYSTEM32\POWRPROF.dll
0x00007ffbbcb30000 - 0x00007ffbbcb3b000 	C:\WINDOWS\SYSTEM32\VERSION.dll
0x00007ffbbcaf0000 - 0x00007ffbbcb25000 	C:\WINDOWS\SYSTEM32\WINMM.dll
0x00007ffbc3550000 - 0x00007ffbc3564000 	C:\WINDOWS\SYSTEM32\UMPDC.dll
0x00007ffbc2480000 - 0x00007ffbc249b000 	C:\WINDOWS\SYSTEM32\kernel.appcore.dll
0x00007ffb9b2d0000 - 0x00007ffb9b2da000 	C:\Program Files\Android\Android Studio\jbr\bin\jimage.dll
0x00007ffbb89d0000 - 0x00007ffbb8c12000 	C:\WINDOWS\SYSTEM32\DBGHELP.DLL
0x00007ffbc48c0000 - 0x00007ffbc4c45000 	C:\WINDOWS\System32\combase.dll
0x00007ffbc4f60000 - 0x00007ffbc5036000 	C:\WINDOWS\System32\OLEAUT32.dll
0x00007ffbb6550000 - 0x00007ffbb658c000 	C:\WINDOWS\SYSTEM32\dbgcore.DLL
0x00007ffbc3710000 - 0x00007ffbc37b5000 	C:\WINDOWS\System32\bcryptPrimitives.dll
0x00007ffb77c70000 - 0x00007ffb77c7e000 	C:\Program Files\Android\Android Studio\jbr\bin\instrument.dll
0x00007ffb7b750000 - 0x00007ffb7b770000 	C:\Program Files\Android\Android Studio\jbr\bin\java.dll
0x00007ffb7b730000 - 0x00007ffb7b748000 	C:\Program Files\Android\Android Studio\jbr\bin\zip.dll
0x00007ffbc5cd0000 - 0x00007ffbc6423000 	C:\WINDOWS\System32\SHELL32.dll
0x00007ffbc37f0000 - 0x00007ffbc395a000 	C:\WINDOWS\System32\wintypes.dll
0x00007ffbc12f0000 - 0x00007ffbc1b4e000 	C:\WINDOWS\SYSTEM32\windows.storage.dll
0x00007ffbc55c0000 - 0x00007ffbc56b5000 	C:\WINDOWS\System32\SHCORE.dll
0x00007ffbc4c50000 - 0x00007ffbc4cb6000 	C:\WINDOWS\System32\shlwapi.dll
0x00007ffbc3630000 - 0x00007ffbc3659000 	C:\WINDOWS\SYSTEM32\profapi.dll
0x00007ffb77c20000 - 0x00007ffb77c30000 	C:\Program Files\Android\Android Studio\jbr\bin\net.dll
0x00007ffbbd700000 - 0x00007ffbbd828000 	C:\WINDOWS\SYSTEM32\WINHTTP.dll
0x00007ffbc29d0000 - 0x00007ffbc2a3b000 	C:\WINDOWS\system32\mswsock.dll
0x00007ffb77c00000 - 0x00007ffb77c16000 	C:\Program Files\Android\Android Studio\jbr\bin\nio.dll
0x00007ffb77630000 - 0x00007ffb77640000 	C:\Program Files\Android\Android Studio\jbr\bin\verify.dll
0x00007ffb47f80000 - 0x00007ffb47fa7000 	C:\Users\Sis\.gradle\native\1def1411415f61bf3af743bc5b6707747c0891f09f0c88961ee8f79bc544acac\windows-amd64\native-platform.dll
0x00007ffb47550000 - 0x00007ffb475c8000 	C:\Users\Sis\.gradle\native\0.2.7\x86_64-windows-gnu\gradle-fileevents.dll
0x00007ffb77090000 - 0x00007ffb77099000 	C:\Program Files\Android\Android Studio\jbr\bin\management.dll
0x00007ffb77080000 - 0x00007ffb7708b000 	C:\Program Files\Android\Android Studio\jbr\bin\management_ext.dll
0x00007ffbc4d50000 - 0x00007ffbc4d58000 	C:\WINDOWS\System32\PSAPI.DLL
0x00007ffbc1e70000 - 0x00007ffbc1ea4000 	C:\WINDOWS\SYSTEM32\IPHLPAPI.DLL
0x00007ffbc52b0000 - 0x00007ffbc52ba000 	C:\WINDOWS\System32\NSI.dll
0x00007ffb770f0000 - 0x00007ffb770f9000 	C:\Program Files\Android\Android Studio\jbr\bin\extnet.dll
0x00007ffbc2dc0000 - 0x00007ffbc2ddb000 	C:\WINDOWS\SYSTEM32\CRYPTSP.dll
0x00007ffbc23e0000 - 0x00007ffbc241a000 	C:\WINDOWS\system32\rsaenh.dll
0x00007ffbc2a80000 - 0x00007ffbc2aab000 	C:\WINDOWS\SYSTEM32\USERENV.dll
0x00007ffbc3600000 - 0x00007ffbc362a000 	C:\WINDOWS\SYSTEM32\bcrypt.dll
0x00007ffbc2c20000 - 0x00007ffbc2c2c000 	C:\WINDOWS\SYSTEM32\CRYPTBASE.dll
0x00007ffb77160000 - 0x00007ffb77168000 	C:\WINDOWS\system32\wshunix.dll
0x00007ffb77100000 - 0x00007ffb77118000 	C:\WINDOWS\system32\napinsp.dll
0x00007ffbc1eb0000 - 0x00007ffbc1fdc000 	C:\WINDOWS\SYSTEM32\DNSAPI.dll
0x00007ffb77120000 - 0x00007ffb77132000 	C:\WINDOWS\System32\winrnr.dll
0x00007ffba3ef0000 - 0x00007ffba3f12000 	C:\WINDOWS\system32\nlansp_c.dll
0x00007ffba4e00000 - 0x00007ffba4e16000 	C:\WINDOWS\system32\wshbth.dll
0x00007ffbba2f0000 - 0x00007ffbba2fb000 	C:\Windows\System32\rasadhlp.dll
0x00007ffbbcd00000 - 0x00007ffbbcd86000 	C:\WINDOWS\System32\fwpuclnt.dll
0x00007ffbbe690000 - 0x00007ffbbe697000 	C:\Program Files\Android\Android Studio\jbr\bin\rmi.dll
0x00007ffbc25a0000 - 0x00007ffbc25d6000 	C:\WINDOWS\SYSTEM32\ntmarta.dll
0x00007ffb7fa60000 - 0x00007ffb7fb49000 	C:\Users\Sis\AppData\Local\Temp\sqlite-3.41.2.2-958bcd3e-e10a-452d-9281-4331c4710137-sqlitejdbc.dll
0x00007ffb77960000 - 0x00007ffb77a49000 	C:\Users\Sis\AppData\Local\Temp\sqlite-3.41.2.2-9267d367-81f4-4383-b899-54399fae5536-sqlitejdbc.dll

JVMTI agents:
C:\Users\Sis\.gradle\wrapper\dists\gradle-8.13-bin\5xuhj0ry160q40clulazy9h7d\gradle-8.13\lib\agents\gradle-instrumentation-agent-8.13.jar path:C:\Program Files\Android\Android Studio\jbr\bin\instrument.dll, loaded, initialized, instrumentlib options:none

dbghelp: loaded successfully - version: 4.0.5 - missing functions: none
symbol engine: initialized successfully - sym options: 0x614 - pdb path: .;C:\Program Files\Android\Android Studio\jbr\bin;C:\WINDOWS\SYSTEM32;C:\WINDOWS\WinSxS\amd64_microsoft.windows.common-controls_6595b64144ccf1df_6.0.26100.7309_none_3e05feeae336a044;C:\Program Files\Android\Android Studio\jbr\bin\server;C:\Users\Sis\.gradle\native\1def1411415f61bf3af743bc5b6707747c0891f09f0c88961ee8f79bc544acac\windows-amd64;C:\Users\Sis\.gradle\native\0.2.7\x86_64-windows-gnu;C:\Users\Sis\AppData\Local\Temp

VM Arguments:
jvm_args: --add-opens=java.base/java.lang=ALL-UNNAMED --add-opens=java.base/java.lang.invoke=ALL-UNNAMED --add-opens=java.base/java.util=ALL-UNNAMED --add-opens=java.prefs/java.util.prefs=ALL-UNNAMED --add-exports=jdk.compiler/com.sun.tools.javac.api=ALL-UNNAMED --add-exports=jdk.compiler/com.sun.tools.javac.util=ALL-UNNAMED --add-opens=java.base/java.util=ALL-UNNAMED --add-opens=java.prefs/java.util.prefs=ALL-UNNAMED --add-opens=java.base/java.nio.charset=ALL-UNNAMED --add-opens=java.base/java.net=ALL-UNNAMED --add-opens=java.base/java.util.concurrent.atomic=ALL-UNNAMED --add-opens=java.xml/javax.xml.namespace=ALL-UNNAMED -Xmx2048m -Dfile.encoding=UTF-8 -Duser.country=US -Duser.language=en -Duser.variant -javaagent:C:\Users\Sis\.gradle\wrapper\dists\gradle-8.13-bin\5xuhj0ry160q40clulazy9h7d\gradle-8.13\lib\agents\gradle-instrumentation-agent-8.13.jar 
java_command: org.gradle.launcher.daemon.bootstrap.GradleDaemon 8.13
java_class_path (initial): C:\Users\Sis\.gradle\wrapper\dists\gradle-8.13-bin\5xuhj0ry160q40clulazy9h7d\gradle-8.13\lib\gradle-daemon-main-8.13.jar
Launcher Type: SUN_STANDARD

[Global flags]
     intx CICompilerCount                          = 4                                         {product} {ergonomic}
     uint ConcGCThreads                            = 3                                         {product} {ergonomic}
     uint G1ConcRefinementThreads                  = 10                                        {product} {ergonomic}
   size_t G1HeapRegionSize                         = 1048576                                   {product} {ergonomic}
    uintx GCDrainStackTargetSize                   = 64                                        {product} {ergonomic}
   size_t InitialHeapSize                          = 257949696                                 {product} {ergonomic}
   size_t MarkStackSize                            = 4194304                                   {product} {ergonomic}
   size_t MaxHeapSize                              = 2147483648                                {product} {command line}
   size_t MaxNewSize                               = 1287651328                                {product} {ergonomic}
   size_t MinHeapDeltaBytes                        = 1048576                                   {product} {ergonomic}
   size_t MinHeapSize                              = 8388608                                   {product} {ergonomic}
    uintx NonNMethodCodeHeapSize                   = 5839372                                {pd product} {ergonomic}
    uintx NonProfiledCodeHeapSize                  = 122909434                              {pd product} {ergonomic}
    uintx ProfiledCodeHeapSize                     = 122909434                              {pd product} {ergonomic}
    uintx ReservedCodeCacheSize                    = 251658240                              {pd product} {ergonomic}
     bool SegmentedCodeCache                       = true                                      {product} {ergonomic}
   size_t SoftMaxHeapSize                          = 2147483648                             {manageable} {ergonomic}
     bool UseCompressedOops                        = true                           {product lp64_product} {ergonomic}
     bool UseG1GC                                  = true                                      {product} {ergonomic}
     bool UseLargePagesIndividualAllocation        = false                                  {pd product} {ergonomic}

Logging:
Log output configuration:
 #0: stdout all=warning uptime,level,tags foldmultilines=false
 #1: stderr all=off uptime,level,tags foldmultilines=false

Environment Variables:
CLASSPATH=C:\Users\Sis\java;C:\Program Files\Java\jdk-20\bin;C:\Users\Sis\IdeaProjects;
PATH=C:\Program Files\Python312\Scripts\;C:\Program Files\Python312\;C:\WINDOWS\system32;C:\WINDOWS\System32\Wbem;C:\WINDOWS;C:\WINDOWS\System32\WindowsPowerShell\v1.0\;C:\WINDOWS\System32\OpenSSH\;C:\WINDOWS\system32;C:\WINDOWS\System32\Wbem;C:\WINDOWS;C:\WINDOWS\System32\WindowsPowerShell\v1.0\;C:\WINDOWS\System32\OpenSSH\;C:\Program Files\Common Files\Oracle\Java\javapath;C:\Program Files (x86)\Common Files\Oracle\Java\javapath;C:\Program Files\Java\jdk-20\bin;C:\Users\Sis\IdeaProjects;C:\Program Files\dotnet\;C:\Users\Sis\AppData\Roaming\Python\Python312\Scripts;C:\PHP;C:\Program Files\nodejs\;C:\ProgramData\chocolatey\bin;C:\ProgramData\ComposerSetup\bin;C:\WINDOWS\System32\WindowsPowerShell\v1.0\;C:\WINDOWS\System32\OpenSSH\;C:\Program Files\Git\cmd;c:\Users\Sis\AppData\Local\Programs\Trae\bin;C:\Users\Sis\AppData\Local\Programs\Python\Launcher\;C:\Users\Sis\AppData\Local\Microsoft\WindowsApps;C:\Program Files\Java\jdk-19\bin;%IntelliJ IDEA Community Edition%;C:\Users\Sis\.dotnet\tools;C:\Users\Sis\AppData\Local\Programs\Microsoft VS Code\bin;C:\Program Files\Azure Data Studio\bin;C:\Program Files\JetBrains\PyCharm 2023.2.5\bin;;C:\path\to\your\Scripts\directory;C:\Users\Sis\AppData\Roaming\npm;C:\Users\Sis\AppData\Roaming\Composer\vendor\bin;C:\Users\Sis\AppData\Local\Programs\cursor\resources\app\bin
USERNAME=Sis
OS=Windows_NT
PROCESSOR_IDENTIFIER=AMD64 Family 25 Model 80 Stepping 0, AuthenticAMD
TMP=C:\Users\Sis\AppData\Local\Temp
TEMP=C:\Users\Sis\AppData\Local\Temp




Periodic native trim disabled

JNI global refs:
JNI global refs: 32, weak refs: 608

JNI global refs memory usage: 835, weak refs: 7345

Process memory usage:
Resident Set Size: 992952K (6% of 16118964K total physical memory with 745496K free physical memory)

OOME stack traces (most recent first):
Classloader memory used:
Loader org.gradle.internal.classloader.VisitableURLClassLoader                         : 114M
Loader org.gradle.internal.classloader.VisitableURLClassLoader$InstrumentingVisitableURLClassLoader: 84262K
Loader bootstrap                                                                       : 37165K
Loader java.net.URLClassLoader                                                         : 30257K
Loader org.gradle.initialization.MixInLegacyTypesClassLoader                           : 17796K
Loader jdk.internal.loader.ClassLoaders$AppClassLoader                                 : 9677K
Loader org.gradle.internal.classloader.VisitableURLClassLoader                         : 8823K
Loader jdk.internal.reflect.DelegatingClassLoader                                      : 1403K
Loader jdk.internal.loader.ClassLoaders$PlatformClassLoader                            : 1325K
Loader org.gradle.groovy.scripts.internal.DefaultScriptCompilationHandler$ScriptClassLoader: 396K
Loader jdk.internal.jrtfs.JrtFileSystemProvider$JrtFsLoader                            : 343K
Loader org.codehaus.groovy.runtime.callsite.CallSiteClassLoader                        : 87696B
Loader sun.reflect.misc.MethodUtil                                                     : 2984B

Classes loaded by more than one classloader:
Class Program                                                                         : loaded 8 times (x 72B)
Class kotlin.collections.MapsKt__MapsJVMKt                                            : loaded 6 times (x 71B)
Class kotlin.collections.ArraysKt__ArraysKt                                           : loaded 6 times (x 71B)
Class kotlin.collections.SetsKt__SetsJVMKt                                            : loaded 6 times (x 71B)
Class kotlin.Function                                                                 : loaded 6 times (x 70B)
Class kotlin.text.StringsKt__StringsJVMKt                                             : loaded 6 times (x 71B)
Class kotlin.collections.SetsKt                                                       : loaded 6 times (x 71B)
Class kotlin.text.StringsKt__IndentKt                                                 : loaded 6 times (x 71B)
Class kotlin.text.StringsKt__StringBuilderJVMKt                                       : loaded 6 times (x 71B)
Class kotlin.reflect.KCallable                                                        : loaded 6 times (x 70B)
Class kotlin.reflect.KFunction                                                        : loaded 6 times (x 70B)
Class kotlin.collections.MapsKt__MapsKt                                               : loaded 6 times (x 71B)
Class kotlin.jvm.KotlinReflectionNotSupportedError                                    : loaded 6 times (x 82B)
Class kotlin.collections.CollectionsKt__MutableCollectionsKt                          : loaded 6 times (x 71B)
Class kotlin.UninitializedPropertyAccessException                                     : loaded 6 times (x 82B)
Class kotlin.Pair                                                                     : loaded 6 times (x 72B)
Class kotlin.collections.CollectionsKt__CollectionsJVMKt                              : loaded 6 times (x 71B)
Class com.intellij.gradle.toolingExtension.util.GradleVersionUtil                     : loaded 6 times (x 71B)
Class kotlin.sequences.SequencesKt                                                    : loaded 6 times (x 71B)
Class kotlin.collections.CollectionsKt__IteratorsKt                                   : loaded 6 times (x 71B)
Class kotlin.collections.CollectionsKt__IteratorsJVMKt                                : loaded 6 times (x 71B)
Class kotlin.comparisons.ComparisonsKt___ComparisonsJvmKt                             : loaded 6 times (x 71B)
Class kotlin.text.StringsKt                                                           : loaded 6 times (x 71B)
Class kotlin.NotImplementedError                                                      : loaded 6 times (x 82B)
Class kotlin.text.StringsKt__StringsKt                                                : loaded 6 times (x 71B)
Class kotlin.text.StringsKt__StringNumberConversionsKt                                : loaded 6 times (x 71B)
Class kotlin.jvm.internal.FunctionBase                                                : loaded 6 times (x 70B)
Class kotlin.jvm.internal.FunctionReference                                           : loaded 6 times (x 122B)
Class kotlin.enums.EnumEntriesList                                                    : loaded 6 times (x 223B)
Class kotlin.jvm.internal.CallableReference                                           : loaded 6 times (x 106B)
Class kotlin.enums.EnumEntries                                                        : loaded 6 times (x 70B)
Class kotlin.collections.CollectionsKt__CollectionsKt                                 : loaded 6 times (x 71B)
Class kotlin.collections.ArraysKt___ArraysJvmKt                                       : loaded 6 times (x 71B)
Class kotlin.text.StringsKt__RegexExtensionsJVMKt                                     : loaded 6 times (x 71B)
Class kotlin.text.StringsKt__RegexExtensionsKt                                        : loaded 6 times (x 71B)
Class Build_gradle$1                                                                  : loaded 6 times (x 74B)
Class kotlin.sequences.SequencesKt__SequencesJVMKt                                    : loaded 6 times (x 71B)
Class kotlin.collections.AbstractList                                                 : loaded 6 times (x 197B)
Class kotlin.collections.AbstractCollection                                           : loaded 6 times (x 117B)
Class kotlin.collections.EmptyList                                                    : loaded 6 times (x 174B)
Class kotlin.sequences.SequencesKt__SequencesKt                                       : loaded 6 times (x 71B)
Class kotlin.collections.SetsKt___SetsKt                                              : loaded 6 times (x 71B)
Class kotlin.comparisons.ComparisonsKt__ComparisonsKt                                 : loaded 6 times (x 71B)
Class kotlin.collections.CollectionsKt                                                : loaded 6 times (x 71B)
Class kotlin.ranges.RangesKt__RangesKt                                                : loaded 6 times (x 71B)
Class kotlin.sequences.FilteringSequence                                              : loaded 6 times (x 75B)
Class kotlin.comparisons.ComparisonsKt                                                : loaded 6 times (x 71B)
Class kotlin.comparisons.ComparisonsKt___ComparisonsKt                                : loaded 6 times (x 71B)
Class kotlin.collections.CollectionsKt___CollectionsJvmKt                             : loaded 6 times (x 71B)
Class kotlin.Unit                                                                     : loaded 6 times (x 71B)
Class kotlin.sequences.FilteringSequence$iterator$1                                   : loaded 6 times (x 79B)
Class kotlin.sequences.SequencesKt___SequencesJvmKt                                   : loaded 6 times (x 71B)
Class kotlin.sequences.SequencesKt__SequenceBuilderKt                                 : loaded 6 times (x 71B)
Class kotlin.TuplesKt                                                                 : loaded 6 times (x 71B)
Class kotlin.ranges.RangesKt                                                          : loaded 6 times (x 71B)
Class kotlin.text.StringsKt__StringNumberConversionsJVMKt                             : loaded 6 times (x 71B)
Class kotlin.sequences.Sequence                                                       : loaded 6 times (x 70B)
Class kotlin.collections.ArraysUtilJVM                                                : loaded 6 times (x 71B)
Class kotlin.jvm.functions.Function0                                                  : loaded 6 times (x 70B)
Class kotlin.jvm.functions.Function1                                                  : loaded 6 times (x 70B)
Class kotlin.collections.MapsKt___MapsJvmKt                                           : loaded 6 times (x 71B)
Class kotlin.collections.EmptySet                                                     : loaded 6 times (x 122B)
Class kotlin.collections.CollectionsKt___CollectionsKt                                : loaded 6 times (x 71B)
Class kotlin.text.StringsKt__AppendableKt                                             : loaded 6 times (x 71B)
Class kotlin.collections.CollectionsKt__ReversedViewsKt                               : loaded 6 times (x 71B)
Class kotlin.reflect.KDeclarationContainer                                            : loaded 6 times (x 70B)
Class kotlin.text.StringsKt___StringsJvmKt                                            : loaded 6 times (x 71B)
Class kotlin.collections.ArraysKt___ArraysKt                                          : loaded 6 times (x 71B)
Class kotlin.collections.MapsKt___MapsKt                                              : loaded 6 times (x 71B)
Class kotlin.collections.MapsKt__MapWithDefaultKt                                     : loaded 6 times (x 71B)
Class kotlin.enums.EnumEntriesKt                                                      : loaded 6 times (x 71B)
Class kotlin.text.StringsKt___StringsKt                                               : loaded 6 times (x 71B)
Class kotlin.collections.CollectionsKt__MutableCollectionsJVMKt                       : loaded 6 times (x 71B)
Class kotlin.collections.AbstractList$Companion                                       : loaded 6 times (x 71B)
Class kotlin.sequences.SequencesKt___SequencesKt                                      : loaded 6 times (x 71B)
Class kotlin.reflect.KAnnotatedElement                                                : loaded 6 times (x 70B)
Class kotlin.jvm.internal.Intrinsics                                                  : loaded 6 times (x 71B)
Class kotlin.collections.MapsKt                                                       : loaded 6 times (x 71B)
Class kotlin.collections.CollectionsKt__IterablesKt                                   : loaded 6 times (x 71B)
Class kotlin.KotlinNullPointerException                                               : loaded 6 times (x 83B)
Class kotlin.ranges.RangesKt___RangesKt                                               : loaded 6 times (x 71B)
Class kotlin.collections.ArraysKt                                                     : loaded 6 times (x 71B)
Class kotlin.collections.SetsKt__SetsKt                                               : loaded 6 times (x 71B)
Class kotlin.collections.ArraysKt__ArraysJVMKt                                        : loaded 6 times (x 71B)
Class kotlin.jvm.internal.CallableReference$NoReceiver                                : loaded 6 times (x 71B)
Class kotlin.text.StringsKt__StringBuilderKt                                          : loaded 6 times (x 71B)
Class kotlin.NoWhenBranchMatchedException                                             : loaded 6 times (x 82B)
Class kotlin.jvm.internal.markers.KMappedMarker                                       : loaded 6 times (x 70B)
Class Build_gradle                                                                    : loaded 6 times (x 130B)
Class com.google.common.collect.ImmutableList$1                                       : loaded 5 times (x 97B)
Class kotlin.annotation.Retention                                                     : loaded 5 times (x 70B)
Class kotlin.annotation.Target                                                        : loaded 5 times (x 70B)
Class kotlin.jvm.functions.Function2                                                  : loaded 5 times (x 70B)
Class com.google.common.collect.AbstractIterator                                      : loaded 5 times (x 82B)
Class com.google.common.base.Predicate                                                : loaded 5 times (x 70B)
Class com.google.common.collect.ImmutableList$SubList                                 : loaded 5 times (x 208B)
Class com.google.common.collect.AbstractIndexedListIterator                           : loaded 5 times (x 96B)
Class kotlin.collections.EmptyMap                                                     : loaded 5 times (x 109B)
Class com.google.common.collect.ImmutableSet$SetBuilderImpl                           : loaded 5 times (x 76B)
Class com.google.common.collect.ImmutableSet                                          : loaded 5 times (x 145B)
Class kotlin.text.CharsKt__CharJVMKt                                                  : loaded 5 times (x 71B)
Class kotlin.UNINITIALIZED_VALUE                                                      : loaded 5 times (x 71B)
Class kotlin.LazyKt__LazyKt                                                           : loaded 5 times (x 71B)
Class kotlin.SynchronizedLazyImpl                                                     : loaded 5 times (x 76B)
Class kotlin.collections.EmptyIterator                                                : loaded 5 times (x 89B)
Class com.google.common.base.Preconditions                                            : loaded 5 times (x 71B)
Class com.google.common.collect.Lists$StringAsImmutableList                           : loaded 5 times (x 207B)
Class kotlin.text.CharsKt__CharKt                                                     : loaded 5 times (x 71B)
Class com.google.common.collect.RegularImmutableList                                  : loaded 5 times (x 212B)
Class com.google.common.collect.Iterators$MergingIterator                             : loaded 5 times (x 81B)
Class com.google.common.base.Function                                                 : loaded 5 times (x 70B)
Class com.google.common.collect.PeekingIterator                                       : loaded 5 times (x 70B)
Class kotlin.text.CharsKt                                                             : loaded 5 times (x 71B)
Class kotlin._Assertions                                                              : loaded 5 times (x 71B)
Class com.google.common.collect.Iterators                                             : loaded 5 times (x 71B)
Class com.google.common.collect.SingletonImmutableList                                : loaded 5 times (x 207B)
Class kotlin.LazyKt                                                                   : loaded 5 times (x 71B)
Class com.google.common.collect.RegularImmutableSet                                   : loaded 5 times (x 148B)
Class kotlin.Lazy                                                                     : loaded 5 times (x 70B)
Class com.google.common.collect.Iterators$ArrayItr                                    : loaded 5 times (x 97B)
Class com.google.common.collect.ImmutableCollection$Builder                           : loaded 5 times (x 76B)
Class com.google.common.collect.ImmutableList$ReverseImmutableList                    : loaded 5 times (x 208B)
Class com.google.common.collect.UnmodifiableListIterator                              : loaded 5 times (x 95B)
Class kotlin.LazyKt__LazyJVMKt                                                        : loaded 5 times (x 71B)
Class com.google.common.collect.RegularImmutableAsList                                : loaded 5 times (x 216B)
Class com.google.common.collect.ImmutableList                                         : loaded 5 times (x 206B)
Class com.google.common.collect.ImmutableAsList                                       : loaded 5 times (x 209B)
Class com.google.common.collect.Iterators$9                                           : loaded 5 times (x 81B)
Class kotlin.jvm.internal.Lambda                                                      : loaded 5 times (x 75B)
Class com.google.common.collect.Iterators$1                                           : loaded 5 times (x 81B)
Class com.google.common.collect.SingletonImmutableSet                                 : loaded 5 times (x 146B)
Class com.google.common.collect.UnmodifiableIterator                                  : loaded 5 times (x 80B)
Class com.google.common.collect.ImmutableSet$CachingAsList                            : loaded 5 times (x 147B)
Class kotlin.Metadata                                                                 : loaded 5 times (x 70B)
Class com.google.common.collect.Lists                                                 : loaded 5 times (x 71B)
Class com.google.common.collect.ImmutableList$Builder                                 : loaded 5 times (x 77B)
Class com.google.common.collect.Iterators$4                                           : loaded 5 times (x 82B)
Class com.google.common.collect.ImmutableCollection                                   : loaded 5 times (x 125B)
Class com.google.common.collect.Iterators$5                                           : loaded 5 times (x 82B)
Class com.google.common.collect.ImmutableSet$RegularSetBuilderImpl                    : loaded 5 times (x 77B)
Class kotlin.sequences.TransformingSequence$iterator$1                                : loaded 4 times (x 79B)
Class com.google.common.collect.AbstractMapEntry                                      : loaded 4 times (x 81B)
Class com.google.common.collect.SingletonImmutableBiMap                               : loaded 4 times (x 143B)
Class com.google.common.collect.ImmutableBiMap                                        : loaded 4 times (x 143B)
Class kotlin.io.FilesKt__UtilsKt                                                      : loaded 4 times (x 71B)
Class kotlin.collections.CollectionsKt___CollectionsKt$withIndex$1                    : loaded 4 times (x 79B)
Class com.google.common.base.Converter                                                : loaded 4 times (x 90B)
Class ijInit2_3qxm0l5gbyk5j8rx4ykfw8ay5                                               : loaded 4 times (x 179B)
Class kotlin.collections.IndexedValue                                                 : loaded 4 times (x 72B)
Class com.google.common.collect.ImmutableMap$IteratorBasedImmutableMap                : loaded 4 times (x 125B)
Class kotlin.Result                                                                   : loaded 4 times (x 72B)
Class kotlin.ranges.IntProgression$Companion                                          : loaded 4 times (x 71B)
Class com.google.common.collect.RegularImmutableMap$KeySet                            : loaded 4 times (x 150B)
Class kotlin.ranges.IntProgression                                                    : loaded 4 times (x 81B)
Class com.intellij.gradle.toolingExtension.impl.model.dependencyDownloadPolicyModel.GradleDependencyDownloadPolicy: loaded 4 times (x 70B)
Class com.google.common.base.FunctionalEquivalence                                    : loaded 4 times (x 83B)
Class com.google.common.base.PairwiseEquivalence                                      : loaded 4 times (x 83B)
Class com.google.common.base.Equivalence$Identity                                     : loaded 4 times (x 82B)
Class kotlin.coroutines.jvm.internal.RestrictedContinuationImpl                       : loaded 4 times (x 87B)
Class com.google.common.collect.Maps$BiMapConverter                                   : loaded 4 times (x 90B)
Class com.google.common.collect.ImmutableMap$MapViewOfValuesAsSingletonSets           : loaded 4 times (x 125B)
Class kotlin.jvm.internal.markers.KMutableList                                        : loaded 4 times (x 70B)
Class com.google.common.collect.Maps$EntryTransformer                                 : loaded 4 times (x 70B)
Class com.google.common.collect.RegularImmutableMap                                   : loaded 4 times (x 121B)
Class kotlin.sequences.TransformingSequence                                           : loaded 4 times (x 75B)
Class kotlin.io.FilesKt__FileReadWriteKt                                              : loaded 4 times (x 71B)
Class com.google.common.base.CommonPattern                                            : loaded 4 times (x 74B)
Class kotlin.ranges.IntProgressionIterator                                            : loaded 4 times (x 82B)
Class com.google.common.collect.ImmutableMapEntrySet$RegularEntrySet                  : loaded 4 times (x 151B)
Class com.google.common.base.JdkPattern                                               : loaded 4 times (x 75B)
Class [Lkotlin.coroutines.intrinsics.CoroutineSingletons;                             : loaded 4 times (x 69B)
Class kotlin.io.TerminateException                                                    : loaded 4 times (x 82B)
Class com.google.common.collect.ImmutableMapEntry                                     : loaded 4 times (x 85B)
Class kotlin.io.FilesKt__FilePathComponentsKt                                         : loaded 4 times (x 71B)
Class kotlin.ranges.IntRange                                                          : loaded 4 times (x 93B)
Class kotlin.text.Regex$Companion                                                     : loaded 4 times (x 71B)
Class com.google.common.base.Optional                                                 : loaded 4 times (x 80B)
Class kotlin.collections.IntIterator                                                  : loaded 4 times (x 82B)
Class kotlin.coroutines.EmptyCoroutineContext                                         : loaded 4 times (x 77B)
Class com.google.common.collect.SetMultimap                                           : loaded 4 times (x 70B)
Class com.google.common.collect.ImmutableMapEntry$NonTerminalImmutableMapEntry        : loaded 4 times (x 85B)
Class com.google.common.base.Equivalence                                              : loaded 4 times (x 82B)
Class kotlin.ranges.ClosedRange                                                       : loaded 4 times (x 70B)
Class com.google.common.collect.Multimap                                              : loaded 4 times (x 70B)
Class [Lkotlin.reflect.KAnnotatedElement;                                             : loaded 4 times (x 69B)
Class kotlin.coroutines.jvm.internal.DebugProbesKt                                    : loaded 4 times (x 71B)
Class com.google.common.base.Present                                                  : loaded 4 times (x 81B)
Class kotlin.coroutines.CoroutineContext                                              : loaded 4 times (x 70B)
Class com.google.common.base.Equivalence$Equals                                       : loaded 4 times (x 82B)
Class com.google.common.collect.Hashing                                               : loaded 4 times (x 71B)
Class com.google.common.base.PatternCompiler                                          : loaded 4 times (x 70B)
Class com.google.common.base.Platform$JdkPatternCompiler                              : loaded 4 times (x 75B)
Class kotlin.io.NoSuchFileException                                                   : loaded 4 times (x 82B)
Class kotlin.io.FileSystemException                                                   : loaded 4 times (x 82B)
Class com.google.common.collect.Maps                                                  : loaded 4 times (x 71B)
Class com.google.common.collect.MapDifference                                         : loaded 4 times (x 70B)
Class kotlin.jvm.internal.DefaultConstructorMarker                                    : loaded 4 times (x 71B)
Class [Lcom.google.common.collect.ImmutableEntry;                                     : loaded 4 times (x 69B)
Class com.google.common.collect.IndexedImmutableSet                                   : loaded 4 times (x 150B)
Class kotlin.collections.MapWithDefault                                               : loaded 4 times (x 70B)
Class com.google.common.collect.RegularImmutableBiMap                                 : loaded 4 times (x 148B)
Class com.intellij.gradle.toolingExtension.impl.model.utilDummyModel.DummyModel       : loaded 4 times (x 70B)
Class com.google.common.base.Platform                                                 : loaded 4 times (x 71B)
Class com.google.common.collect.ImmutableMap$Builder                                  : loaded 4 times (x 82B)
Class kotlin.collections.IndexingIterator                                             : loaded 4 times (x 79B)
Class com.google.common.collect.Maps$8                                                : loaded 4 times (x 82B)
Class kotlin.coroutines.jvm.internal.RestrictedSuspendLambda                          : loaded 4 times (x 91B)
Class kotlin.Triple                                                                   : loaded 4 times (x 72B)
Class kotlin.collections.ArrayAsCollection                                            : loaded 4 times (x 105B)
Class kotlin.sequences.SequencesKt__SequenceBuilderKt$sequence$$inlined$Sequence$1    : loaded 4 times (x 75B)
Class kotlin.text.Regex                                                               : loaded 4 times (x 72B)
Class org.gradle.kotlin.dsl.VersionCatalogAccessorsKt                                 : loaded 4 times (x 71B)
Class kotlin.ranges.OpenEndRange                                                      : loaded 4 times (x 70B)
Class org.gradle.internal.impldep.com.google.common.base.Preconditions                : loaded 4 times (x 71B)
Class kotlin.sequences.SequenceBuilderIterator                                        : loaded 4 times (x 85B)
Class kotlin.io.FileAlreadyExistsException                                            : loaded 4 times (x 82B)
Class kotlin.coroutines.Continuation                                                  : loaded 4 times (x 70B)
Class org.jetbrains.plugins.gradle.model.ClasspathEntryModel                          : loaded 4 times (x 70B)
Class org.jetbrains.plugins.gradle.model.GradleBuildScriptClasspathModel              : loaded 4 times (x 70B)
Class kotlin.coroutines.jvm.internal.BaseContinuationImpl                             : loaded 4 times (x 87B)
Class kotlin.coroutines.jvm.internal.SuspendFunction                                  : loaded 4 times (x 70B)
Class kotlin.Result$Companion                                                         : loaded 4 times (x 71B)
Class com.google.common.collect.RegularImmutableMap$BucketOverflowException           : loaded 4 times (x 82B)
Class kotlin.coroutines.intrinsics.CoroutineSingletons                                : loaded 4 times (x 79B)
Class kotlin.internal.ProgressionUtilKt                                               : loaded 4 times (x 71B)
Class com.google.common.collect.RegularImmutableMap$Values                            : loaded 4 times (x 207B)
Class kotlin.sequences.FlatteningSequence                                             : loaded 4 times (x 75B)
Class com.google.common.collect.ImmutableMapEntrySet                                  : loaded 4 times (x 151B)
Class kotlin.ranges.IntRange$Companion                                                : loaded 4 times (x 71B)
Class kotlin.collections.CollectionsKt___CollectionsKt$asSequence$$inlined$Sequence$1 : loaded 4 times (x 75B)
Class kotlin.jvm.internal.FunctionReferenceImpl                                       : loaded 4 times (x 122B)
Class kotlin.jvm.internal.markers.KMutableIterable                                    : loaded 4 times (x 70B)
Class kotlin.Result$Failure                                                           : loaded 4 times (x 72B)
Class kotlin.jvm.internal.markers.KMutableCollection                                  : loaded 4 times (x 70B)
Class kotlin.coroutines.intrinsics.IntrinsicsKt                                       : loaded 4 times (x 71B)
Class kotlin.collections.IndexingIterable                                             : loaded 4 times (x 79B)
Class kotlin.sequences.FlatteningSequence$iterator$1                                  : loaded 4 times (x 79B)
Class kotlin.coroutines.jvm.internal.CoroutineStackFrame                              : loaded 4 times (x 70B)
Class kotlin.sequences.SequenceScope                                                  : loaded 4 times (x 73B)
Class kotlin.coroutines.intrinsics.IntrinsicsKt__IntrinsicsJvmKt                      : loaded 4 times (x 71B)
Class kotlin.collections.AbstractMutableList                                          : loaded 4 times (x 206B)
Class kotlin.jvm.internal.CollectionToArray                                           : loaded 4 times (x 71B)
Class com.google.common.collect.ImmutableMap                                          : loaded 4 times (x 120B)
Class com.google.common.base.Absent                                                   : loaded 4 times (x 80B)
Class kotlin.ResultKt                                                                 : loaded 4 times (x 71B)
Class kotlin.jvm.functions.Function3                                                  : loaded 4 times (x 70B)
Class [Lkotlin.reflect.KCallable;                                                     : loaded 4 times (x 69B)
Class [Lcom.google.common.collect.AbstractMapEntry;                                   : loaded 4 times (x 69B)
Class com.google.common.collect.ImmutableEntry                                        : loaded 4 times (x 82B)
Class com.google.common.collect.BiMap                                                 : loaded 4 times (x 70B)
Class kotlin.jvm.functions.Function4                                                  : loaded 4 times (x 70B)
Class com.google.common.collect.CollectPreconditions                                  : loaded 4 times (x 71B)
Class com.google.common.collect.ImmutableMap$1                                        : loaded 4 times (x 81B)
Class kotlin.coroutines.intrinsics.IntrinsicsKt__IntrinsicsKt                         : loaded 4 times (x 71B)
Class com.google.common.collect.ImmutableEnumMap                                      : loaded 4 times (x 125B)
Class org.jetbrains.plugins.gradle.tooling.ModelBuilderService$Parameter              : loaded 4 times (x 70B)
Class com.google.common.collect.SortedMapDifference                                   : loaded 4 times (x 70B)
Class kotlin.io.FilesKt                                                               : loaded 4 times (x 71B)
Class [Lcom.google.common.collect.ImmutableMapEntry;                                  : loaded 4 times (x 69B)
Class kotlin.io.FilesKt__FileTreeWalkKt                                               : loaded 4 times (x 71B)
Class [Lcom.amazon.ion.impl.bin.IonManagedBinaryWriter$UserState;                     : loaded 3 times (x 69B)
Class com.amazon.ion.impl.bin.utf8.Utf8StringEncoder                                  : loaded 3 times (x 80B)
Class com.amazon.ion.impl.bin.utf8.Pool$Allocator                                     : loaded 3 times (x 70B)
Class com.amazon.ion.IonText                                                          : loaded 3 times (x 70B)
Class com.google.common.base.Enums$StringConverter                                    : loaded 3 times (x 90B)
Class kotlin.reflect.jvm.internal.impl.name.FqNameUnsafe                              : loaded 3 times (x 72B)
Class kotlin.jvm.functions.Function8                                                  : loaded 3 times (x 70B)
Class [Lkotlin.annotation.AnnotationRetention;                                        : loaded 3 times (x 69B)
Class kotlin.collections.builders.MapBuilder$Companion                                : loaded 3 times (x 71B)
Class org.jetbrains.plugins.gradle.tooling.ModelBuilderService$Ex                     : loaded 3 times (x 70B)
Class kotlin.reflect.jvm.internal.KProperty1Impl                                      : loaded 3 times (x 128B)
Class org.jetbrains.kotlin.idea.projectModel.KotlinTaskProperties                     : loaded 3 times (x 70B)
Class com.intellij.openapi.externalSystem.model.project.dependencies.ComponentDependencies: loaded 3 times (x 70B)
Class org.jetbrains.plugins.gradle.tooling.serialization.internal.IdeaProjectSerializationService: loaded 3 times (x 77B)
Class [Lorg.jetbrains.org.objectweb.asm.Symbol;                                       : loaded 3 times (x 69B)
Class org.gradle.internal.impldep.gnu.trove.TObjectIntProcedure                       : loaded 3 times (x 70B)
Class com.amazon.ion.IonNumber                                                        : loaded 3 times (x 70B)
Class com.amazon.ion.impl.lite.IonTextLite                                            : loaded 3 times (x 181B)
Class org.jetbrains.org.objectweb.asm.ClassReader                                     : loaded 3 times (x 91B)
Class com.amazon.ion.impl.lite.IonLobLite                                             : loaded 3 times (x 184B)
Class com.amazon.ion.impl.SymbolTokenImpl                                             : loaded 3 times (x 81B)
Class kotlin.reflect.jvm.internal.KPropertyImpl$Companion                             : loaded 3 times (x 71B)
Class kotlin.reflect.jvm.internal.impl.name.Name                                      : loaded 3 times (x 75B)
Class kotlin.jvm.functions.Function7                                                  : loaded 3 times (x 70B)
Class com.intellij.openapi.externalSystem.model.project.dependencies.DependencyNode   : loaded 3 times (x 70B)
Class org.gradle.internal.impldep.com.google.common.collect.Iterators$1               : loaded 3 times (x 81B)
Class kotlin.collections.builders.MapBuilder$KeysItr                                  : loaded 3 times (x 81B)
Class com.amazon.ion.IonBool                                                          : loaded 3 times (x 70B)
Class com.amazon.ion.IonClob                                                          : loaded 3 times (x 70B)
Class com.intellij.gradle.toolingExtension.impl.model.sourceSetModel.GradleSourceSetSerialisationService$Companion: loaded 3 times (x 71B)
Class com.amazon.ion.SubstituteSymbolTableException                                   : loaded 3 times (x 84B)
Class kotlin.reflect.jvm.internal.KTypeParameterOwnerImpl                             : loaded 3 times (x 70B)
Class kotlin.jvm.functions.Function6                                                  : loaded 3 times (x 70B)
Class org.gradle.internal.IoActions                                                   : loaded 3 times (x 71B)
Class com.google.common.base.VerifyException                                          : loaded 3 times (x 82B)
Class com.google.common.base.Enums                                                    : loaded 3 times (x 71B)
Class org.gradle.internal.impldep.com.google.common.collect.AbstractIndexedListIterator: loaded 3 times (x 96B)
Class org.jetbrains.org.objectweb.asm.SymbolTable$Entry                               : loaded 3 times (x 74B)
Class com.amazon.ion.IonReader                                                        : loaded 3 times (x 70B)
Class org.jetbrains.plugins.gradle.model.AnnotationProcessingConfig                   : loaded 3 times (x 70B)
Class com.amazon.ion.system.IonReaderBuilder                                          : loaded 3 times (x 95B)
Class com.amazon.ion.impl._Private_IonValue                                           : loaded 3 times (x 70B)
Class com.amazon.ion.impl.bin.IonManagedBinaryWriter$UserState$2                      : loaded 3 times (x 85B)
Class kotlin.jvm.functions.Function5                                                  : loaded 3 times (x 70B)
Class kotlin.annotation.MustBeDocumented                                              : loaded 3 times (x 70B)
Class kotlin.reflect.jvm.internal.impl.name.FqNameUnsafe$1                            : loaded 3 times (x 74B)
Class [Lkotlin.reflect.jvm.internal.impl.name.ClassId;                                : loaded 3 times (x 69B)
Class kotlin.jvm.internal.MutablePropertyReference0                                   : loaded 3 times (x 137B)
Class com.amazon.ion.impl.lite.IonSystemLite                                          : loaded 3 times (x 275B)
Class com.amazon.ion.util.InputStreamInterceptor                                      : loaded 3 times (x 70B)
Class com.amazon.ion.impl.bin.IonRawBinaryWriter$PreallocationMode                    : loaded 3 times (x 82B)
Class com.amazon.ion.impl.bin._Private_IonRawWriter                                   : loaded 3 times (x 70B)
Class com.amazon.ion.IonWriter                                                        : loaded 3 times (x 70B)
Class com.intellij.gradle.toolingExtension.impl.model.dependencyGraphModel.GradleDependencyReportGenerator: loaded 3 times (x 73B)
Class org.gradle.api.GradleException                                                  : loaded 3 times (x 82B)
Class org.jetbrains.plugins.gradle.tooling.util.ObjectCollector$Processor             : loaded 3 times (x 70B)
Class com.amazon.ion.impl.bin.AbstractIonWriter                                       : loaded 3 times (x 161B)
Class org.jetbrains.org.objectweb.asm.SymbolTable                                     : loaded 3 times (x 72B)
Class kotlin.reflect.jvm.internal.KClassImpl$Data                                     : loaded 3 times (x 72B)
Class com.google.common.collect.ImmutableRangeSet                                     : loaded 3 times (x 115B)
Class kotlin.jvm.functions.Function10                                                 : loaded 3 times (x 70B)
Class kotlin.reflect.jvm.internal.impl.builtins.PrimitiveType$Companion               : loaded 3 times (x 71B)
Class org.jetbrains.plugins.gradle.model.scala.ScalaModel                             : loaded 3 times (x 70B)
Class kotlin.jvm.functions.Function9                                                  : loaded 3 times (x 70B)
Class com.android.ide.gradle.model.builder.GradlePluginModelBuilder                   : loaded 3 times (x 75B)
Class [Lkotlin.LazyThreadSafetyMode;                                                  : loaded 3 times (x 69B)
Class com.google.common.base.CharMatcher$NegatedFastMatcher                           : loaded 3 times (x 113B)
Class com.google.common.collect.AbstractRangeSet                                      : loaded 3 times (x 114B)
Class com.amazon.ion.impl.SymbolTableAsStruct                                         : loaded 3 times (x 70B)
Class com.amazon.ion.impl._Private_Utils$1                                            : loaded 3 times (x 89B)
Class com.amazon.ion.impl.lite.IonSequenceLite                                        : loaded 3 times (x 432B)
Class com.android.ide.gradle.model.dependencies.Coordinates                           : loaded 3 times (x 70B)
Class ijKotlinCoroutineJvmDebugInit1_1oafz8vith36pjqu8qrivxvgq$_run_closure1$_closure2: loaded 3 times (x 139B)
Class kotlin.reflect.jvm.internal.impl.builtins.CompanionObjectMapping                : loaded 3 times (x 71B)
Class kotlin.reflect.jvm.internal.KCallableImpl                                       : loaded 3 times (x 105B)
Class kotlin.reflect.KProperty$Accessor                                               : loaded 3 times (x 70B)
Class [Lkotlin.reflect.KClassifier;                                                   : loaded 3 times (x 69B)
Class kotlin.reflect.jvm.internal.KDeclarationContainerImpl$Data                      : loaded 3 times (x 72B)
Class kotlin.reflect.jvm.internal.EmptyContainerForLocal                              : loaded 3 times (x 84B)
Class com.amazon.ion.impl._Private_RecyclingQueue$ElementFactory                      : loaded 3 times (x 70B)
Class com.amazon.ion.impl._Private_IonContainer                                       : loaded 3 times (x 70B)
Class com.intellij.gradle.toolingExtension.impl.model.buildScriptClasspathModel.GradleBuildScriptClasspathSerializationService$ReadContext: loaded 3 times (x 72B)
Class org.gradle.internal.impldep.gnu.trove.TObjectIntHashMap                         : loaded 3 times (x 109B)
Class org.jetbrains.plugins.gradle.model.GradleSourceSetModel                         : loaded 3 times (x 70B)
Class com.intellij.gradle.toolingExtension.impl.model.sourceSetDependencyModel.GradleSourceSetDependencySerialisationService: loaded 3 times (x 77B)
Class org.jetbrains.plugins.gradle.tooling.serialization.internal.IdeaProjectSerializationService$WriteContext: loaded 3 times (x 72B)
Class com.amazon.ion.impl.bin.BlockAllocatorProvider                                  : loaded 3 times (x 72B)
Class com.amazon.ion.IonLoader                                                        : loaded 3 times (x 70B)
Class com.intellij.gradle.toolingExtension.model.repositoryModel.ProjectRepositoriesModel: loaded 3 times (x 70B)
Class kotlin.jvm.internal.markers.KMutableIterator                                    : loaded 3 times (x 70B)
Class org.jetbrains.plugins.gradle.model.GradleProperty                               : loaded 3 times (x 70B)
Class com.google.common.base.CharMatcher$FastMatcher                                  : loaded 3 times (x 111B)
Class com.amazon.ion.impl.bin.AbstractIonWriter$WriteValueOptimization                : loaded 3 times (x 79B)
Class org.jetbrains.org.objectweb.asm.Attribute                                       : loaded 3 times (x 75B)
Class org.jetbrains.kotlin.idea.gradleTooling.KotlinMPPGradleModelBuilder             : loaded 3 times (x 86B)
Class com.intellij.gradle.toolingExtension.impl.model.utilTurnOffDefaultTasksModel.TurnOffDefaultTasksModelBuilder: loaded 3 times (x 86B)
Class org.jetbrains.org.objectweb.asm.Label                                           : loaded 3 times (x 72B)
Class org.gradle.internal.impldep.com.google.common.collect.Lists$StringAsImmutableList: loaded 3 times (x 207B)
Class org.jetbrains.kotlin.idea.gradleTooling.PrepareKotlinIdeaImportTaskModelBuilder : loaded 3 times (x 86B)
Class org.gradle.api.Action                                                           : loaded 3 times (x 70B)
Class org.gradle.internal.Cast                                                        : loaded 3 times (x 71B)
Class org.jetbrains.plugins.gradle.tooling.serialization.ExternalTestsSerializationService$ReadContext: loaded 3 times (x 72B)
Class com.amazon.ion.impl.BlockedBuffer$BufferedOutputStream                          : loaded 3 times (x 90B)
Class com.amazon.ion.impl.bin.IonBinaryWriterAdapter$Factory                          : loaded 3 times (x 70B)
Class [Lcom.amazon.ion.SymbolTable;                                                   : loaded 3 times (x 69B)
Class com.amazon.ion.impl.bin.IonRawBinaryWriter$1                                    : loaded 3 times (x 77B)
Class com.intellij.openapi.externalSystem.model.project.dependencies.ProjectDependencyNodeImpl: loaded 3 times (x 93B)
Class org.jetbrains.org.objectweb.asm.ClassVisitor                                    : loaded 3 times (x 87B)
Class kotlin.reflect.jvm.internal.KClassImpl                                          : loaded 3 times (x 115B)
Class com.google.common.collect.ImmutableRangeSet$ComplementRanges                    : loaded 3 times (x 207B)
Class com.google.common.base.Verify                                                   : loaded 3 times (x 71B)
Class [Lkotlin.DeprecationLevel;                                                      : loaded 3 times (x 69B)
Class kotlin.sequences.GeneratorSequence                                              : loaded 3 times (x 75B)
Class com.amazon.ion.impl.bin.IonManagedBinaryWriter$ImportedSymbolResolverMode$2     : loaded 3 times (x 80B)
Class com.amazon.ion.impl.bin.utf8.Utf8StringEncoder$Result                           : loaded 3 times (x 74B)
Class kotlin.reflect.jvm.internal.impl.builtins.jvm.JavaToKotlinClassMap$PlatformMutabilityMapping: loaded 3 times (x 72B)
Class JetGradlePlugin$findJetModelBuilder$0                                           : loaded 3 times (x 146B)
Class org.jetbrains.kotlin.idea.gradleTooling.model.allopen.AllOpenModelBuilderService: loaded 3 times (x 85B)
Class kotlin.reflect.KMutableProperty1                                                : loaded 3 times (x 70B)
Class com.intellij.gradle.toolingExtension.impl.modelBuilder.DefaultModelBuilderContext: loaded 3 times (x 77B)
Class com.amazon.ion.impl._Private_RecyclingStack$$Iterator                           : loaded 3 times (x 99B)
Class com.amazon.ion.impl.SharedSymbolTable                                           : loaded 3 times (x 93B)
Class com.amazon.ion.impl.bin.IonRawBinaryWriter                                      : loaded 3 times (x 169B)
Class com.amazon.ion.SymbolToken                                                      : loaded 3 times (x 70B)
Class com.intellij.gradle.toolingExtension.impl.model.warmUp.GradleTaskWarmUpService  : loaded 3 times (x 86B)
Class com.android.ide.gradle.model.composites.BuildMapModelBuilder                    : loaded 3 times (x 75B)
Class com.google.common.base.CharMatcher$Or                                           : loaded 3 times (x 112B)
Class com.amazon.ion.system.IonWriterBuilderBase                                      : loaded 3 times (x 83B)
Class com.amazon.ion.impl._Private_RecyclingQueue                                     : loaded 3 times (x 80B)
Class com.amazon.ion.impl.bin.IonManagedBinaryWriter$ImportDescriptor                 : loaded 3 times (x 76B)
Class com.amazon.ion.SymbolTable                                                      : loaded 3 times (x 70B)
Class kotlin.jvm.functions.Function11                                                 : loaded 3 times (x 70B)
Class org.jetbrains.plugins.gradle.javaModel.JavaGradleManifestModel                  : loaded 3 times (x 70B)
Class org.jetbrains.kotlin.idea.gradleTooling.KotlinGradleModelBuilder                : loaded 3 times (x 86B)
Class com.amazon.ion.impl.bin.BlockAllocator                                          : loaded 3 times (x 80B)
Class com.amazon.ion.impl.IonWriterSystemTextMarkup                                   : loaded 3 times (x 192B)
Class org.jetbrains.plugins.gradle.tooling.serialization.GradleExtensionsSerializationService$WriteContext: loaded 3 times (x 72B)
Class kotlin.reflect.jvm.internal.ReflectProperties$Val$1                             : loaded 3 times (x 71B)
Class kotlin.text.DelimitedRangesSequence                                             : loaded 3 times (x 75B)
Class com.android.ide.gradle.model.builder.LegacyV1AgpVersionModelBuilder             : loaded 3 times (x 75B)
Class org.gradle.internal.impldep.com.google.common.collect.Iterators$4               : loaded 3 times (x 82B)
Class kotlin.reflect.KClassifier                                                      : loaded 3 times (x 70B)
Class kotlin.reflect.KMutableProperty0                                                : loaded 3 times (x 70B)
Class org.gradle.internal.impldep.com.google.common.collect.Iterators$SingletonIterator: loaded 3 times (x 81B)
Class org.jetbrains.plugins.gradle.tooling.builder.IntelliJProjectSettingsBuilder     : loaded 3 times (x 78B)
Class com.google.common.base.CharMatcher$BitSetMatcher                                : loaded 3 times (x 112B)
Class kotlin.reflect.KType                                                            : loaded 3 times (x 70B)
Class com.amazon.ion.impl._Private_Utils                                              : loaded 3 times (x 71B)
Class org.jetbrains.org.objectweb.asm.Frame                                           : loaded 3 times (x 73B)
Class org.gradle.internal.impldep.com.google.common.collect.Lists                     : loaded 3 times (x 71B)
Class org.jetbrains.kotlin.idea.gradleTooling.KotlinDslScriptTaskModelBuilder         : loaded 3 times (x 86B)
Class com.amazon.ion.IonStruct                                                        : loaded 3 times (x 70B)
Class com.amazon.ion.impl.bin.IonManagedBinaryWriter$SymbolState                      : loaded 3 times (x 80B)
Class org.jetbrains.plugins.gradle.tooling.builder.AnnotationProcessingModelBuilder   : loaded 3 times (x 86B)
Class kotlin.jvm.functions.Function20                                                 : loaded 3 times (x 70B)
Class ijKotlinCoroutineJvmDebugInit1_1oafz8vith36pjqu8qrivxvgq                        : loaded 3 times (x 179B)
Class com.intellij.gradle.toolingExtension.impl.model.taskModel.GradleTaskSerialisationService$Companion: loaded 3 times (x 71B)
Class com.amazon.ion.impl.lite.IonBoolLite                                            : loaded 3 times (x 178B)
Class org.gradle.internal.impldep.gnu.trove.TObjectHash$NULL                          : loaded 3 times (x 71B)
Class org.jetbrains.org.objectweb.asm.ModuleWriter                                    : loaded 3 times (x 81B)
Class kotlin.jvm.functions.Function12                                                 : loaded 3 times (x 70B)
Class com.google.common.collect.ForwardingObject                                      : loaded 3 times (x 72B)
Class com.google.common.base.CharMatcher$IsEither                                     : loaded 3 times (x 111B)
Class org.gradle.internal.impldep.com.google.common.collect.Iterators$MergingIterator : loaded 3 times (x 81B)
Class com.intellij.openapi.externalSystem.model.project.dependencies.ArtifactDependencyNode: loaded 3 times (x 70B)
Class com.intellij.gradle.toolingExtension.impl.model.projectModel.GradleExternalProjectSerializationService$ReadContext: loaded 3 times (x 73B)
Class com.amazon.ion.UnsupportedIonVersionException                                   : loaded 3 times (x 85B)
Class [Lcom.amazon.ion.impl.bin.IonRawBinaryWriter$StreamFlushMode;                   : loaded 3 times (x 69B)
Class kotlin.reflect.KMutableProperty2                                                : loaded 3 times (x 70B)
Class [Lcom.amazon.ion.impl.bin.IonManagedBinaryWriter$SymbolState;                   : loaded 3 times (x 69B)
Class kotlin.jvm.internal.ClassBasedDeclarationContainer                              : loaded 3 times (x 70B)
Class com.amazon.ion.impl._Private_IonWriterBase                                      : loaded 3 times (x 162B)
Class [Lkotlin.reflect.jvm.internal.impl.resolve.jvm.JvmPrimitiveType;                : loaded 3 times (x 69B)
Class com.amazon.ion.system.IonSystemBuilder                                          : loaded 3 times (x 75B)
Class com.intellij.gradle.toolingExtension.impl.model.dependencyModel.DependencyWriteContext: loaded 3 times (x 72B)
Class com.intellij.openapi.externalSystem.model.project.dependencies.UnknownDependencyNode: loaded 3 times (x 87B)
Class org.gradle.internal.impldep.com.google.common.collect.Iterators$5               : loaded 3 times (x 82B)
Class org.jetbrains.plugins.gradle.tooling.builder.ExternalTestsModelBuilderImpl      : loaded 3 times (x 78B)
Class org.jetbrains.plugins.gradle.tooling.util.IntObjectMap$1                        : loaded 3 times (x 77B)
Class ijJvmDebugger1_7cmdnf4c4agzgfmaz5iz0njjz                                        : loaded 3 times (x 179B)
Class kotlin.sequences.SequencesKt__SequencesKt$flatten$2                             : loaded 3 times (x 78B)
Class kotlin.jvm.internal.ReflectionFactory                                           : loaded 3 times (x 91B)
Class kotlin.jvm.functions.Function13                                                 : loaded 3 times (x 70B)
Class com.google.common.collect.ImmutableRangeSet$Builder                             : loaded 3 times (x 77B)
Class com.google.common.collect.Lists$ReverseList$1                                   : loaded 3 times (x 99B)
Class com.intellij.gradle.toolingExtension.impl.model.taskModel.GradleTaskSerialisationService: loaded 3 times (x 76B)
Class com.amazon.ion.system.SimpleCatalog                                             : loaded 3 times (x 91B)
Class com.amazon.ion.BufferConfiguration                                              : loaded 3 times (x 73B)
Class kotlin.jvm.functions.Function21                                                 : loaded 3 times (x 70B)
Class kotlin.reflect.jvm.internal.impl.name.ClassId                                   : loaded 3 times (x 72B)
Class com.android.ide.gradle.model.LegacyV1AgpVersionModel                            : loaded 3 times (x 70B)
Class org.jetbrains.kotlin.idea.gradleTooling.model.kapt.KaptGradleModel              : loaded 3 times (x 70B)
Class org.gradle.internal.impldep.gnu.trove.PrimeFinder                               : loaded 3 times (x 71B)
Class org.jetbrains.plugins.gradle.tooling.ModelBuilderContext                        : loaded 3 times (x 70B)
Class org.jetbrains.kotlin.idea.gradleTooling.KotlinDslScriptAdditionalTask           : loaded 3 times (x 70B)
Class com.amazon.ion.IonCatalog                                                       : loaded 3 times (x 70B)
Class org.jetbrains.plugins.gradle.model.GradleConfiguration                          : loaded 3 times (x 70B)
Class com.amazon.ion.impl.bin.utf8.Utf8StringEncoderPool                              : loaded 3 times (x 74B)
Class [Lorg.jetbrains.org.objectweb.asm.Attribute;                                    : loaded 3 times (x 69B)
Class org.jetbrains.kotlin.name.FqNameUnsafe$1                                        : loaded 3 times (x 74B)
Class com.intellij.util.containers.IntObjectHashMap$ArrayProducer                     : loaded 3 times (x 70B)
Class com.android.ide.gradle.model.builder.GradlePropertiesModelBuilder               : loaded 3 times (x 75B)
Class kotlin.io.FilePathComponents                                                    : loaded 3 times (x 72B)
Class org.jetbrains.plugins.gradle.model.GradleSourceSetDependencyModel               : loaded 3 times (x 70B)
Class com.amazon.ion.IonString                                                        : loaded 3 times (x 70B)
Class Build_gradle$2                                                                  : loaded 3 times (x 79B)
Class com.intellij.gradle.toolingExtension.impl.model.utilTurnOffDefaultTasksModel.TurnOffDefaultTasks: loaded 3 times (x 70B)
Class org.jetbrains.plugins.gradle.tooling.builder.DependencyAccessorsModelBuilder    : loaded 3 times (x 81B)
Class com.intellij.gradle.toolingExtension.impl.util.collectionUtil.GradleCollectionVisitor: loaded 3 times (x 70B)
Class com.intellij.gradle.toolingExtension.impl.model.dependencyGraphModel.GradleDependencyGraphModelBuilder: loaded 3 times (x 82B)
Class com.amazon.ion.impl._Private_IonSystem                                          : loaded 3 times (x 70B)
Class com.amazon.ion.impl.bin.IonManagedBinaryWriter$ImportedSymbolResolverMode$1     : loaded 3 times (x 80B)
Class org.gradle.internal.impldep.com.google.common.collect.ImmutableCollection       : loaded 3 times (x 125B)
Class org.gradle.internal.impldep.gnu.trove.TObjectHashingStrategy                    : loaded 3 times (x 70B)
Class org.jetbrains.plugins.gradle.model.FileCollectionDependency                     : loaded 3 times (x 70B)
Class com.amazon.ion.impl.lite.IonTimestampLite                                       : loaded 3 times (x 192B)
Class com.amazon.ion.impl.LocalSymbolTableAsStruct                                    : loaded 3 times (x 126B)
Class com.intellij.gradle.toolingExtension.impl.model.sourceSetModel.GradleSourceSetSerialisationService$SourceSetModelReadContext: loaded 3 times (x 72B)
Class kotlin.coroutines.jvm.internal.ContinuationImpl                                 : loaded 3 times (x 87B)
Class com.amazon.ion.impl.lite.IonSymbolLite                                          : loaded 3 times (x 246B)
Class [Lorg.jetbrains.org.objectweb.asm.Label;                                        : loaded 3 times (x 69B)
Class [Lcom.amazon.ion.impl.bin.IonRawBinaryWriter$StreamCloseMode;                   : loaded 3 times (x 69B)
Class kotlin.jvm.internal.SpreadBuilder                                               : loaded 3 times (x 76B)
Class com.amazon.ion.BufferConfiguration$OversizedValueHandler                        : loaded 3 times (x 70B)
Class org.jetbrains.kotlin.idea.gradleTooling.AndroidAwareGradleModelProvider$Companion: loaded 3 times (x 71B)
Class com.intellij.gradle.toolingExtension.impl.model.buildScriptClasspathModel.GradleBuildScriptClasspathModelBuilder: loaded 3 times (x 86B)
Class org.jetbrains.org.objectweb.asm.Symbol                                          : loaded 3 times (x 73B)
Class kotlin.annotation.AnnotationRetention                                           : loaded 3 times (x 79B)
Class com.intellij.gradle.toolingExtension.impl.model.buildScriptClasspathModel.GradleBuildScriptClasspathSerializationService: loaded 3 times (x 77B)
Class [Lkotlin.reflect.KClass;                                                        : loaded 3 times (x 69B)
Class kotlin.jvm.functions.Function22                                                 : loaded 3 times (x 70B)
Class com.amazon.ion.impl.bin.IonManagedBinaryWriter$ImportedSymbolResolverMode       : loaded 3 times (x 80B)
Class com.amazon.ion.IonTimestamp                                                     : loaded 3 times (x 70B)
Class com.amazon.ion.impl.bin.PooledBlockAllocatorProvider$PooledBlockAllocator       : loaded 3 times (x 81B)
Class com.amazon.ion.impl.LocalSymbolTable$Factory                                    : loaded 3 times (x 77B)
Class org.jetbrains.plugins.gradle.tooling.serialization.GradleExtensionsSerializationService: loaded 3 times (x 77B)
Class kotlin.reflect.jvm.internal.impl.name.FqName                                    : loaded 3 times (x 72B)
Class kotlin.LazyThreadSafetyMode                                                     : loaded 3 times (x 79B)
Class [Lkotlin.reflect.jvm.internal.impl.builtins.jvm.JavaToKotlinClassMap$PlatformMutabilityMapping;: loaded 3 times (x 69B)
Class com.intellij.gradle.toolingExtension.impl.modelBuilder.ExtraModelBuilder        : loaded 3 times (x 85B)
Class org.jetbrains.plugins.gradle.tooling.builder.WarModelBuilderImpl                : loaded 3 times (x 86B)
Class org.jetbrains.kotlin.name.Name                                                  : loaded 3 times (x 75B)
Class com.amazon.ion.IonFloat                                                         : loaded 3 times (x 70B)
Class com.amazon.ion.impl.lite.IonListLite                                            : loaded 3 times (x 490B)
Class com.amazon.ion.impl.lite.IonSexpLite                                            : loaded 3 times (x 490B)
Class kotlin.jvm.internal.MutablePropertyReference                                    : loaded 3 times (x 119B)
Class kotlin.jvm.internal.PropertyReference2                                          : loaded 3 times (x 127B)
Class JetGradlePlugin$getJetModelBuilderOrRegisterIfAbsent                            : loaded 3 times (x 146B)
Class kotlin.LazyKt__LazyJVMKt$WhenMappings                                           : loaded 3 times (x 71B)
Class kotlin.UnsafeLazyImpl                                                           : loaded 3 times (x 76B)
Class kotlin.jvm.functions.Function14                                                 : loaded 3 times (x 70B)
Class org.jetbrains.org.objectweb.asm.ModuleVisitor                                   : loaded 3 times (x 80B)
Class [Lcom.amazon.ion.impl.bin.IonRawBinaryWriter$PreallocationMode;                 : loaded 3 times (x 69B)
Class com.amazon.ion.util._Private_FastAppendable                                     : loaded 3 times (x 70B)
Class com.amazon.ion.impl._Private_IonReaderBuilder$TwoElementInputStream             : loaded 3 times (x 92B)
Class com.amazon.ion.impl.lite.IonIntLite                                             : loaded 3 times (x 189B)
Class kotlin.jvm.internal.PropertyReference1                                          : loaded 3 times (x 127B)
Class org.jetbrains.plugins.gradle.tooling.builder.ScalaModelBuilderImpl              : loaded 3 times (x 81B)
Class com.amazon.ion.IonDecimal                                                       : loaded 3 times (x 70B)
Class kotlin.reflect.full.IllegalCallableAccessException                              : loaded 3 times (x 82B)
Class org.jetbrains.plugins.gradle.model.tests.ExternalTestsModel                     : loaded 3 times (x 70B)
Class org.gradle.internal.impldep.com.google.common.collect.ImmutableList             : loaded 3 times (x 206B)
Class org.jetbrains.plugins.gradle.tooling.AbstractModelBuilderService                : loaded 3 times (x 86B)
Class com.google.common.base.CharMatcher$Negated                                      : loaded 3 times (x 113B)
Class kotlin.reflect.KTypeParameter                                                   : loaded 3 times (x 70B)
Class com.google.common.base.CharMatcher$Is                                           : loaded 3 times (x 111B)
Class org.jetbrains.kotlin.idea.gradleTooling.KotlinMPPGradleModelBinaryBuilder       : loaded 3 times (x 86B)
Class kotlin.jvm.functions.Function15                                                 : loaded 3 times (x 70B)
Class com.intellij.gradle.toolingExtension.impl.model.sourceSetModel.GradleSourceSetSerialisationService: loaded 3 times (x 77B)
Class kotlin.jvm.internal.PropertyReference0                                          : loaded 3 times (x 127B)
Class com.amazon.ion.IonDatagram                                                      : loaded 3 times (x 70B)
Class com.amazon.ion.impl._Private_RecyclingStack$ElementFactory                      : loaded 3 times (x 70B)
Class com.amazon.ion.impl.bin.IonManagedBinaryWriter$ImportedSymbolResolverMode$1$1   : loaded 3 times (x 78B)
Class com.amazon.ion.impl._Private_ByteTransferSink                                   : loaded 3 times (x 70B)
Class kotlin.collections.builders.SetBuilder                                          : loaded 3 times (x 143B)
Class com.intellij.openapi.externalSystem.model.project.dependencies.ResolutionState  : loaded 3 times (x 79B)
Class com.intellij.gradle.toolingExtension.impl.model.sourceSetDependencyModel.GradleSourceSetDependencyModelBuilder: loaded 3 times (x 86B)
Class com.amazon.ion.impl.bin.IonManagedBinaryWriter$ImportedSymbolContext            : loaded 3 times (x 72B)
Class com.amazon.ion.IonSystem                                                        : loaded 3 times (x 70B)
Class kotlin.reflect.jvm.internal.KDeclarationContainerImpl$Companion                 : loaded 3 times (x 71B)
Class com.google.common.collect.ImmutableBiMapFauxverideShim                          : loaded 3 times (x 120B)
Class org.jetbrains.kotlin.name.ClassId$Companion                                     : loaded 3 times (x 71B)
Class org.jetbrains.plugins.gradle.tooling.serialization.internal.adapter.Supplier    : loaded 3 times (x 70B)
Class com.amazon.ion.IonList                                                          : loaded 3 times (x 70B)
Class com.android.ide.gradle.model.dependencies.DeclaredDependenciesModelBuilder      : loaded 3 times (x 75B)
Class kotlin.jvm.internal.markers.KMutableListIterator                                : loaded 3 times (x 70B)
Class com.intellij.gradle.toolingExtension.impl.javaModel.manifestModel.JavaGradleManifestModelBuilder: loaded 3 times (x 86B)
Class org.jetbrains.kotlin.idea.gradleTooling.KotlinDslScriptTaskModelBuilder$Companion: loaded 3 times (x 71B)
Class com.android.ide.gradle.model.artifacts.builder.AdditionalClassifierArtifactsModelBuilder: loaded 3 times (x 79B)
Class org.jetbrains.kotlin.name.FqName                                                : loaded 3 times (x 72B)
Class org.jetbrains.org.objectweb.asm.Type                                            : loaded 3 times (x 72B)
Class kotlin.sequences.SequencesKt__SequencesKt$generateSequence$2                    : loaded 3 times (x 79B)
Class org.jetbrains.plugins.gradle.tooling.serialization.SerializationService         : loaded 3 times (x 70B)
Class com.amazon.ion.impl.LocalSymbolTable                                            : loaded 3 times (x 121B)
Class com.amazon.ion.impl.lite.IonBlobLite                                            : loaded 3 times (x 219B)
Class com.amazon.ion.impl.bin.IonRawBinaryWriter$StreamCloseMode                      : loaded 3 times (x 79B)
Class com.amazon.ion.impl._Private_IonBinaryWriterBuilder$Mutable                     : loaded 3 times (x 115B)
Class com.intellij.gradle.toolingExtension.impl.model.projectModel.GradleExternalProjectSerializationService: loaded 3 times (x 77B)
Class com.android.ide.gradle.model.builder.LegacyAndroidGradlePluginPropertiesModelBuilder$Companion: loaded 3 times (x 71B)
Class org.jetbrains.plugins.gradle.tooling.builder.EarModelBuilderImpl                : loaded 3 times (x 86B)
Class [Lcom.amazon.ion.impl.bin.IonRawBinaryWriter$ContainerType;                     : loaded 3 times (x 69B)
Class kotlin.jvm.functions.Function16                                                 : loaded 3 times (x 70B)
Class org.jetbrains.plugins.gradle.model.ExternalLibraryDependency                    : loaded 3 times (x 70B)
Class org.jetbrains.plugins.gradle.tooling.ModelBuilderService$ParameterizedModelBuilderService: loaded 3 times (x 70B)
Class org.jetbrains.plugins.gradle.tooling.serialization.internal.IdeaProjectSerializationService$WriteContext$8: loaded 3 times (x 83B)
Class com.amazon.ion.impl.bin.IonManagedBinaryWriter                                  : loaded 3 times (x 166B)
Class com.amazon.ion.impl.bin.WriteBuffer                                             : loaded 3 times (x 78B)
Class ijJvmDebugger1_7cmdnf4c4agzgfmaz5iz0njjz$_run_closure1                          : loaded 3 times (x 139B)
Class kotlin.reflect.jvm.internal.CacheByClassKt                                      : loaded 3 times (x 71B)
Class kotlin.reflect.jvm.internal.impl.descriptors.runtime.structure.ReflectClassUtilKt: loaded 3 times (x 71B)
Class kotlin.jvm.internal.markers.KMutableMap                                         : loaded 3 times (x 70B)
Class com.intellij.util.ThrowableConsumer                                             : loaded 3 times (x 70B)
Class org.gradle.internal.impldep.com.google.common.collect.Iterators$9               : loaded 3 times (x 81B)
Class com.google.common.collect.Iterators$10                                          : loaded 3 times (x 81B)
Class org.gradle.internal.impldep.com.google.common.collect.UnmodifiableIterator      : loaded 3 times (x 80B)
Class com.google.common.collect.RegularImmutableSortedSet                             : loaded 3 times (x 300B)
Class org.jetbrains.plugins.gradle.tooling.serialization.internal.IdeaProjectSerializationService$WriteContext$7: loaded 3 times (x 83B)
Class org.jetbrains.plugins.gradle.model.RepositoryModels                             : loaded 3 times (x 70B)
Class com.amazon.ion.impl.lite.ValueFactoryLite                                       : loaded 3 times (x 218B)
Class com.amazon.ion.impl.bin.IonRawBinaryWriter$PatchPoint                           : loaded 3 times (x 73B)
Class kotlin.collections.AbstractList$IteratorImpl                                    : loaded 3 times (x 82B)
Class com.google.common.base.CharMatcher$IsNot                                        : loaded 3 times (x 111B)
Class org.jetbrains.plugins.gradle.tooling.util.IntObjectMap                          : loaded 3 times (x 73B)
Class org.jetbrains.plugins.gradle.tooling.serialization.internal.IdeaProjectSerializationService$WriteContext$6: loaded 3 times (x 83B)
Class com.amazon.ion.IonType                                                          : loaded 3 times (x 79B)
Class com.amazon.ion.impl.lite._Private_LiteDomTrampoline                             : loaded 3 times (x 71B)
Class com.amazon.ion.IonBlob                                                          : loaded 3 times (x 70B)
Class com.amazon.ion.IonLob                                                           : loaded 3 times (x 70B)
Class com.amazon.ion.IonSequence                                                      : loaded 3 times (x 70B)
Class kotlin.text.StringsKt__StringsKt$rangesDelimitedBy$2                            : loaded 3 times (x 79B)
Class [Lkotlin.annotation.AnnotationTarget;                                           : loaded 3 times (x 69B)
Class com.amazon.ion.impl._Private_RecyclingQueue$ElementIterator                     : loaded 3 times (x 82B)
Class kotlin.reflect.jvm.internal.impl.name.StandardClassIds                          : loaded 3 times (x 71B)
Class com.amazon.ion.impl.bin.IntList                                                 : loaded 3 times (x 77B)
Class org.jetbrains.plugins.gradle.tooling.serialization.ExternalTestsSerializationService: loaded 3 times (x 77B)
Class kotlin.reflect.jvm.internal.impl.builtins.PrimitiveType                         : loaded 3 times (x 79B)
Class org.jetbrains.plugins.gradle.tooling.serialization.internal.IdeaProjectSerializationService$ReadContext: loaded 3 times (x 72B)
Class com.amazon.ion.impl.bin.IonManagedBinaryWriter$UserState$1                      : loaded 3 times (x 85B)
Class com.google.common.base.Joiner$1                                                 : loaded 3 times (x 80B)
Class com.google.common.collect.ImmutableSortedSet                                    : loaded 3 times (x 300B)
Class com.google.common.collect.Lists$ReverseList                                     : loaded 3 times (x 200B)
Class com.intellij.gradle.toolingExtension.impl.model.sourceSetDependencyModel.GradleSourceSetDependencySerialisationService$SourceSetDependencyModelWriteContext: loaded 3 times (x 72B)
Class com.amazon.ion.IonValue                                                         : loaded 3 times (x 70B)
Class org.jetbrains.plugins.gradle.tooling.serialization.internal.IdeaProjectSerializationService$WriteContext$5: loaded 3 times (x 83B)
Class com.amazon.ion.BufferConfiguration$Builder                                      : loaded 3 times (x 78B)
Class kotlin.jvm.internal.MutablePropertyReference1Impl                               : loaded 3 times (x 137B)
Class [Lorg.jetbrains.org.objectweb.asm.SymbolTable$Entry;                            : loaded 3 times (x 69B)
Class org.jetbrains.plugins.gradle.tooling.builder.ProjectExtensionsDataBuilderImpl$Companion: loaded 3 times (x 71B)
Class [Lkotlin.Pair;                                                                  : loaded 3 times (x 69B)
Class com.google.common.base.CharMatcher                                              : loaded 3 times (x 111B)
Class com.intellij.gradle.toolingExtension.impl.model.sourceSetDependencyModel.GradleSourceSetDependencySerialisationService$Companion: loaded 3 times (x 71B)
Class org.jetbrains.plugins.gradle.tooling.serialization.internal.IdeaProjectSerializationService$WriteContext$4: loaded 3 times (x 83B)
Class org.jetbrains.kotlin.idea.gradleTooling.AndroidAwareGradleModelProvider         : loaded 3 times (x 79B)
Class com.google.common.collect.ImmutableRangeSet$AsSet                               : loaded 3 times (x 300B)
Class com.android.ide.gradle.model.dependencies.DeclaredDependencies                  : loaded 3 times (x 70B)
Class org.jetbrains.kotlin.idea.gradleTooling.model.samWithReceiver.SamWithReceiverModelBuilderService: loaded 3 times (x 85B)
Class com.intellij.gradle.toolingExtension.impl.model.sourceSetModel.GradleSourceSetModelBuilder: loaded 3 times (x 86B)
Class org.jetbrains.kotlin.idea.gradleTooling.model.parcelize.ParcelizeModelBuilderService: loaded 3 times (x 81B)
Class JetGradlePlugin                                                                 : loaded 3 times (x 96B)
Class org.jetbrains.plugins.gradle.tooling.serialization.internal.IdeaProjectSerializationService$WriteContext$3: loaded 3 times (x 83B)
Class org.jetbrains.plugins.gradle.tooling.serialization.AnnotationProcessingModelSerializationService$ReadContext: loaded 3 times (x 72B)
Class com.amazon.ion.impl.bin.PooledBlockAllocatorProvider                            : loaded 3 times (x 73B)
Class com.amazon.ion.IonContainer                                                     : loaded 3 times (x 70B)
Class kotlin.collections.builders.ListBuilder$Companion                               : loaded 3 times (x 71B)
Class kotlin.collections.builders.ListBuilder                                         : loaded 3 times (x 207B)
Class com.amazon.ion.impl.lite.IonValueLite                                           : loaded 3 times (x 147B)
Class com.amazon.ion.impl._Private_IonSymbol                                          : loaded 3 times (x 70B)
Class kotlin.jvm.functions.Function17                                                 : loaded 3 times (x 70B)
Class com.amazon.ion.system.IonTextWriterBuilder                                      : loaded 3 times (x 98B)
Class org.jetbrains.plugins.gradle.tooling.serialization.internal.IdeaProjectSerializationService$WriteContext$2: loaded 3 times (x 83B)
Class com.amazon.ion.impl._Private_SymtabExtendsCache                                 : loaded 3 times (x 72B)
Class com.amazon.ion.impl.bin.utf8.Pool                                               : loaded 3 times (x 74B)
Class kotlin.reflect.jvm.internal.RuntimeTypeMapper                                   : loaded 3 times (x 71B)
Class kotlin.reflect.jvm.internal.impl.name.FqNamesUtilKt                             : loaded 3 times (x 71B)
Class kotlin.reflect.jvm.internal.impl.name.StandardClassIdsKt                        : loaded 3 times (x 71B)
Class com.amazon.ion.impl.bin.IonManagedBinaryWriter$ImportedSymbolResolverMode$1$1$1 : loaded 3 times (x 76B)
Class com.amazon.ion.impl._Private_LocalSymbolTableFactory                            : loaded 3 times (x 70B)
Class kotlin.jvm.internal.markers.KMutableSet                                         : loaded 3 times (x 70B)
Class com.amazon.ion.impl.bin.IonRawBinaryWriter$ContainerType                        : loaded 3 times (x 79B)
Class com.amazon.ion.impl._Private_IonTextWriterBuilder$Mutable                       : loaded 3 times (x 102B)
Class org.jetbrains.plugins.gradle.tooling.serialization.AnnotationProcessingModelSerializationService: loaded 3 times (x 77B)
Class org.jetbrains.org.objectweb.asm.RecordComponentWriter                           : loaded 3 times (x 78B)
Class com.google.common.collect.RangeGwtSerializationDependencies                     : loaded 3 times (x 71B)
Class com.intellij.gradle.toolingExtension.impl.model.taskModel.GradleTaskModelBuilder: loaded 3 times (x 86B)
Class org.jetbrains.kotlin.idea.gradleTooling.model.annotation.AnnotationBasedPluginModelBuilderService: loaded 3 times (x 85B)
Class com.android.ide.gradle.model.builder.AndroidStudioToolingPlugin                 : loaded 3 times (x 75B)
Class org.jetbrains.org.objectweb.asm.AnnotationWriter                                : loaded 3 times (x 78B)
Class org.jetbrains.plugins.gradle.model.ExternalProject                              : loaded 3 times (x 70B)
Class com.google.common.base.Joiner                                                   : loaded 3 times (x 79B)
Class org.jetbrains.plugins.gradle.tooling.serialization.internal.IdeaProjectSerializationService$WriteContext$1: loaded 3 times (x 83B)
Class org.gradle.internal.impldep.com.google.common.collect.AbstractIterator          : loaded 3 times (x 82B)
Class [Lcom.amazon.ion.util.InputStreamInterceptor;                                   : loaded 3 times (x 69B)
Class com.amazon.ion.impl.bin.IonManagedBinaryWriter$SymbolState$4                    : loaded 3 times (x 80B)
Class com.google.common.base.Joiner$2                                                 : loaded 3 times (x 79B)
Class com.google.common.base.CharMatcher$1                                            : loaded 3 times (x 113B)
Class kotlin.reflect.jvm.internal.impl.name.SpecialNames                              : loaded 3 times (x 71B)
Class com.intellij.gradle.toolingExtension.impl.model.sourceSetModel.GradleSourceSetSerialisationService$SourceSetModelWriteContext: loaded 3 times (x 72B)
Class kotlin.collections.builders.MapBuilder$Itr                                      : loaded 3 times (x 72B)
Class kotlin.collections.builders.ListBuilder$Itr                                     : loaded 3 times (x 94B)
Class kotlin.reflect.KProperty0                                                       : loaded 3 times (x 70B)
Class org.jetbrains.kotlin.idea.gradleTooling.KotlinSourceSetContainer                : loaded 3 times (x 70B)
Class org.jetbrains.plugins.gradle.model.IntelliJSettings                             : loaded 3 times (x 70B)
Class com.google.common.base.CharMatcher$NamedFastMatcher                             : loaded 3 times (x 112B)
Class org.jetbrains.kotlin.idea.gradleTooling.OrphanSourceSetImportingChecker         : loaded 3 times (x 74B)
Class kotlin.jvm.functions.Function18                                                 : loaded 3 times (x 70B)
Class org.jetbrains.org.objectweb.asm.CurrentFrame                                    : loaded 3 times (x 73B)
Class com.android.ide.gradle.model.dependencies.DeclaredDependenciesModelBuilder$Companion: loaded 3 times (x 71B)
Class com.google.common.base.CharMatcher$AnyOf                                        : loaded 3 times (x 112B)
Class kotlin.reflect.jvm.internal.CachesKt                                            : loaded 3 times (x 71B)
Class com.intellij.gradle.toolingExtension.impl.model.sourceSetArtifactIndex.GradleSourceSetArtifactBuildRequest: loaded 3 times (x 70B)
Class com.amazon.ion.IonBinaryWriter                                                  : loaded 3 times (x 70B)
Class com.amazon.ion.impl.bin.IonRawBinaryWriter$StreamFlushMode                      : loaded 3 times (x 79B)
Class com.amazon.ion.impl.bin.IonManagedBinaryWriter$SymbolState$3                    : loaded 3 times (x 80B)
Class com.amazon.ion.impl._Private_RecyclingQueue$Recycler                            : loaded 3 times (x 70B)
Class org.gradle.internal.impldep.com.google.common.collect.Iterators                 : loaded 3 times (x 71B)
Class com.amazon.ion.impl.bin.IonRawBinaryWriter$ContainerInfo                        : loaded 3 times (x 74B)
Class com.amazon.ion.impl.lite.ContainerlessContext                                   : loaded 3 times (x 80B)
Class com.amazon.ion.IonBufferConfiguration$Builder                                   : loaded 3 times (x 78B)
Class com.google.common.base.CharMatcher$ForPredicate                                 : loaded 3 times (x 112B)
Class org.jetbrains.kotlin.name.FqNameUnsafe                                          : loaded 3 times (x 72B)
Class com.intellij.gradle.toolingExtension.impl.model.warmUp.GradleTaskWarmUpRequest  : loaded 3 times (x 70B)
Class org.jetbrains.kotlin.idea.gradleTooling.model.kapt.KaptSourceSetModel           : loaded 3 times (x 70B)
Class com.amazon.ion.IonNull                                                          : loaded 3 times (x 70B)
Class com.amazon.ion.impl.bin.IonManagedBinaryWriter$SymbolState$2                    : loaded 3 times (x 80B)
Class org.jetbrains.plugins.gradle.model.ExternalSourceSet                            : loaded 3 times (x 70B)
Class org.jetbrains.plugins.gradle.model.ProjectImportModelProvider                   : loaded 3 times (x 70B)
Class kotlin.reflect.jvm.internal.KDeclarationContainerImpl                           : loaded 3 times (x 84B)
Class com.amazon.ion.impl.lite.IonNullLite                                            : loaded 3 times (x 175B)
Class org.jetbrains.plugins.gradle.model.DependencyAccessorsModel                     : loaded 3 times (x 70B)
Class [Lcom.intellij.openapi.externalSystem.model.project.dependencies.ResolutionState;: loaded 3 times (x 69B)
Class org.jetbrains.org.objectweb.asm.AnnotationVisitor                               : loaded 3 times (x 77B)
Class org.jetbrains.plugins.gradle.tooling.serialization.GradleExtensionsSerializationService$ReadContext: loaded 3 times (x 72B)
Class kotlin.reflect.KClass                                                           : loaded 3 times (x 70B)
Class kotlin.reflect.KProperty1                                                       : loaded 3 times (x 70B)
Class com.android.ide.gradle.model.GradlePropertiesModel                              : loaded 3 times (x 70B)
Class com.intellij.gradle.toolingExtension.impl.model.dependencyModel.DependencyReadContext: loaded 3 times (x 72B)
Class com.intellij.gradle.toolingExtension.impl.model.sourceSetDependencyModel.GradleSourceSetDependencySerialisationService$SourceSetDependencyModelReadContext: loaded 3 times (x 72B)
Class org.jetbrains.plugins.gradle.model.VersionCatalogsModel                         : loaded 3 times (x 70B)
Class com.amazon.ion.impl.IonWriterSystem                                             : loaded 3 times (x 171B)
Class com.amazon.ion.impl.bin.Symbols$2                                               : loaded 3 times (x 107B)
Class com.amazon.ion.impl.bin._Private_IonManagedWriter                               : loaded 3 times (x 70B)
Class [Lcom.amazon.ion.IonType;                                                       : loaded 3 times (x 69B)
Class com.amazon.ion.impl.LocalSymbolTableAsStruct$Factory                            : loaded 3 times (x 79B)
Class com.amazon.ion.impl.bin.IonManagedBinaryWriter$SymbolState$1                    : loaded 3 times (x 80B)
Class org.gradle.internal.impldep.gnu.trove.TObjectHash                               : loaded 3 times (x 94B)
Class com.google.common.collect.SortedIterable                                        : loaded 3 times (x 70B)
Class com.intellij.util.containers.IntObjectHashMap                                   : loaded 3 times (x 72B)
Class org.jetbrains.plugins.gradle.model.ExternalDependency                           : loaded 3 times (x 70B)
Class kotlin.reflect.jvm.internal.ReflectProperties                                   : loaded 3 times (x 71B)
Class kotlin.SafePublicationLazyImpl                                                  : loaded 3 times (x 76B)
Class org.jetbrains.plugins.gradle.model.GradleExtensions                             : loaded 3 times (x 70B)
Class org.jetbrains.plugins.gradle.model.AnnotationProcessingModel                    : loaded 3 times (x 70B)
Class com.intellij.gradle.toolingExtension.impl.model.utilDummyModel.DummyModelBuilder: loaded 3 times (x 86B)
Class kotlin.sequences.GeneratorSequence$iterator$1                                   : loaded 3 times (x 79B)
Class com.intellij.openapi.externalSystem.model.project.dependencies.AbstractDependencyNode: loaded 3 times (x 87B)
Class org.jetbrains.plugins.gradle.tooling.builder.VersionCatalogsModelBuilder        : loaded 3 times (x 86B)
Class com.android.ide.gradle.model.builder.LegacyAndroidGradlePluginPropertiesModelBuilder: loaded 3 times (x 80B)
Class org.jetbrains.plugins.gradle.model.IntelliJProjectSettings                      : loaded 3 times (x 70B)
Class kotlin.reflect.KProperty$Getter                                                 : loaded 3 times (x 70B)
Class kotlin.sequences.SequencesKt___SequencesKt$filterNotNull$1                      : loaded 3 times (x 78B)
Class com.amazon.ion.system.IonBinaryWriterBuilder                                    : loaded 3 times (x 99B)
Class org.jetbrains.kotlin.idea.gradleTooling.model.assignment.AssignmentModelBuilderService: loaded 3 times (x 85B)
Class com.amazon.ion.impl.bin.IonManagedBinaryWriter$UserState$4                      : loaded 3 times (x 85B)
Class com.intellij.compose.ide.plugin.gradleTooling.rt.ComposeResourcesModelBuilder   : loaded 3 times (x 78B)
Class com.amazon.ion.UnknownSymbolException                                           : loaded 3 times (x 86B)
Class com.android.ide.gradle.model.composites.BuildMap                                : loaded 3 times (x 70B)
Class org.jetbrains.kotlin.idea.gradleTooling.AbstractKotlinGradleModelBuilder        : loaded 3 times (x 81B)
Class kotlin.comparisons.NaturalOrderComparator                                       : loaded 3 times (x 88B)
Class org.jetbrains.org.objectweb.asm.MethodWriter                                    : loaded 3 times (x 105B)
Class kotlin.collections.AbstractMutableSet                                           : loaded 3 times (x 142B)
Class org.jetbrains.plugins.gradle.model.UnresolvedExternalDependency                 : loaded 3 times (x 70B)
Class kotlin.reflect.KProperty2                                                       : loaded 3 times (x 70B)
Class kotlin.coroutines.jvm.internal.CompletedContinuation                            : loaded 3 times (x 75B)
Class kotlin.jvm.internal.MutablePropertyReference2                                   : loaded 3 times (x 137B)
Class org.jetbrains.org.objectweb.asm.ClassWriter                                     : loaded 3 times (x 104B)
Class com.amazon.ion.impl.lite.IonContainerLite                                       : loaded 3 times (x 248B)
Class com.amazon.ion.IonBufferConfiguration$OversizedSymbolTableHandler               : loaded 3 times (x 70B)
Class com.amazon.ion.system.IonWriterBuilder                                          : loaded 3 times (x 74B)
Class org.jetbrains.plugins.gradle.tooling.serialization.ToolingStreamApiUtils        : loaded 3 times (x 71B)
Class com.amazon.ion.impl.bin.IonRawBinaryWriter$ThrowingRunnable                     : loaded 3 times (x 70B)
Class com.amazon.ion.impl.bin.IonManagedBinaryWriter$LocalSymbolTableView             : loaded 3 times (x 107B)
Class com.amazon.ion.facet.Faceted                                                    : loaded 3 times (x 70B)
Class kotlin.io.CloseableKt                                                           : loaded 3 times (x 71B)
Class com.amazon.ion.impl._Private_RecyclingStack$Recycler                            : loaded 3 times (x 70B)
Class ijJvmDebugger1_7cmdnf4c4agzgfmaz5iz0njjz$_run_closure1$_closure2                : loaded 3 times (x 140B)
Class kotlin.reflect.jvm.internal.ReflectProperties$Val                               : loaded 3 times (x 74B)
Class org.gradle.internal.impldep.com.google.common.collect.UnmodifiableListIterator  : loaded 3 times (x 95B)
Class org.jetbrains.kotlin.idea.gradleTooling.model.noarg.NoArgModelBuilderService    : loaded 3 times (x 85B)
Class org.jetbrains.plugins.gradle.tooling.serialization.ExternalTestsSerializationService$WriteContext: loaded 3 times (x 72B)
Class org.jetbrains.kotlin.idea.gradleTooling.KotlinGradleModel                       : loaded 3 times (x 70B)
Class com.amazon.ion.impl.bin.IonManagedBinaryWriter$SymbolResolverBuilder            : loaded 3 times (x 70B)
Class com.amazon.ion.system.IonSystemBuilder$Mutable                                  : loaded 3 times (x 75B)
Class com.google.common.collect.RangeSet                                              : loaded 3 times (x 70B)
Class kotlin.ReplaceWith                                                              : loaded 3 times (x 70B)
Class org.jetbrains.kotlin.idea.gradleTooling.model.lombok.LombokModelBuilderService  : loaded 3 times (x 87B)
Class [Lkotlin.reflect.KDeclarationContainer;                                         : loaded 3 times (x 69B)
Class org.jetbrains.plugins.gradle.tooling.serialization.KotlinDslScriptsModelSerializationService: loaded 3 times (x 81B)
Class org.jetbrains.plugins.gradle.model.ExternalProjectDependency                    : loaded 3 times (x 70B)
Class com.android.ide.gradle.model.LegacyAndroidGradlePluginProperties                : loaded 3 times (x 70B)
Class [Lkotlin.reflect.jvm.internal.impl.name.FqName;                                 : loaded 3 times (x 69B)
Class kotlin.collections.builders.MapBuilder                                          : loaded 3 times (x 112B)
Class kotlin.reflect.KMutableProperty$Setter                                          : loaded 3 times (x 70B)
Class kotlin.reflect.jvm.internal.KPackageImpl                                        : loaded 3 times (x 85B)
Class kotlin.jvm.functions.Function19                                                 : loaded 3 times (x 70B)
Class kotlin.reflect.jvm.internal.impl.utils.CollectionsKt                            : loaded 3 times (x 71B)
Class kotlin.reflect.jvm.internal.CacheByClass                                        : loaded 3 times (x 73B)
Class com.amazon.ion.UnexpectedEofException                                           : loaded 3 times (x 84B)
Class com.intellij.gradle.toolingExtension.impl.model.sourceSetArtifactIndex.GradleSourceSetArtifactIndexBuilder: loaded 3 times (x 86B)
Class org.jetbrains.kotlin.idea.gradleTooling.model.kapt.KaptModelBuilderService      : loaded 3 times (x 86B)
Class com.amazon.ion.impl.bin.utf8.Poolable                                           : loaded 3 times (x 79B)
Class com.amazon.ion.IonSymbol                                                        : loaded 3 times (x 70B)
Class org.gradle.api.UncheckedIOException                                             : loaded 3 times (x 82B)
Class org.jetbrains.plugins.gradle.tooling.serialization.AnnotationProcessingModelSerializationService$WriteContext: loaded 3 times (x 72B)
Class org.gradle.internal.impldep.gnu.trove.THash                                     : loaded 3 times (x 81B)
Class [Lcom.amazon.ion.SymbolToken;                                                   : loaded 3 times (x 69B)
Class com.amazon.ion.impl.lite.IonDecimalLite                                         : loaded 3 times (x 188B)
Class com.amazon.ion.impl.lite.IonClobLite                                            : loaded 3 times (x 220B)
Class com.amazon.ion.IonSexp                                                          : loaded 3 times (x 70B)
Class com.google.common.collect.ImmutableRangeSet$1                                   : loaded 3 times (x 210B)
Class ijKotlinCoroutineJvmDebugInit1_1oafz8vith36pjqu8qrivxvgq$_run_closure1          : loaded 3 times (x 139B)
Class org.jetbrains.plugins.gradle.tooling.builder.ProjectExtensionsDataBuilderImpl   : loaded 3 times (x 78B)
Class com.amazon.ion.ReadOnlyValueException                                           : loaded 3 times (x 84B)
Class com.amazon.ion.impl._Private_LocalSymbolTable                                   : loaded 3 times (x 70B)
Class com.amazon.ion.impl._Private_ValueFactory                                       : loaded 3 times (x 70B)
Class org.jetbrains.plugins.gradle.tooling.ModelBuilderService                        : loaded 3 times (x 70B)
Class org.jetbrains.kotlin.idea.gradleTooling.PrepareKotlinIdeaImportTaskModelBuilder$Companion: loaded 3 times (x 71B)
Class com.google.common.collect.NullnessCasts                                         : loaded 3 times (x 71B)
Class org.jetbrains.org.objectweb.asm.ByteVector                                      : loaded 3 times (x 78B)
Class com.intellij.gradle.toolingExtension.impl.model.projectModel.GradleExternalProjectSerializationService$WriteContext: loaded 3 times (x 73B)
Class com.amazon.ion.impl.bin._Private_IonManagedBinaryWriterBuilder                  : loaded 3 times (x 72B)
Class com.amazon.ion.impl._Private_IonWriter                                          : loaded 3 times (x 70B)
Class com.amazon.ion.impl.bin.IonManagedBinaryWriter$UserState                        : loaded 3 times (x 85B)
Class com.amazon.ion.BufferConfiguration$DataHandler                                  : loaded 3 times (x 70B)
Class kotlin.reflect.jvm.internal.ComputableClassValue                                : loaded 3 times (x 80B)
Class kotlin.reflect.jvm.internal.impl.resolve.jvm.JvmPrimitiveType                   : loaded 3 times (x 79B)
Class com.amazon.ion.impl.bin.IonRawBinaryWriter$PreallocationMode$1                  : loaded 3 times (x 82B)
Class com.intellij.openapi.externalSystem.model.project.dependencies.ProjectDependencyNode: loaded 3 times (x 70B)
Class kotlin.text.StringsKt__StringsKt$splitToSequence$1                              : loaded 3 times (x 79B)
Class [Lcom.amazon.ion.impl.bin._Private_IonManagedBinaryWriterBuilder$AllocatorMode; : loaded 3 times (x 69B)
Class org.jetbrains.kotlin.idea.gradleTooling.KotlinMPPGradleModel                    : loaded 3 times (x 70B)
Class org.jetbrains.kotlin.idea.gradleTooling.KotlinGradlePluginVersion               : loaded 3 times (x 70B)
Class com.intellij.compose.ide.plugin.gradleTooling.rt.ComposeResourcesModel          : loaded 3 times (x 70B)
Class com.amazon.ion.impl.lite.IonStructLite                                          : loaded 3 times (x 298B)
Class com.amazon.ion.impl._Private_ReaderWriter                                       : loaded 3 times (x 70B)
Class com.amazon.ion.impl.bin.AbstractSymbolTable                                     : loaded 3 times (x 107B)
Class com.amazon.ion.Decimal                                                          : loaded 3 times (x 133B)
Class com.amazon.ion.impl.bin._Private_IonManagedBinaryWriterBuilder$AllocatorMode$1  : loaded 3 times (x 80B)
Class org.jetbrains.plugins.gradle.tooling.serialization.ProjectDependenciesSerializationService$WriteContext: loaded 3 times (x 72B)
Class org.jetbrains.plugins.gradle.tooling.serialization.ProjectDependenciesSerializationService: loaded 3 times (x 77B)
Class org.jetbrains.plugins.gradle.tooling.builder.MavenRepositoriesModelBuilder      : loaded 3 times (x 81B)
Class org.jetbrains.plugins.gradle.tooling.serialization.RepositoriesModelSerializationService$ReadContext: loaded 3 times (x 72B)
Class [Lcom.amazon.ion.impl.bin.AbstractIonWriter$WriteValueOptimization;             : loaded 3 times (x 69B)
Class com.amazon.ion.IonInt                                                           : loaded 3 times (x 70B)
Class kotlin.jvm.internal.Reflection                                                  : loaded 3 times (x 71B)
Class kotlin.reflect.KProperty                                                        : loaded 3 times (x 70B)
Class kotlin.reflect.jvm.internal.KPropertyImpl                                       : loaded 3 times (x 115B)
Class com.google.common.collect.Range                                                 : loaded 3 times (x 87B)
Class kotlin.jvm.JvmClassMappingKt                                                    : loaded 3 times (x 71B)
Class com.amazon.ion.impl.bin.IonRawBinaryWriter$PreallocationMode$2                  : loaded 3 times (x 82B)
Class kotlin.annotation.AnnotationTarget                                              : loaded 3 times (x 79B)
Class com.intellij.gradle.toolingExtension.impl.model.dependencyDownloadPolicyModel.GradleDependencyDownloadPolicyBuilder: loaded 3 times (x 86B)
Class org.jetbrains.org.objectweb.asm.MethodVisitor                                   : loaded 3 times (x 104B)
Class org.jetbrains.org.objectweb.asm.FieldWriter                                     : loaded 3 times (x 77B)
Class org.jetbrains.plugins.gradle.tooling.serialization.RepositoriesModelSerializationService: loaded 3 times (x 82B)
Class com.amazon.ion.impl.bin.Symbols                                                 : loaded 3 times (x 71B)
Class com.amazon.ion.IonBufferConfiguration                                           : loaded 3 times (x 73B)
Class com.android.ide.gradle.model.artifacts.AdditionalClassifierArtifactsModel       : loaded 3 times (x 70B)
Class org.jetbrains.kotlin.idea.gradleTooling.PrepareKotlinIdeImportTaskModel         : loaded 3 times (x 70B)
Class kotlin.reflect.jvm.internal.ReflectProperties$LazySoftVal                       : loaded 3 times (x 78B)
Class org.jetbrains.org.objectweb.asm.RecordComponentVisitor                          : loaded 3 times (x 77B)
Class kotlin.reflect.jvm.internal.impl.builtins.StandardNames                         : loaded 3 times (x 71B)
Class kotlin.reflect.jvm.internal.KMutableProperty1Impl                               : loaded 3 times (x 135B)
Class [Lkotlin.reflect.jvm.internal.impl.builtins.PrimitiveType;                      : loaded 3 times (x 69B)
Class com.google.common.base.CharMatcher$InRange                                      : loaded 3 times (x 111B)
Class org.jetbrains.kotlin.idea.gradleTooling.AbstractKotlinGradleModelBuilder$Companion: loaded 3 times (x 71B)
Class kotlin.text.DelimitedRangesSequence$iterator$1                                  : loaded 3 times (x 79B)
Class com.android.ide.gradle.model.GradlePluginModel                                  : loaded 3 times (x 70B)
Class org.gradle.internal.impldep.gnu.trove.TObjectIdentityHashingStrategy            : loaded 3 times (x 78B)
Class org.jetbrains.plugins.gradle.tooling.serialization.ProjectDependenciesSerializationService$ReadContext: loaded 3 times (x 72B)
Class com.amazon.ion.impl.bin.IonRawBinaryWriter$PreallocationMode$3                  : loaded 3 times (x 82B)
Class org.jetbrains.kotlin.tooling.core.KotlinToolingVersion                          : loaded 3 times (x 75B)
Class com.intellij.openapi.externalSystem.model.project.dependencies.ProjectDependencies: loaded 3 times (x 70B)
Class com.amazon.ion.impl.lite.IonFloatLite                                           : loaded 3 times (x 186B)
Class com.amazon.ion.impl._Private_IonTextWriterBuilder                               : loaded 3 times (x 102B)
Class com.amazon.ion.impl.bin._Private_IonManagedBinaryWriterBuilder$AllocatorMode$2  : loaded 3 times (x 80B)
Class org.gradle.internal.impldep.gnu.trove.Equality                                  : loaded 3 times (x 70B)
Class kotlin.jvm.internal.PropertyReference                                           : loaded 3 times (x 115B)
Class org.gradle.internal.impldep.com.google.common.collect.PeekingIterator           : loaded 3 times (x 70B)
Class org.jetbrains.plugins.gradle.tooling.builder.IntelliJSettingsBuilder            : loaded 3 times (x 78B)
Class org.jetbrains.org.objectweb.asm.MethodTooLargeException                         : loaded 3 times (x 83B)
Class com.intellij.openapi.externalSystem.model.project.IExternalSystemSourceType     : loaded 3 times (x 70B)
Class com.amazon.ion.impl._Private_IonReaderBuilder$Mutable                           : loaded 3 times (x 97B)
Class [Lcom.amazon.ion.util.GzipStreamInterceptor;                                    : loaded 3 times (x 69B)
Class org.jetbrains.plugins.gradle.tooling.util.IntObjectMap$ObjectFactory            : loaded 3 times (x 70B)
Class kotlin.reflect.KMutableProperty                                                 : loaded 3 times (x 70B)
Class kotlin.reflect.jvm.internal.KClassifierImpl                                     : loaded 3 times (x 70B)
Class com.intellij.openapi.externalSystem.model.project.dependencies.ArtifactDependencyNodeImpl: loaded 3 times (x 95B)
Class org.jetbrains.plugins.gradle.tooling.util.ObjectCollector                       : loaded 3 times (x 72B)
Class org.jetbrains.plugins.gradle.model.GradleTaskModel                              : loaded 3 times (x 70B)
Class com.amazon.ion.impl.bin._Private_IonManagedBinaryWriterBuilder$AllocatorMode    : loaded 3 times (x 80B)
Class com.amazon.ion.impl._Private_SymbolToken                                        : loaded 3 times (x 70B)
Class com.amazon.ion.impl.bin.IonManagedBinaryWriter$SymbolResolver                   : loaded 3 times (x 70B)
Class com.amazon.ion.impl._Private_IonBinaryWriterBuilder                             : loaded 3 times (x 115B)
Class kotlin.reflect.jvm.internal.KotlinReflectionInternalError                       : loaded 3 times (x 82B)
Class kotlin.reflect.jvm.internal.impl.builtins.jvm.JavaToKotlinClassMap              : loaded 3 times (x 71B)
Class com.amazon.ion.IonException                                                     : loaded 3 times (x 84B)
Class com.amazon.ion.util.GzipStreamInterceptor                                       : loaded 3 times (x 85B)
Class org.jetbrains.plugins.gradle.tooling.builder.ProjectRepositoriesModelBuilder    : loaded 3 times (x 78B)
Class org.jetbrains.org.objectweb.asm.FieldVisitor                                    : loaded 3 times (x 76B)
Class com.amazon.ion.ValueFactory                                                     : loaded 3 times (x 70B)
Class [Lcom.amazon.ion.impl.bin.IonManagedBinaryWriter$ImportedSymbolResolverMode;    : loaded 3 times (x 69B)
Class com.amazon.ion.impl.IonWriterSystemText                                         : loaded 3 times (x 190B)
Class com.amazon.ion.impl.lite.IonContext                                             : loaded 3 times (x 70B)
Class com.amazon.ion.impl.lite.IonLoaderLite                                          : loaded 3 times (x 82B)
Class com.amazon.ion.impl.bin.utf8.Utf8StringEncoderPool$1                            : loaded 3 times (x 76B)
Class org.jetbrains.plugins.gradle.model.ExternalTask                                 : loaded 3 times (x 70B)
Class org.jetbrains.plugins.gradle.ExternalDependencyId                               : loaded 3 times (x 70B)
Class org.jetbrains.plugins.gradle.tooling.serialization.RepositoriesModelSerializationService$WriteContext: loaded 3 times (x 72B)
Class com.amazon.ion.impl._Private_RecyclingStack                                     : loaded 3 times (x 79B)
Class com.amazon.ion.impl._Private_IonReaderBuilder                                   : loaded 3 times (x 97B)
Class com.amazon.ion.IonMutableCatalog                                                : loaded 3 times (x 70B)
Class com.intellij.gradle.toolingExtension.impl.model.buildScriptClasspathModel.GradleBuildScriptClasspathSerializationService$WriteContext: loaded 3 times (x 72B)
Class org.jetbrains.org.objectweb.asm.ClassTooLargeException                          : loaded 3 times (x 83B)
Class com.amazon.ion.impl.bin.IonManagedBinaryWriter$UserState$3                      : loaded 3 times (x 85B)
Class org.jetbrains.org.objectweb.asm.Context                                         : loaded 3 times (x 72B)
Class kotlin.jvm.internal.MutablePropertyReference1                                   : loaded 3 times (x 137B)
Class kotlin.Deprecated                                                               : loaded 3 times (x 70B)
Class org.jetbrains.kotlin.idea.gradleTooling.MultiplatformModelImportingChecker      : loaded 3 times (x 70B)
Class org.jetbrains.kotlin.name.ClassId                                               : loaded 3 times (x 72B)
Class com.amazon.ion.impl.bin.Block                                                   : loaded 3 times (x 79B)
Class kotlin.reflect.jvm.internal.ClassValueCache                                     : loaded 3 times (x 74B)
Class kotlin.jvm.internal.PropertyReference1Impl                                      : loaded 3 times (x 127B)
Class kotlin.SafePublicationLazyImpl$Companion                                        : loaded 3 times (x 71B)
Class kotlin.sequences.ConstrainedOnceSequence                                        : loaded 3 times (x 75B)
Class org.gradle.internal.impldep.com.google.common.collect.Iterators$ArrayItr        : loaded 3 times (x 97B)
Class com.amazon.ion.impl.lite.IonStringLite                                          : loaded 3 times (x 212B)
Class com.amazon.ion.impl.bin.PooledBlockAllocatorProvider$PooledBlockAllocator$1     : loaded 3 times (x 79B)
Class kotlin.DeprecationLevel                                                         : loaded 3 times (x 79B)
Class kotlin.reflect.jvm.internal.impl.builtins.StandardNames$FqNames                 : loaded 3 times (x 71B)
Class kotlin.collections.builders.ListBuilderKt                                       : loaded 3 times (x 71B)
Class [Lkotlin.reflect.KProperty;                                                     : loaded 3 times (x 69B)
Class org.jetbrains.plugins.gradle.model.GradleExtension                              : loaded 3 times (x 70B)
Class kotlin.reflect.full.IllegalPropertyDelegateAccessException                      : loaded 3 times (x 82B)
Class com.intellij.gradle.toolingExtension.impl.model.projectModel.GradleExternalProjectModelBuilder: loaded 3 times (x 86B)
Class org.jetbrains.kotlin.idea.gradleTooling.KotlinMPPGradleModelBuilder$Companion   : loaded 3 times (x 71B)
Class kotlin.collections.builders.SetBuilder$Companion                                : loaded 3 times (x 71B)
Class com.google.common.base.CharMatcher$And                                          : loaded 3 times (x 112B)
Class org.gradle.internal.impldep.gnu.trove.TObjectCanonicalHashingStrategy           : loaded 3 times (x 80B)
Class com.google.common.collect.Lists$RandomAccessReverseList                         : loaded 3 times (x 200B)
Class com.android.ide.gradle.model.builder.AndroidStudioToolingPluginKt               : loaded 3 times (x 71B)
Class kotlin.reflect.jvm.internal.ReflectionFactoryImpl                               : loaded 3 times (x 91B)
Class androidx.room.processor.Context$Companion                                       : loaded 2 times (x 71B)
Class com.squareup.kotlinpoet.Annotatable                                             : loaded 2 times (x 70B)
Class org.jetbrains.plugins.gradle.model.DefaultDependencyAccessorsModel              : loaded 2 times (x 76B)
Class [Landroidx.room.compiler.processing.XNullability;                               : loaded 2 times (x 69B)
Class org.jetbrains.kotlin.descriptors.Visibilities$PrivateToThis                     : loaded 2 times (x 79B)
Class org.jetbrains.org.objectweb.asm.tree.IntInsnNode                                : loaded 2 times (x 78B)
Class org.jetbrains.kotlin.protobuf.SmallSortedMap$1                                  : loaded 2 times (x 130B)
Class jdk.internal.jimage.ImageBufferCache$1                                          : loaded 2 times (x 83B)
Class com.google.common.collect.ImmutableBiMap$Builder                                : loaded 2 times (x 82B)
Class com.android.builder.model.v2.ide.AndroidGradlePluginProjectFlags$BooleanFlag    : loaded 2 times (x 79B)
Class com.google.common.collect.AbstractMapBasedMultimap$KeySet$1                     : loaded 2 times (x 82B)
Class com.android.ide.common.gradle.Separator                                         : loaded 2 times (x 79B)
Class org.objectweb.asm.ClassWriter                                                   : loaded 2 times (x 106B)
Class com.google.common.cache.CacheLoader$UnsupportedLoadingOperationException        : loaded 2 times (x 82B)
Class androidx.room.compiler.processing.javac.ElementExtKt                            : loaded 2 times (x 71B)
Class org.gradle.internal.time.DefaultTimer                                           : loaded 2 times (x 80B)
Class org.gradle.internal.classloader.ClasspathUtil$1                                 : loaded 2 times (x 76B)
Class [Landroidx.room.ForeignKey;                                                     : loaded 2 times (x 69B)
Class androidx.room.jarjarred.kotlinx.metadata.KmClassVisitor                         : loaded 2 times (x 92B)
Class com.squareup.javapoet.JavaFile$Builder                                          : loaded 2 times (x 72B)
Class androidx.room.solver.CodeGenScope$Companion                                     : loaded 2 times (x 71B)
Class androidx.room.parser.SQLiteParser$Drop_index_stmtContext                        : loaded 2 times (x 158B)
Class androidx.room.jarjarred.org.antlr.v4.runtime.tree.Tree                          : loaded 2 times (x 70B)
Class androidx.room.jarjarred.org.antlr.v4.runtime.BufferedTokenStream                : loaded 2 times (x 126B)
Class [Landroidx.room.jarjarred.org.antlr.v4.runtime.atn.RuleStopState;               : loaded 2 times (x 69B)
Class kotlin.jvm.JvmName                                                              : loaded 2 times (x 70B)
Class androidx.room.jarjarred.kotlinx.metadata.jvm.internal.JvmExceptionUtilsKt       : loaded 2 times (x 71B)
Class androidx.room.jarjarred.kotlinx.metadata.internal.metadata.ProtoBuf$Constructor$1: loaded 2 times (x 144B)
Class androidx.room.jarjarred.kotlinx.metadata.internal.metadata.jvm.JvmProtoBuf$StringTableTypes$1: loaded 2 times (x 144B)
Class androidx.room.jarjarred.kotlinx.metadata.internal.metadata.jvm.JvmProtoBuf$StringTableTypes$Record$Operation$1: loaded 2 times (x 74B)
Class [Landroidx.room.solver.prepared.binderprovider.PreparedQueryResultBinderProvider;: loaded 2 times (x 69B)
Class androidx.room.ColumnInfo                                                        : loaded 2 times (x 70B)
Class androidx.room.compiler.processing.XAnnotated                                    : loaded 2 times (x 70B)
Class androidx.room.jarjarred.kotlinx.metadata.internal.metadata.jvm.deserialization.JvmMemberSignature$Method: loaded 2 times (x 75B)
Class kotlin.reflect.jvm.internal.KCallableImpl$_absentArguments$1                    : loaded 2 times (x 79B)
Class androidx.room.util.SimpleJavaVersion$compareTo$$inlined$compareBy$1             : loaded 2 times (x 89B)
Class [Landroidx.room.compiler.processing.XProcessingEnv$Backend;                     : loaded 2 times (x 69B)
Class org.jetbrains.kotlin.idea.gradleTooling.reflect.KotlinAndroidSourceSetInfoReflection: loaded 2 times (x 70B)
Class org.sqlite.SQLiteConfig$HexKeyMode                                              : loaded 2 times (x 82B)
Class androidx.room.jarjarred.org.antlr.v4.runtime.Recognizer$1                       : loaded 2 times (x 206B)
Class org.jetbrains.kotlin.protobuf.BoundedByteString                                 : loaded 2 times (x 112B)
Class jdk.internal.jimage.ImageBufferCache$2                                          : loaded 2 times (x 91B)
Class com.google.common.collect.FluentIterable$1                                      : loaded 2 times (x 81B)
Class com.google.common.base.Objects                                                  : loaded 2 times (x 71B)
Class org.objectweb.asm.FieldVisitor                                                  : loaded 2 times (x 77B)
Class org.gradle.tooling.internal.adapter.ProtocolToModelAdapter$ViewKey              : loaded 2 times (x 72B)
Class org.gradle.api.internal.classpath.DefaultModuleRegistry$DefaultModule           : loaded 2 times (x 86B)
Class androidx.room.jarjarred.org.antlr.v4.runtime.TokenFactory                       : loaded 2 times (x 70B)
Class androidx.room.writer.DaoWriter$PreparedStatementProperty                        : loaded 2 times (x 75B)
Class androidx.room.writer.DaoWriter$PreparedStmtQuery$Companion                      : loaded 2 times (x 71B)
Class org.apache.commons.codec.EncoderException                                       : loaded 2 times (x 82B)
Class androidx.room.solver.shortcut.result.InsertOrUpsertMethodAdapter$InsertMethodInfo: loaded 2 times (x 73B)
Class org.sqlite.core.SafeStmtPtr$SafePtrFunction                                     : loaded 2 times (x 70B)
Class androidx.room.jarjarred.org.antlr.v4.runtime.atn.LexerIndexedCustomAction       : loaded 2 times (x 77B)
Class [Landroidx.room.jarjarred.org.antlr.v4.runtime.atn.PredictionMode;              : loaded 2 times (x 69B)
Class androidx.room.parser.SQLiteParser$Order_clauseContext                           : loaded 2 times (x 157B)
Class androidx.room.parser.SQLiteParser$Indexed_columnContext                         : loaded 2 times (x 157B)
Class androidx.room.jarjarred.org.antlr.v4.runtime.CodePointBuffer                    : loaded 2 times (x 81B)
Class org.sqlite.date.FastDatePrinter$TwoDigitMonthField                              : loaded 2 times (x 80B)
Class org.sqlite.util.ProcessRunner                                                   : loaded 2 times (x 73B)
Class androidx.room.jarjarred.kotlinx.metadata.internal.metadata.ProtoBuf$Expression$ConstantValue: loaded 2 times (x 82B)
Class androidx.room.jarjarred.kotlinx.metadata.internal.metadata.ProtoBuf$Type$Argument$Projection$1: loaded 2 times (x 74B)
Class androidx.room.compiler.processing.javac.JavacExecutableElement$thrownTypes$2    : loaded 2 times (x 79B)
Class [Landroidx.room.jarjarred.kotlinx.metadata.ClassKind;                           : loaded 2 times (x 69B)
Class androidx.room.jarjarred.kotlinx.metadata.internal.extensions.KmClassExtension   : loaded 2 times (x 70B)
Class androidx.room.parser.Table                                                      : loaded 2 times (x 72B)
Class androidx.room.solver.query.result.QueryResultBinder                             : loaded 2 times (x 73B)
Class androidx.room.compiler.processing.javac.JavacAnnotationBoxKt$ANNOTATION_VALUE_LONG_ARR_VISITOR$1: loaded 2 times (x 105B)
Class androidx.room.vo.SchemaIdentityKey$Companion                                    : loaded 2 times (x 71B)
Class androidx.room.solver.shortcut.binderprovider.GuavaListenableFutureInsertMethodBinderProvider: loaded 2 times (x 76B)
Class androidx.room.solver.shortcut.binderprovider.InsertOrUpsertMethodBinderProvider : loaded 2 times (x 70B)
Class com.google.auto.common.Overrides                                                : loaded 2 times (x 72B)
Class androidx.room.compiler.processing.javac.JavacTypeElement$superInterfaces$2      : loaded 2 times (x 79B)
Class androidx.room.compiler.codegen.XTypeSpec$Companion                              : loaded 2 times (x 71B)
Class org.jetbrains.kotlin.idea.gradleTooling.reflect.ReflectionReceiver$Instance     : loaded 2 times (x 77B)
Class org.jetbrains.kotlin.idea.gradleTooling.reflect.KotlinMultiplatformImportReflectionImpl: loaded 2 times (x 76B)
Class org.jetbrains.kotlin.idea.gradleTooling.ResolveCompilerArgumentsKt              : loaded 2 times (x 71B)
Class org.jetbrains.plugins.gradle.tooling.internal.DefaultRepositoryModels           : loaded 2 times (x 76B)
Class org.jetbrains.kotlin.idea.gradleTooling.model.lombok.LombokModel                : loaded 2 times (x 70B)
Class org.jetbrains.kotlin.idea.gradleTooling.reflect.ReflectionLogger                : loaded 2 times (x 70B)
Class androidx.room.compiler.codegen.java.JavaCodeBlock$Builder                       : loaded 2 times (x 88B)
Class org.jetbrains.kotlin.descriptors.Visibilities$InvisibleFake                     : loaded 2 times (x 79B)
Class org.jetbrains.kotlin.protobuf.UninitializedMessageException                     : loaded 2 times (x 84B)
Class org.jetbrains.kotlin.metadata.jvm.deserialization.JvmNameResolverKt             : loaded 2 times (x 71B)
Class org.jetbrains.kotlin.metadata.ProtoBuf$TypeParameter$Variance                   : loaded 2 times (x 82B)
Class androidx.room.compiler.codegen.XFunSpec$Companion$WhenMappings                  : loaded 2 times (x 71B)
Class com.google.common.collect.FluentIterable$2                                      : loaded 2 times (x 81B)
Class com.google.common.reflect.Reflection                                            : loaded 2 times (x 71B)
Class com.android.builder.model.v2.CustomSourceDirectory                              : loaded 2 times (x 70B)
Class com.google.common.primitives.Ints                                               : loaded 2 times (x 71B)
Class com.android.ide.common.repository.AgpVersion                                    : loaded 2 times (x 75B)
Class com.google.common.collect.NullsFirstOrdering                                    : loaded 2 times (x 115B)
Class org.gradle.tooling.internal.adapter.ProtocolToModelAdapter$PropertyCachingMethodInvoker: loaded 2 times (x 76B)
Class org.gradle.internal.InternalTransformer                                         : loaded 2 times (x 70B)
Class com.squareup.javapoet.MethodSpec$Builder                                        : loaded 2 times (x 72B)
Class androidx.room.processor.QueryRewriter                                           : loaded 2 times (x 70B)
Class org.gradle.tooling.internal.adapter.ProtocolToModelAdapter                      : loaded 2 times (x 80B)
Class org.sqlite.core.CorePreparedStatement                                           : loaded 2 times (x 206B)
Class androidx.room.parser.SQLiteParser$Savepoint_nameContext                         : loaded 2 times (x 152B)
Class androidx.room.parser.SQLiteParser$Foreign_tableContext                          : loaded 2 times (x 152B)
Class androidx.room.jarjarred.org.antlr.v4.runtime.CommonTokenFactory                 : loaded 2 times (x 79B)
Class androidx.room.jarjarred.org.antlr.v4.runtime.misc.Pair                          : loaded 2 times (x 72B)
Class [Lorg.sqlite.SQLiteConfig$DateClass;                                            : loaded 2 times (x 69B)
Class androidx.room.vo.Pojo$className$2                                               : loaded 2 times (x 79B)
Class androidx.room.compiler.processing.javac.JavacMethodParameter$jvmName$2          : loaded 2 times (x 79B)
Class androidx.room.compiler.processing.XPackageElement                               : loaded 2 times (x 70B)
Class kotlin.io.FileTreeWalk$FileTreeWalkIterator$WhenMappings                        : loaded 2 times (x 71B)
Class androidx.room.processor.cache.Cache$FullKey                                     : loaded 2 times (x 72B)
Class org.jetbrains.kotlin.metadata.jvm.deserialization.JvmMemberSignature$Method     : loaded 2 times (x 75B)
Class androidx.room.ext.RoomPagingRx2TypeNames                                        : loaded 2 times (x 71B)
Class androidx.room.ext.CommonTypeNames                                               : loaded 2 times (x 71B)
Class androidx.room.processor.Context$CommonTypes$STRING$2                            : loaded 2 times (x 79B)
Class androidx.room.compiler.processing.XTypeElement                                  : loaded 2 times (x 70B)
Class kotlin.reflect.jvm.internal.KClassImpl$Data$inheritedStaticMembers$2            : loaded 2 times (x 79B)
Class org.jetbrains.kotlin.protobuf.WireFormat$JavaType                               : loaded 2 times (x 79B)
Class org.jetbrains.kotlin.idea.gradleTooling.reflect.ReflectionReceiver$Static       : loaded 2 times (x 77B)
Class kotlin.reflect.jvm.internal.KClassImpl$Data$declaredMembers$2                   : loaded 2 times (x 79B)
Class androidx.room.solver.types.StringColumnTypeAdapter                              : loaded 2 times (x 85B)
Class androidx.room.processor.ProcessorErrors$CANNOT_USE_MORE_THAN_ONE_POJO_FIELD_ANNOTATION$1: loaded 2 times (x 78B)
Class androidx.room.solver.binderprovider.RxQueryResultBinderProvider                 : loaded 2 times (x 79B)
Class androidx.room.solver.binderprovider.ListenableFuturePagingSourceQueryResultBinderProviderKt: loaded 2 times (x 71B)
Class androidx.room.solver.shortcut.binderprovider.InstantDeleteOrUpdateMethodBinderProvider: loaded 2 times (x 76B)
Class androidx.room.jarjarred.kotlinx.metadata.internal.protobuf.CodedOutputStream$ByteBufferOutputStream: loaded 2 times (x 86B)
Class org.jetbrains.kotlin.descriptors.Named                                          : loaded 2 times (x 70B)
Class org.jetbrains.kotlin.serialization.deserialization.ProtoEnumFlagsUtilsKt        : loaded 2 times (x 71B)
Class org.jetbrains.kotlin.metadata.ProtoBuf$Visibility$1                             : loaded 2 times (x 74B)
Class org.jetbrains.kotlin.metadata.jvm.JvmProtoBuf$StringTableTypes$Record$Operation$1: loaded 2 times (x 74B)
Class org.jetbrains.kotlin.metadata.deserialization.NameResolver                      : loaded 2 times (x 70B)
Class org.jetbrains.org.objectweb.asm.tree.JumpInsnNode                               : loaded 2 times (x 78B)
Class org.jetbrains.kotlin.protobuf.GeneratedMessageLite$ExtensionDescriptor          : loaded 2 times (x 84B)
Class org.jetbrains.kotlin.protobuf.InvalidProtocolBufferException                    : loaded 2 times (x 84B)
Class androidx.room.jarjarred.kotlinx.metadata.internal.protobuf.UninitializedMessageException: loaded 2 times (x 84B)
Class com.google.common.collect.FluentIterable$3                                      : loaded 2 times (x 81B)
Class com.android.builder.model.v2.models.ProjectSyncIssues                           : loaded 2 times (x 70B)
Class com.google.common.collect.ObjectArrays                                          : loaded 2 times (x 71B)
Class com.google.common.collect.Multiset                                              : loaded 2 times (x 70B)
Class com.google.common.collect.ArrayListMultimapGwtSerializationDependencies         : loaded 2 times (x 172B)
Class com.google.common.math.MathPreconditions                                        : loaded 2 times (x 71B)
Class org.gradle.internal.time.DefaultCountdownTimer                                  : loaded 2 times (x 88B)
Class androidx.room.vo.PrimaryKey$Companion                                           : loaded 2 times (x 71B)
Class androidx.room.parser.SQLiteParser$Binary_operatorContext                        : loaded 2 times (x 171B)
Class androidx.room.vo.FtsEntity                                                      : loaded 2 times (x 87B)
Class androidx.room.compiler.processing.javac.JavacPackageElement$qualifiedName$2     : loaded 2 times (x 79B)
Class androidx.room.jarjarred.kotlinx.metadata.Flag                                   : loaded 2 times (x 72B)
Class androidx.room.jarjarred.kotlinx.metadata.internal.metadata.ProtoBuf$MemberKind$1: loaded 2 times (x 74B)
Class androidx.room.jarjarred.kotlinx.metadata.internal.extensions.KmTypeExtension    : loaded 2 times (x 70B)
Class androidx.room.jarjarred.kotlinx.metadata.KmClass                                : loaded 2 times (x 98B)
Class androidx.room.jarjarred.org.antlr.v4.runtime.atn.ATNSimulator                   : loaded 2 times (x 76B)
Class com.squareup.kotlinpoet.Dynamic                                                 : loaded 2 times (x 86B)
Class com.squareup.javapoet.ParameterizedTypeName                                     : loaded 2 times (x 81B)
Class androidx.room.compiler.processing.javac.JavacTypeElement$className$2            : loaded 2 times (x 79B)
Class androidx.room.jarjarred.org.antlr.v4.runtime.atn.TokensStartState               : loaded 2 times (x 82B)
Class androidx.room.jarjarred.org.antlr.v4.runtime.NoViableAltException               : loaded 2 times (x 91B)
Class androidx.room.parser.SQLiteParser$Limit_clauseContext                           : loaded 2 times (x 156B)
Class androidx.room.compiler.processing.XProcessingEnvConfig$Builder                  : loaded 2 times (x 72B)
Class androidx.room.log.RLog$CollectingMessager$writeTo$1                             : loaded 2 times (x 78B)
Class androidx.room.Transaction                                                       : loaded 2 times (x 70B)
Class androidx.room.ext.Xpoet_extKt$CallableTypeSpecBuilder$1$3                       : loaded 2 times (x 78B)
Class com.google.common.collect.ExplicitOrdering                                      : loaded 2 times (x 115B)
Class com.intellij.gradle.toolingExtension.impl.model.sourceSetArtifactIndex.GradleSourceSetArtifactModel: loaded 2 times (x 76B)
Class com.google.common.util.concurrent.UncheckedExecutionException                   : loaded 2 times (x 82B)
Class com.android.builder.model.v2.ide.LibraryType                                    : loaded 2 times (x 79B)
Class org.jetbrains.kotlin.protobuf.ByteString$ByteIterator                           : loaded 2 times (x 70B)
Class org.apache.commons.io.output.NullOutputStream                                   : loaded 2 times (x 85B)
Class org.gradle.tooling.internal.adapter.ProtocolToModelAdapter$AdaptingMethodInvoker: loaded 2 times (x 76B)
Class org.gradle.tooling.internal.gradle.DefaultBuildIdentifier                       : loaded 2 times (x 79B)
Class org.gradle.api.internal.classpath.Module                                        : loaded 2 times (x 70B)
Class [Lcom.android.builder.model.v2.ide.LibraryType;                                 : loaded 2 times (x 69B)
Class com.squareup.javapoet.AnnotationSpec$Builder                                    : loaded 2 times (x 72B)
Class androidx.room.processor.DaoProcessor$process$kotlinDefaultMethodDelegates$allProcessedMethods$1: loaded 2 times (x 78B)
Class androidx.room.parser.SQLiteParser$Sql_stmtContext                               : loaded 2 times (x 181B)
Class [Lorg.sqlite.date.FastDatePrinter$Rule;                                         : loaded 2 times (x 69B)
Class androidx.room.SkipQueryVerification                                             : loaded 2 times (x 70B)
Class androidx.room.jarjarred.kotlinx.metadata.internal.ReadersKt$WhenMappings        : loaded 2 times (x 71B)
Class [Landroidx.room.jarjarred.kotlinx.metadata.internal.metadata.ProtoBuf$Visibility;: loaded 2 times (x 69B)
Class androidx.room.jarjarred.kotlinx.metadata.internal.metadata.jvm.JvmProtoBuf$StringTableTypes$Record$1: loaded 2 times (x 144B)
Class androidx.room.jarjarred.kotlinx.metadata.internal.protobuf.MessageLite          : loaded 2 times (x 70B)
Class androidx.room.processor.Context$codeLanguage$2                                  : loaded 2 times (x 79B)
Class androidx.room.compiler.processing.javac.JavacTypeElement$typeParameters$2       : loaded 2 times (x 79B)
Class androidx.room.compiler.processing.XParameterizable                              : loaded 2 times (x 70B)
Class com.google.common.io.ByteSink$AsCharSink                                        : loaded 2 times (x 80B)
Class jdk.internal.jrtfs.JrtDirectoryStream$1                                         : loaded 2 times (x 83B)
Class jdk.internal.jimage.ImageLocation                                               : loaded 2 times (x 90B)
Class org.jetbrains.kotlin.idea.gradleTooling.KotlinGradleModelImpl                   : loaded 2 times (x 84B)
Class [Lorg.jetbrains.kotlin.build.report.metrics.BuildTime;                          : loaded 2 times (x 69B)
Class org.jetbrains.kotlin.load.kotlin.KotlinJvmBinaryClass                           : loaded 2 times (x 70B)
Class org.jetbrains.org.objectweb.asm.tree.MethodNode                                 : loaded 2 times (x 109B)
Class com.intellij.gradle.toolingExtension.impl.util.GradleObjectUtil                 : loaded 2 times (x 71B)
Class org.jetbrains.kotlin.metadata.deserialization.Flags$FlagField                   : loaded 2 times (x 73B)
Class org.jetbrains.kotlin.protobuf.Parser                                            : loaded 2 times (x 70B)
Class com.google.common.cache.Weigher                                                 : loaded 2 times (x 70B)
Class org.gradle.api.internal.classpath.UnknownModuleException                        : loaded 2 times (x 82B)
Class org.jetbrains.org.objectweb.asm.tree.MethodInsnNode                             : loaded 2 times (x 79B)
Class org.jetbrains.kotlin.descriptors.Visibilities$Inherited                         : loaded 2 times (x 79B)
Class androidx.room.migration.bundle.DatabaseBundle                                   : loaded 2 times (x 83B)
Class androidx.room.vo.ShortcutEntity$primaryKey$2                                    : loaded 2 times (x 79B)
Class androidx.room.parser.SQLiteParser$Column_defContext                             : loaded 2 times (x 155B)
Class androidx.room.jarjarred.org.antlr.v4.runtime.atn.ParserATNSimulator             : loaded 2 times (x 117B)
Class androidx.room.ext.String_extKt                                                  : loaded 2 times (x 71B)
Class androidx.room.vo.Constructor$Param$FieldParam                                   : loaded 2 times (x 73B)
Class androidx.room.compiler.processing.XExecutableParameterElement                   : loaded 2 times (x 70B)
Class androidx.room.processor.PojoProcessor$doProcess$allFields$1                     : loaded 2 times (x 78B)
Class androidx.room.jarjarred.kotlinx.metadata.KmFunctionVisitor                      : loaded 2 times (x 81B)
Class androidx.room.jarjarred.kotlinx.metadata.jvm.internal.JvmTypeExtension          : loaded 2 times (x 86B)
Class androidx.room.jarjarred.kotlinx.metadata.internal.metadata.ProtoBuf$VersionRequirementTableOrBuilder: loaded 2 times (x 70B)
Class androidx.room.jarjarred.kotlinx.metadata.internal.metadata.jvm.JvmProtoBuf$JvmMethodSignature$1: loaded 2 times (x 144B)
Class androidx.room.compiler.processing.util.MemoizedSequence$CachedIterator          : loaded 2 times (x 79B)
Class androidx.room.compiler.processing.javac.JavacAnnotationBoxKt$ANNOTATION_VALUE_TO_BYTE_VISITOR$1: loaded 2 times (x 105B)
Class androidx.room.solver.shortcut.binderprovider.RxCallableInsertMethodBinderProvider$Companion: loaded 2 times (x 71B)
Class org.jetbrains.kotlin.descriptors.Visibilities$Unknown                           : loaded 2 times (x 79B)
Class org.jetbrains.kotlin.idea.gradleTooling.reflect.ParameterList$Companion         : loaded 2 times (x 71B)
Class com.intellij.gradle.toolingExtension.impl.initScript.util.GradleJvmForkedDebuggerHelper: loaded 2 times (x 71B)
Class androidx.room.processor.Context$CommonTypes$SET$2                               : loaded 2 times (x 79B)
Class [Lorg.jetbrains.kotlin.metadata.ProtoBuf$Class$Kind;                            : loaded 2 times (x 69B)
Class jdk.internal.jimage.ImageHeader                                                 : loaded 2 times (x 71B)
Class org.jetbrains.kotlin.config.ApiVersion                                          : loaded 2 times (x 86B)
Class org.jetbrains.kotlin.cli.common.arguments.K2JVMCompilerArguments$Companion      : loaded 2 times (x 71B)
Class com.google.common.base.Stopwatch                                                : loaded 2 times (x 72B)
Class com.google.common.cache.LocalCache$Strength                                     : loaded 2 times (x 81B)
Class com.google.common.cache.Cache                                                   : loaded 2 times (x 70B)
Class com.google.gson.stream.JsonReader$1                                             : loaded 2 times (x 72B)
Class androidx.room.writer.DatabaseWriter$addDaoImpls$1$privateDaoProperty$2          : loaded 2 times (x 78B)
Class androidx.room.writer.TypeWriter$addSuppressWarnings$1                           : loaded 2 times (x 78B)
Class androidx.room.compiler.codegen.XTypeSpec$Builder                                : loaded 2 times (x 70B)
Class com.squareup.kotlinpoet.ParameterizedTypeName$Companion                         : loaded 2 times (x 71B)
Class androidx.room.processor.SuspendMethodProcessorDelegate                          : loaded 2 times (x 80B)
Class androidx.room.parser.SQLiteParser$Pragma_stmtContext                            : loaded 2 times (x 159B)
Class androidx.room.jarjarred.org.antlr.v4.runtime.dfa.LexerDFASerializer             : loaded 2 times (x 74B)
Class androidx.room.compiler.processing.XRawType                                      : loaded 2 times (x 70B)
Class org.sqlite.util.LibraryLoaderUtil                                               : loaded 2 times (x 71B)
Class androidx.room.vo.Pojo$typeName$2                                                : loaded 2 times (x 79B)
Class androidx.room.jarjarred.kotlinx.metadata.internal.FlagDelegatesImplKt$constructorBooleanFlag$1: loaded 2 times (x 137B)
Class androidx.room.jarjarred.kotlinx.metadata.internal.metadata.ProtoBuf$Modality$1  : loaded 2 times (x 74B)
Class androidx.room.jarjarred.kotlinx.metadata.internal.metadata.jvm.deserialization.JvmNameResolverKt: loaded 2 times (x 71B)
Class androidx.room.solver.types.PrimitiveBooleanToIntConverter                       : loaded 2 times (x 71B)
Class androidx.room.jarjarred.kotlinx.metadata.internal.metadata.jvm.deserialization.UtfEncodingKt: loaded 2 times (x 71B)
Class androidx.room.jarjarred.kotlinx.metadata.internal.protobuf.AbstractParser       : loaded 2 times (x 144B)
Class androidx.room.jarjarred.kotlinx.metadata.KmDeclarationContainerVisitor          : loaded 2 times (x 77B)
Class androidx.room.ext.RoomPagingRx3TypeNames                                        : loaded 2 times (x 71B)
Class androidx.room.solver.types.CursorValueReader                                    : loaded 2 times (x 70B)
Class kotlin.reflect.jvm.internal.KClassImpl$Data$nestedClasses$2                     : loaded 2 times (x 79B)
Class androidx.room.compiler.processing.XFiler                                        : loaded 2 times (x 70B)
Class org.jetbrains.kotlin.protobuf.LiteralByteString                                 : loaded 2 times (x 112B)
Class org.jetbrains.kotlin.protobuf.LazyFieldLite                                     : loaded 2 times (x 82B)
Class org.jetbrains.kotlin.build.report.metrics.BuildMetricsReporter                  : loaded 2 times (x 70B)
Class org.apache.commons.io.filefilter.IOFileFilter                                   : loaded 2 times (x 70B)
Class com.google.common.io.AppendableWriter                                           : loaded 2 times (x 100B)
Class com.google.common.io.Files$2                                                    : loaded 2 times (x 76B)
Class com.google.common.base.NullnessCasts                                            : loaded 2 times (x 71B)
Class com.google.common.util.concurrent.AbstractFuture$Cancellation                   : loaded 2 times (x 72B)
Class androidx.room.writer.DatabaseWriter$addDaoImpls$1$privateDaoProperty$3          : loaded 2 times (x 78B)
Class androidx.room.writer.DatabaseWriter$createCreateInvalidationTracker$body$1$tableNames$1: loaded 2 times (x 78B)
Class androidx.room.writer.TypeWriter$addSuppressWarnings$2                           : loaded 2 times (x 78B)
Class androidx.room.verifier.Jdbc_extKt$columnInfo$1                                  : loaded 2 times (x 79B)
Class androidx.room.jarjarred.org.antlr.v4.runtime.atn.LoopEndState                   : loaded 2 times (x 82B)
Class androidx.room.jarjarred.org.antlr.v4.runtime.atn.PredicateTransition            : loaded 2 times (x 76B)
Class androidx.room.jarjarred.org.antlr.v4.runtime.atn.BlockStartState                : loaded 2 times (x 83B)
Class [Landroidx.room.parser.QueryType;                                               : loaded 2 times (x 69B)
Class androidx.room.jarjarred.kotlinx.metadata.internal.metadata.ProtoBuf$Effect$InvocationKind: loaded 2 times (x 82B)
Class androidx.room.jarjarred.kotlinx.metadata.internal.metadata.ProtoBuf$VersionRequirement$VersionKind: loaded 2 times (x 82B)
Class androidx.room.compiler.processing.XTypeElement$getAllNonPrivateInstanceMethods$1: loaded 2 times (x 78B)
Class androidx.room.compiler.processing.javac.JavacMethodElement$kotlinMetadata$2     : loaded 2 times (x 79B)
Class androidx.room.jarjarred.kotlinx.metadata.internal.metadata.deserialization.Flags$BooleanFlagField: loaded 2 times (x 76B)
Class androidx.room.compiler.processing.javac.JavacAnnotationBoxKt$ANNOTATION_VALUE_TO_BOOLEAN_VISITOR$1: loaded 2 times (x 105B)
Class androidx.room.jarjarred.kotlinx.metadata.internal.protobuf.ExtensionRegistryLite: loaded 2 times (x 74B)
Class androidx.room.processor.SuppressWarningProcessor                                : loaded 2 times (x 71B)
Class androidx.room.solver.binderprovider.QueryResultBinderProviderWithRequiredArtifact: loaded 2 times (x 76B)
Class androidx.room.compiler.processing.CommonProcessorDelegate$processRound$currentElementsDeferredByStep$1$stepDeferredElementsByAnnotation$1: loaded 2 times (x 78B)
Class androidx.room.jarjarred.kotlinx.metadata.KmValueParameter                       : loaded 2 times (x 77B)
Class androidx.room.jarjarred.kotlinx.metadata.ClassKind                              : loaded 2 times (x 79B)
Class kotlin.reflect.jvm.internal.KClassImpl$Data$annotations$2                       : loaded 2 times (x 79B)
Class androidx.room.vo.Constructor                                                    : loaded 2 times (x 72B)
Class [Landroidx.room.jarjarred.org.antlr.v4.runtime.atn.LexerAction;                 : loaded 2 times (x 69B)
Class androidx.room.parser.SQLiteParser$Delete_stmtContext                            : loaded 2 times (x 157B)
Class [Landroidx.room.jarjarred.org.antlr.v4.runtime.dfa.DFAState;                    : loaded 2 times (x 69B)
Class androidx.room.jarjarred.org.antlr.v4.runtime.tree.AbstractParseTreeVisitor      : loaded 2 times (x 84B)
Class androidx.room.parser.expansion.ExpandableSqlParserKt$ancestors$1                : loaded 2 times (x 78B)
Class org.jetbrains.org.objectweb.asm.tree.VarInsnNode                                : loaded 2 times (x 78B)
Class androidx.room.ext.GuavaTypeNames                                                : loaded 2 times (x 71B)
Class androidx.room.processor.OnConflictProcessor                                     : loaded 2 times (x 71B)
Class kotlin.io.ByteStreamsKt                                                         : loaded 2 times (x 71B)
Class com.google.common.collect.AbstractMapBasedMultimap$WrappedCollection$WrappedIterator: loaded 2 times (x 84B)
Class com.google.common.collect.Maps$EntryFunction$1                                  : loaded 2 times (x 91B)
Class org.jetbrains.kotlin.cli.common.arguments.CommonToolArguments$Companion         : loaded 2 times (x 71B)
Class com.google.common.cache.RemovalListener                                         : loaded 2 times (x 70B)
Class org.gradle.tooling.internal.gradle.GradleProjectIdentity                        : loaded 2 times (x 70B)
Class org.gradle.api.internal.DefaultClassPathRegistry                                : loaded 2 times (x 76B)
Class androidx.room.ext.Xpoet_extKt$CallableTypeSpecBuilder$1$2                       : loaded 2 times (x 78B)
Class com.squareup.javapoet.CodeBlock$Builder                                         : loaded 2 times (x 72B)
Class androidx.room.solver.prepared.binder.CallablePreparedQueryResultBinder$Companion: loaded 2 times (x 71B)
Class androidx.room.solver.query.result.ListQueryResultAdapter                        : loaded 2 times (x 73B)
Class androidx.room.parser.expansion.ExpandableSqlParserKt                            : loaded 2 times (x 71B)
Class androidx.room.parser.SQLiteParser$View_nameContext                              : loaded 2 times (x 152B)
Class androidx.room.jarjarred.org.antlr.v4.runtime.atn.WildcardTransition             : loaded 2 times (x 76B)
Class org.sqlite.core.SafeStmtPtr                                                     : loaded 2 times (x 79B)
Class org.sqlite.date.FastDatePrinter$CharacterLiteral                                : loaded 2 times (x 77B)
Class androidx.room.compiler.processing.javac.JavacMethodParameter                    : loaded 2 times (x 225B)
Class com.google.auto.common.Visibility                                               : loaded 2 times (x 79B)
Class androidx.room.jarjarred.kotlinx.metadata.Flag$Common                            : loaded 2 times (x 71B)
Class androidx.room.compiler.processing.javac.AnnotationListVisitor                   : loaded 2 times (x 105B)
Class androidx.room.compiler.processing.javac.JavacAnnotationBoxKt$TO_TYPE$1          : loaded 2 times (x 105B)
Class androidx.room.solver.binderprovider.MultiTypedPagingSourceQueryResultBinderProvider: loaded 2 times (x 76B)
Class androidx.room.solver.binderprovider.DataSourceFactoryQueryResultBinderProvider$dataSourceFactoryType$2: loaded 2 times (x 79B)
Class org.gradle.tooling.internal.adapter.CollectionMapper                            : loaded 2 times (x 73B)
Class org.gradle.tooling.model.kotlin.dsl.KotlinDslScriptModel                        : loaded 2 times (x 70B)
Class androidx.room.compiler.processing.javac.JavacTypeElement$allMethods$1           : loaded 2 times (x 79B)
Class com.google.common.util.concurrent.AbstractFuture$Trusted                        : loaded 2 times (x 70B)
Class org.jetbrains.kotlin.cli.common.messages.MessageCollector$Companion             : loaded 2 times (x 71B)
Class kotlin.io.LinesSequence$iterator$1                                              : loaded 2 times (x 79B)
Class kotlin.collections.AbstractIterator                                             : loaded 2 times (x 83B)
Class org.jetbrains.kotlin.protobuf.GeneratedMessageLite                              : loaded 2 times (x 101B)
Class org.jetbrains.kotlin.protobuf.Internal$EnumLiteMap                              : loaded 2 times (x 70B)
Class org.jetbrains.org.objectweb.asm.tree.InsnList                                   : loaded 2 times (x 103B)
Class org.jetbrains.kotlin.metadata.ProtoBuf$Type$Argument$Projection$1               : loaded 2 times (x 74B)
Class org.jetbrains.kotlin.protobuf.SmallSortedMap$EmptySet$1                         : loaded 2 times (x 78B)
Class org.jetbrains.kotlin.protobuf.AbstractMessageLite$Builder$LimitedInputStream    : loaded 2 times (x 92B)
Class org.apache.commons.io.file.DeleteOption                                         : loaded 2 times (x 70B)
Class com.google.common.collect.Maps$EntryFunction$2                                  : loaded 2 times (x 91B)
Class org.jetbrains.kotlin.load.java.JvmAbi                                           : loaded 2 times (x 71B)
Class com.google.common.reflect.Invokable$ConstructorInvokable                        : loaded 2 times (x 107B)
Class org.jetbrains.kotlin.cli.common.messages.MessageCollector                       : loaded 2 times (x 70B)
Class [Lorg.jetbrains.kotlin.config.JvmDefaultMode;                                   : loaded 2 times (x 69B)
Class com.google.common.collect.ImmutableMultimap$Keys                                : loaded 2 times (x 166B)
Class com.android.builder.model.v2.ide.JavaArtifact                                   : loaded 2 times (x 70B)
Class com.google.common.primitives.IntsMethodsForWeb                                  : loaded 2 times (x 71B)
Class org.gradle.api.internal.ClassPathRegistry                                       : loaded 2 times (x 70B)
Class org.gradle.internal.classpath.DefaultClassPath$ImmutableUniqueList              : loaded 2 times (x 199B)
Class org.jetbrains.kotlin.protobuf.AbstractMessageLite$Builder                       : loaded 2 times (x 122B)
Class androidx.room.compiler.processing.XElementKt                                    : loaded 2 times (x 71B)
Class androidx.room.migration.bundle.EntityBundle                                     : loaded 2 times (x 89B)
Class androidx.room.solver.query.result.IndexAdapter                                  : loaded 2 times (x 70B)
Class androidx.room.solver.query.result.RowAdapter                                    : loaded 2 times (x 75B)
Class androidx.room.parser.SQLiteParser$Commit_stmtContext                            : loaded 2 times (x 155B)
Class androidx.room.parser.SQLiteParser$Table_nameContext                             : loaded 2 times (x 152B)
Class androidx.room.jarjarred.org.antlr.v4.runtime.misc.IntervalSet                   : loaded 2 times (x 121B)
Class androidx.room.jarjarred.org.antlr.v4.runtime.atn.AbstractPredicateTransition    : loaded 2 times (x 76B)
Class androidx.room.processor.DefaultMethodProcessorDelegate                          : loaded 2 times (x 80B)
Class org.sqlite.SQLiteConfig$PragmaValue                                             : loaded 2 times (x 70B)
Class org.sqlite.core.Codes                                                           : loaded 2 times (x 70B)
Class androidx.room.jarjarred.kotlinx.metadata.jvm.JvmTypeParameterExtensionVisitor$Companion: loaded 2 times (x 71B)
Class [Landroidx.room.jarjarred.kotlinx.metadata.internal.metadata.ProtoBuf$Modality; : loaded 2 times (x 69B)
Class [Landroidx.room.solver.shortcut.binderprovider.RxCallableUpsertMethodBinderProvider;: loaded 2 times (x 69B)
Class com.intellij.gradle.toolingExtension.impl.util.collectionUtil.GradleCollections : loaded 2 times (x 71B)
Class androidx.room.ext.RoomRxJava2TypeNames                                          : loaded 2 times (x 71B)
Class androidx.room.compiler.processing.DeclarationCollectorKt                        : loaded 2 times (x 71B)
Class kotlin.reflect.jvm.internal.KClassImpl$Data$declaredNonStaticMembers$2          : loaded 2 times (x 79B)
Class androidx.room.jarjarred.kotlinx.metadata.internal.protobuf.FieldSet$FieldDescriptorLite: loaded 2 times (x 70B)
Class androidx.room.jarjarred.kotlinx.metadata.internal.metadata.jvm.JvmProtoBuf$JvmPropertySignature: loaded 2 times (x 114B)
Class org.gradle.kotlin.dsl.DebugImplementationConfigurationAccessorsKt               : loaded 2 times (x 71B)
Class com.intellij.gradle.toolingExtension.impl.model.dependencyModel.auxiliary.AuxiliaryArtifactResolver: loaded 2 times (x 70B)
Class androidx.room.jarjarred.kotlinx.metadata.internal.metadata.ProtoBuf$Class       : loaded 2 times (x 180B)
Class androidx.room.jarjarred.kotlinx.metadata.jvm.JvmFunctionExtensionVisitor$Companion: loaded 2 times (x 71B)
Class [Landroidx.room.jarjarred.kotlinx.metadata.internal.metadata.ProtoBuf$MemberKind;: loaded 2 times (x 69B)
Class org.jetbrains.plugins.gradle.tooling.serialization.internal.adapter.InternalBuildIdentifier: loaded 2 times (x 75B)
Class org.jetbrains.plugins.gradle.tooling.builder.EarModelBuilderImplKt              : loaded 2 times (x 71B)
Class androidx.room.compiler.processing.javac.JavacExecutableElement$jvmDescriptor$2  : loaded 2 times (x 79B)
Class org.jetbrains.kotlin.descriptors.Visibilities$Protected                         : loaded 2 times (x 79B)
Class org.jetbrains.kotlin.metadata.ProtoBuf$PackageOrBuilder                         : loaded 2 times (x 70B)
Class org.jetbrains.kotlin.metadata.jvm.JvmProtoBuf$JvmPropertySignature              : loaded 2 times (x 114B)
Class org.jetbrains.kotlin.metadata.ProtoBuf$ValueParameterOrBuilder                  : loaded 2 times (x 70B)
Class androidx.room.compiler.processing.javac.JavacFieldElement$enclosingElement$2    : loaded 2 times (x 79B)
Class org.jetbrains.kotlin.protobuf.SmallSortedMap$EmptySet$2                         : loaded 2 times (x 78B)
Class kotlin.jvm.internal.TypeIntrinsics                                              : loaded 2 times (x 71B)
Class jdk.internal.jimage.decompressor.ResourceDecompressor                           : loaded 2 times (x 70B)
Class androidx.room.compiler.processing.XTypeVariableType                             : loaded 2 times (x 70B)
Class org.apache.commons.io.IOUtils                                                   : loaded 2 times (x 71B)
Class com.google.common.collect.MapMakerInternalMap$Segment                           : loaded 2 times (x 142B)
Class com.google.common.base.ExtraObjectsMethodsForWeb                                : loaded 2 times (x 71B)
Class com.google.common.reflect.TypeToken                                             : loaded 2 times (x 73B)
Class androidx.room.jarjarred.kotlinx.metadata.internal.metadata.ProtoBuf$VersionRequirement$VersionKind$1: loaded 2 times (x 74B)
Class androidx.room.jarjarred.org.antlr.v4.runtime.atn.RuleStartState                 : loaded 2 times (x 82B)
Class androidx.room.compiler.codegen.XCodeBlock$Builder$Companion$WhenMappings        : loaded 2 times (x 71B)
Class androidx.room.jarjarred.org.antlr.v4.runtime.atn.LL1Analyzer                    : loaded 2 times (x 76B)
Class androidx.room.jarjarred.org.antlr.v4.runtime.misc.MurmurHash                    : loaded 2 times (x 71B)
Class androidx.room.parser.SQLiteParser$Select_stmtContext                            : loaded 2 times (x 158B)
Class androidx.room.jarjarred.org.antlr.v4.runtime.Recognizer                         : loaded 2 times (x 98B)
Class androidx.room.jarjarred.kotlinx.metadata.jvm.KotlinClassMetadata$Companion      : loaded 2 times (x 71B)
Class androidx.room.jarjarred.org.antlr.v4.runtime.DefaultErrorStrategy               : loaded 2 times (x 105B)
Class androidx.room.compiler.processing.javac.JavacAnnotationBoxKt$ANNOTATION_VALUE_DOUBLE_ARR_VISITOR$1: loaded 2 times (x 105B)
Class androidx.room.solver.shortcut.binderprovider.GuavaListenableFutureUpsertMethodBinderProvider$hasGuavaRoom$2: loaded 2 times (x 79B)
Class androidx.room.solver.binderprovider.RxCallableQueryResultBinderProvider$Companion: loaded 2 times (x 71B)
Class androidx.room.ext.SupportDbTypeNames                                            : loaded 2 times (x 71B)
Class androidx.room.solver.TypeConverterStore                                         : loaded 2 times (x 70B)
Class androidx.room.parser.ParsedQuery                                                : loaded 2 times (x 72B)
Class com.squareup.javapoet.TypeSpec$Kind                                             : loaded 2 times (x 79B)
Class com.google.common.util.concurrent.AbstractFuture$UnsafeAtomicHelper$1           : loaded 2 times (x 76B)
Class com.android.builder.model.v2.ide.CodeShrinker                                   : loaded 2 times (x 79B)
Class org.jetbrains.kotlin.metadata.deserialization.ProtoBufUtilKt                    : loaded 2 times (x 71B)
Class org.jetbrains.kotlin.descriptors.DeclarationDescriptor                          : loaded 2 times (x 70B)
Class org.jetbrains.kotlin.descriptors.DescriptorVisibilities                         : loaded 2 times (x 71B)
Class org.jetbrains.org.objectweb.asm.tree.LookupSwitchInsnNode                       : loaded 2 times (x 78B)
Class org.jetbrains.kotlin.load.kotlin.KotlinJvmBinaryClass$AnnotationArrayArgumentVisitor: loaded 2 times (x 70B)
Class Settings_gradle$1                                                               : loaded 2 times (x 75B)
Class com.google.common.cache.RemovalCause                                            : loaded 2 times (x 80B)
Class com.google.common.io.ByteSink                                                   : loaded 2 times (x 76B)
Class org.jetbrains.kotlin.cli.common.messages.CompilerMessageSourceLocation          : loaded 2 times (x 70B)
Class org.jetbrains.kotlin.config.JvmDefaultMode$Companion                            : loaded 2 times (x 71B)
Class com.android.builder.model.v2.dsl.SigningConfig                                  : loaded 2 times (x 70B)
Class com.android.builder.model.v2.models.AndroidProject                              : loaded 2 times (x 70B)
Class com.android.builder.model.v2.AndroidModel                                       : loaded 2 times (x 70B)
Class com.google.common.cache.CacheBuilder                                            : loaded 2 times (x 72B)
Class com.intellij.gradle.toolingExtension.impl.util.javaPluginUtil.JavaPluginAccessor: loaded 2 times (x 70B)
Class org.gradle.internal.classpath.ClassPath                                         : loaded 2 times (x 70B)
Class org.jetbrains.kotlin.idea.gradleTooling.reflect.KotlinExtensionReflection       : loaded 2 times (x 72B)
Class org.jetbrains.kotlin.idea.gradleTooling.reflect.KotlinExtensionReflection$Companion: loaded 2 times (x 71B)
Class androidx.room.processor.DaoProcessor$process$kotlinDefaultMethodDelegates$1     : loaded 2 times (x 79B)
Class [Landroidx.room.jarjarred.org.antlr.v4.runtime.atn.PredictionContext;           : loaded 2 times (x 69B)
Class androidx.room.jarjarred.org.antlr.v4.runtime.atn.SemanticContext$OR             : loaded 2 times (x 75B)
Class androidx.room.parser.SQLiteParser$Vacuum_stmtContext                            : loaded 2 times (x 153B)
Class androidx.room.parser.SQLiteParser$Insert_stmtContext                            : loaded 2 times (x 179B)
Class org.sqlite.date.DateParser                                                      : loaded 2 times (x 70B)
Class org.sqlite.core.DB                                                              : loaded 2 times (x 143B)
Class com.squareup.javapoet.CodeWriter                                                : loaded 2 times (x 72B)
Class androidx.room.compiler.processing.XMethodElement                                : loaded 2 times (x 70B)
Class androidx.room.jarjarred.kotlinx.metadata.Attributes$visibility$10               : loaded 2 times (x 137B)
Class androidx.room.solver.binderprovider.DataSourceQueryResultBinderProvider         : loaded 2 times (x 76B)
Class androidx.room.jarjarred.kotlinx.metadata.KmType                                 : loaded 2 times (x 83B)
Class androidx.room.solver.shortcut.binderprovider.GuavaListenableFutureUpsertMethodBinderProvider: loaded 2 times (x 76B)
Class androidx.room.compiler.processing.XNullability                                  : loaded 2 times (x 79B)
Class androidx.room.log.RLog$CollectingMessager                                       : loaded 2 times (x 73B)
Class androidx.room.jarjarred.kotlinx.metadata.internal.metadata.ProtoBuf$Annotation  : loaded 2 times (x 109B)
Class androidx.room.compiler.processing.javac.kotlin.KmValueParameterContainer        : loaded 2 times (x 72B)
Class androidx.room.parser.QueryType$Companion                                        : loaded 2 times (x 71B)
Class org.jetbrains.kotlin.idea.gradleTooling.reflect.KotlinSourceSetReflection       : loaded 2 times (x 70B)
Class com.intellij.gradle.toolingExtension.impl.javaModel.manifestModel.DefaultJavaGradleManifestModel: loaded 2 times (x 76B)
Class com.intellij.openapi.externalSystem.model.project.ExternalSystemSourceType      : loaded 2 times (x 85B)
Class androidx.room.parser.SqlParser$Companion$parse$2                                : loaded 2 times (x 79B)
Class org.jetbrains.kotlin.metadata.deserialization.TypeTable                         : loaded 2 times (x 72B)
Class org.jetbrains.kotlin.load.kotlin.FileBasedKotlinClass$1                         : loaded 2 times (x 87B)
Class kotlin.sequences.SequencesKt__SequencesKt$asSequence$$inlined$Sequence$1        : loaded 2 times (x 75B)
Class com.google.common.collect.Interners$InternerBuilder                             : loaded 2 times (x 76B)
Class com.google.common.io.Files$FileByteSource                                       : loaded 2 times (x 85B)
Class [Lcom.google.common.reflect.Types$JavaVersion;                                  : loaded 2 times (x 69B)
Class kotlin.collections.ArrayDeque                                                   : loaded 2 times (x 207B)
Class com.squareup.javapoet.ParameterSpec$Builder                                     : loaded 2 times (x 72B)
Class androidx.room.processor.DaoProcessor$process$kotlinDefaultMethodDelegates$2     : loaded 2 times (x 78B)
Class androidx.room.solver.query.parameter.QueryParameterAdapter                      : loaded 2 times (x 73B)
Class androidx.room.vo.RelationCollector$Companion                                    : loaded 2 times (x 71B)
Class androidx.room.parser.ParsedQuery$sections$2                                     : loaded 2 times (x 79B)
Class androidx.room.jarjarred.org.antlr.v4.runtime.CommonTokenStream                  : loaded 2 times (x 127B)
Class androidx.room.jarjarred.org.antlr.v4.runtime.CodePointCharStream$1              : loaded 2 times (x 71B)
Class androidx.room.jarjarred.org.antlr.v4.runtime.CodePointCharStream$CodePoint16BitCharStream: loaded 2 times (x 88B)
Class [Lorg.sqlite.date.FastDateParser$Strategy;                                      : loaded 2 times (x 69B)
Class androidx.room.vo.Entity                                                         : loaded 2 times (x 87B)
Class androidx.room.compiler.processing.XExecutableType                               : loaded 2 times (x 70B)
Class androidx.room.compiler.processing.javac.JavacVariableElement$type$2             : loaded 2 times (x 79B)
Class androidx.room.jarjarred.kotlinx.metadata.internal.metadata.jvm.deserialization.JvmMemberSignature$Field: loaded 2 times (x 75B)
Class androidx.room.compiler.processing.javac.JavacDeclaredType$equalityItems$2       : loaded 2 times (x 79B)
Class androidx.room.solver.types.PrimitiveColumnTypeAdapter$Companion                 : loaded 2 times (x 71B)
Class com.google.auto.common.MoreTypes$TypeEquivalence                                : loaded 2 times (x 82B)
Class androidx.room.compiler.processing.javac.JavacElement$equalityItems$2            : loaded 2 times (x 79B)
Class androidx.room.compiler.processing.CommonProcessorDelegate                       : loaded 2 times (x 72B)
Class kotlin.reflect.jvm.internal.KClassImpl$Data$declaredStaticMembers$2             : loaded 2 times (x 79B)
Class kotlin.reflect.jvm.internal.KProperty1Impl$delegateSource$1                     : loaded 2 times (x 79B)
Class androidx.room.jarjarred.org.antlr.v4.runtime.ConsoleErrorListener               : loaded 2 times (x 81B)
Class androidx.room.jarjarred.org.antlr.v4.runtime.tree.ParseTreeVisitor              : loaded 2 times (x 70B)
Class androidx.room.vo.WriteQueryMethod                                               : loaded 2 times (x 72B)
Class androidx.room.solver.shortcut.binder.CallableInsertMethodBinder                 : loaded 2 times (x 73B)
Class androidx.room.compiler.codegen.XFunSpec$Builder$Companion                       : loaded 2 times (x 71B)
Class com.google.common.cache.LocalCache$2                                            : loaded 2 times (x 142B)
Class com.google.common.collect.AbstractMultimap                                      : loaded 2 times (x 123B)
Class org.jetbrains.kotlin.metadata.ProtoBuf$Type$ArgumentOrBuilder                   : loaded 2 times (x 70B)
Class org.jetbrains.kotlin.protobuf.GeneratedMessageLite$GeneratedExtension           : loaded 2 times (x 79B)
Class org.jetbrains.kotlin.load.kotlin.FileBasedKotlinClass$2                         : loaded 2 times (x 87B)
Class com.google.common.io.CharStreams$NullWriter                                     : loaded 2 times (x 99B)
Class com.android.builder.model.v2.ide.UnresolvedDependency                           : loaded 2 times (x 70B)
Class org.jetbrains.kotlin.cli.common.arguments.Freezable                             : loaded 2 times (x 72B)
Class org.objectweb.asm.SymbolTable$Entry                                             : loaded 2 times (x 74B)
Class com.google.common.util.concurrent.AbstractFuture$AtomicHelper                   : loaded 2 times (x 78B)
Class com.google.gson.internal.JsonReaderInternalAccess                               : loaded 2 times (x 72B)
Class com.google.common.collect.Sets$ImprovedAbstractSet                              : loaded 2 times (x 135B)
Class com.android.builder.model.v2.ide.BytecodeTransformation                         : loaded 2 times (x 79B)
Class androidx.room.writer.DaoWriter$WhenMappings                                     : loaded 2 times (x 71B)
Class androidx.room.parser.SQLiteParser$Error_messageContext                          : loaded 2 times (x 152B)
Class androidx.room.parser.SQLiteParser$Create_virtual_table_stmtContext              : loaded 2 times (x 168B)
Class androidx.room.jarjarred.org.antlr.v4.runtime.misc.Interval                      : loaded 2 times (x 83B)
Class androidx.room.jarjarred.org.antlr.v4.runtime.RuntimeMetaData                    : loaded 2 times (x 71B)
Class androidx.room.jarjarred.kotlinx.metadata.internal.FlagDelegatesImplKt$propertyBooleanFlag$1: loaded 2 times (x 137B)
Class androidx.room.jarjarred.kotlinx.metadata.internal.metadata.jvm.deserialization.JvmProtoBufUtil: loaded 2 times (x 71B)
Class com.google.common.reflect.TypeToken$SimpleTypeToken                             : loaded 2 times (x 73B)
Class [Landroidx.room.AutoMigration;                                                  : loaded 2 times (x 69B)
Class androidx.room.parser.SQLTypeAffinity$Companion                                  : loaded 2 times (x 71B)
Class com.squareup.kotlinpoet.TypeName$Companion                                      : loaded 2 times (x 71B)
Class androidx.room.compiler.processing.InternalXAnnotated                            : loaded 2 times (x 70B)
Class com.intellij.gradle.toolingExtension.impl.initScript.util.GradleJvmForkedDebuggerHelper$getTasksToDebug: loaded 2 times (x 146B)
Class com.intellij.gradle.toolingExtension.impl.util.collectionUtil.GradleCollectionUtil: loaded 2 times (x 71B)
Class com.google.common.io.ByteSource$ByteArrayByteSource                             : loaded 2 times (x 85B)
Class org.jetbrains.plugins.gradle.DefaultExternalDependencyId                        : loaded 2 times (x 80B)
Class org.jetbrains.kotlin.idea.gradleTooling.reflect.KotlinLanguageSettingsReflection: loaded 2 times (x 70B)
Class com.google.common.collect.MapMakerInternalMap$AbstractStrongKeyEntry            : loaded 2 times (x 80B)
Class com.intellij.gradle.toolingExtension.impl.util.GradleResultUtil                 : loaded 2 times (x 71B)
Class com.intellij.gradle.toolingExtension.impl.util.javaPluginUtil.JavaPluginUtil    : loaded 2 times (x 71B)
Class org.jetbrains.kotlin.metadata.ProtoBuf$Class                                    : loaded 2 times (x 180B)
Class org.jetbrains.kotlin.metadata.ProtoBuf$Property$1                               : loaded 2 times (x 144B)
Class org.jetbrains.kotlin.metadata.ProtoBuf$Type                                     : loaded 2 times (x 145B)
Class com.intellij.compose.ide.plugin.gradleTooling.rt.ComposeResourcesExtension      : loaded 2 times (x 72B)
Class org.jetbrains.kotlin.load.kotlin.FileBasedKotlinClass$3                         : loaded 2 times (x 77B)
Class sync_studio_tooling1289_2jtpjskg241pdkbhxiy8pdfl8                               : loaded 2 times (x 179B)
Class jdk.internal.jimage.ImageStringsReader                                          : loaded 2 times (x 80B)
Class com.android.builder.model.v2.ide.Variant                                        : loaded 2 times (x 70B)
Class org.objectweb.asm.Edge                                                          : loaded 2 times (x 72B)
Class com.google.common.base.Suppliers$SupplierOfInstance                             : loaded 2 times (x 79B)
Class org.gradle.tooling.model.Model                                                  : loaded 2 times (x 70B)
Class androidx.room.compiler.codegen.PoetExtKt                                        : loaded 2 times (x 71B)
Class androidx.room.writer.DaoWriter                                                  : loaded 2 times (x 73B)
Class androidx.room.parser.SQLiteParser$Ordering_termContext                          : loaded 2 times (x 156B)
Class androidx.room.processor.DatabaseProcessor$doProcess$daoMethods$1                : loaded 2 times (x 78B)
Class org.sqlite.SQLiteConfig$LockingMode                                             : loaded 2 times (x 82B)
Class androidx.room.compiler.processing.javac.JavacExecutableElement$Companion        : loaded 2 times (x 71B)
Class androidx.room.compiler.processing.XExecutableElement                            : loaded 2 times (x 70B)
Class androidx.room.jarjarred.kotlinx.metadata.KmClassifier$Class                     : loaded 2 times (x 72B)
Class androidx.room.jarjarred.kotlinx.metadata.jvm.JvmTypeExtensionVisitor            : loaded 2 times (x 80B)
Class androidx.room.jarjarred.kotlinx.metadata.internal.protobuf.AbstractMessageLite  : loaded 2 times (x 98B)
Class androidx.room.compiler.processing.javac.JavacProcessingEnv                      : loaded 2 times (x 115B)
Class kotlin.reflect.jvm.internal.KClassImpl$Data$qualifiedName$2                     : loaded 2 times (x 79B)
Class androidx.room.compiler.processing.XHasModifiers                                 : loaded 2 times (x 70B)
Class androidx.room.solver.shortcut.binderprovider.GuavaListenableFutureDeleteOrUpdateMethodBinderProvider$hasGuavaRoom$2: loaded 2 times (x 79B)
Class androidx.room.processor.PojoProcessor                                           : loaded 2 times (x 72B)
Class androidx.room.compiler.processing.javac.JavacTypeElement$packageElement$2       : loaded 2 times (x 79B)
Class androidx.room.compiler.processing.javac.JavacTypeElement$type$2                 : loaded 2 times (x 79B)
Class androidx.room.processor.cache.Cache                                             : loaded 2 times (x 72B)
Class androidx.room.processor.Context$CommonTypes$READONLY_COLLECTION$2               : loaded 2 times (x 79B)
Class com.squareup.javapoet.CodeWriter$Multiset                                       : loaded 2 times (x 72B)
Class androidx.room.solver.binderprovider.LiveDataQueryResultBinderProvider           : loaded 2 times (x 79B)
Class org.jetbrains.kotlin.load.kotlin.FileBasedKotlinClass$4                         : loaded 2 times (x 87B)
Class com.google.common.reflect.TypeToken$1                                           : loaded 2 times (x 110B)
Class com.google.common.cache.LocalCache$ComputingValueReference                      : loaded 2 times (x 96B)
Class kotlin.text.MatchResult$Destructured                                            : loaded 2 times (x 72B)
Class androidx.room.compiler.processing.javac.JavacAnnotationBoxKt$ANNOTATION_VALUE_INT_ARR_VISITOR$1: loaded 2 times (x 105B)
Class androidx.room.jarjarred.kotlinx.metadata.Attributes                             : loaded 2 times (x 71B)
Class androidx.room.jarjarred.org.antlr.v4.runtime.atn.SemanticContext$Predicate      : loaded 2 times (x 73B)
Class androidx.room.parser.SQLiteParser$Pragma_valueContext                           : loaded 2 times (x 155B)
Class androidx.room.jarjarred.org.antlr.v4.runtime.CodePointCharStream                : loaded 2 times (x 88B)
Class org.sqlite.SQLiteConfig$DateClass                                               : loaded 2 times (x 82B)
Class androidx.room.processor.DatabaseProcessor$doProcess$daoMethods$2                : loaded 2 times (x 78B)
Class org.sqlite.ProgressHandler                                                      : loaded 2 times (x 72B)
Class androidx.room.compiler.processing.javac.kotlin.KmConstructorContainer$parameters$2: loaded 2 times (x 79B)
Class androidx.room.jarjarred.kotlinx.metadata.Attributes$visibility$14               : loaded 2 times (x 137B)
Class androidx.room.jarjarred.kotlinx.metadata.internal.metadata.ProtoBuf$Visibility$1: loaded 2 times (x 74B)
Class androidx.room.jarjarred.kotlinx.metadata.internal.metadata.deserialization.VersionRequirementTable: loaded 2 times (x 72B)
Class [Landroidx.room.jarjarred.kotlinx.metadata.internal.protobuf.WireFormat$JavaType;: loaded 2 times (x 69B)
Class androidx.room.jarjarred.kotlinx.metadata.internal.protobuf.MessageLite$Builder  : loaded 2 times (x 70B)
Class androidx.room.jarjarred.kotlinx.metadata.internal.protobuf.ByteString$Output    : loaded 2 times (x 86B)
Class androidx.room.solver.binderprovider.CoroutineFlowResultBinderProviderKt         : loaded 2 times (x 71B)
Class com.squareup.kotlinpoet.WildcardTypeName                                        : loaded 2 times (x 86B)
Class com.squareup.kotlinpoet.ClassName                                               : loaded 2 times (x 89B)
Class [Landroidx.room.BuiltInTypeConverters$State;                                    : loaded 2 times (x 69B)
Class androidx.room.processor.CustomConverterProcessor$ProcessResult                  : loaded 2 times (x 72B)
Class com.google.auto.common.MoreTypes$1                                              : loaded 2 times (x 71B)
Class androidx.room.compiler.processing.javac.JavacTypeElement$xClassName$2           : loaded 2 times (x 79B)
Class kotlin.reflect.jvm.internal.KClassImpl$Data$supertypes$2                        : loaded 2 times (x 79B)
Class org.sqlite.date.FastDatePrinter$TwoDigitNumberField                             : loaded 2 times (x 80B)
Class com.android.ide.gradle.model.impl.GradlePropertiesModelImpl                     : loaded 2 times (x 78B)
Class org.jetbrains.kotlin.idea.gradleTooling.model.annotation.AnnotationBasedPluginModel: loaded 2 times (x 70B)
Class org.gradle.internal.impldep.com.google.common.collect.Multimap                  : loaded 2 times (x 70B)
Class com.intellij.gradle.toolingExtension.impl.model.dependencyDownloadPolicyModel.GradleDependencyDownloadPolicyCache: loaded 2 times (x 75B)
Class androidx.room.processor.MethodProcessorDelegate$Companion                       : loaded 2 times (x 71B)
Class org.jetbrains.plugins.gradle.tooling.MessageReporter                            : loaded 2 times (x 70B)
Class org.jetbrains.kotlin.metadata.ProtoBuf$Class$Kind                               : loaded 2 times (x 82B)
Class org.jetbrains.kotlin.protobuf.GeneratedMessageLite$Builder                      : loaded 2 times (x 128B)
Class org.jetbrains.kotlin.protobuf.WireFormat$FieldType$1                            : loaded 2 times (x 83B)
Class org.jetbrains.kotlin.metadata.jvm.JvmProtoBuf$JvmMethodSignatureOrBuilder       : loaded 2 times (x 70B)
Class org.jetbrains.kotlin.protobuf.ByteString                                        : loaded 2 times (x 108B)
Class jdk.internal.jimage.ImageReader                                                 : loaded 2 times (x 75B)
Class com.google.common.collect.AbstractMapBasedMultimap$AsMap$AsMapEntries           : loaded 2 times (x 138B)
Class [Lorg.jetbrains.kotlin.cli.common.messages.CompilerMessageSeverity;             : loaded 2 times (x 69B)
Class com.google.common.reflect.TypeToken$2                                           : loaded 2 times (x 110B)
Class com.android.builder.model.v2.ide.Library                                        : loaded 2 times (x 70B)
Class com.android.builder.model.v2.ide.ArtifactDependenciesAdjacencyList              : loaded 2 times (x 70B)
Class com.android.builder.model.v2.models.Versions                                    : loaded 2 times (x 70B)
Class com.google.common.cache.LocalCache$Segment                                      : loaded 2 times (x 154B)
Class org.gradle.tooling.internal.adapter.ProtocolToModelAdapter$MethodInvocationCache: loaded 2 times (x 73B)
Class androidx.room.parser.SqlParser$Companion$parse$1                                : loaded 2 times (x 79B)
Class androidx.room.jarjarred.org.antlr.v4.runtime.misc.IntegerStack                  : loaded 2 times (x 72B)
Class androidx.room.parser.SQLiteParser$ParseContext                                  : loaded 2 times (x 156B)
Class androidx.room.parser.Section$Companion                                          : loaded 2 times (x 71B)
Class androidx.room.writer.QueryWriter                                                : loaded 2 times (x 72B)
Class androidx.room.solver.prepared.binder.CallablePreparedQueryResultBinder          : loaded 2 times (x 73B)
Class androidx.room.ext.LifecyclesTypeNames                                           : loaded 2 times (x 71B)
Class androidx.room.jarjarred.org.antlr.v4.runtime.atn.ATNConfigSet$ConfigHashSet     : loaded 2 times (x 140B)
Class androidx.room.processor.DatabaseProcessor$doProcess$daoMethods$3                : loaded 2 times (x 79B)
Class org.sqlite.date.FastDateParser$Strategy                                         : loaded 2 times (x 74B)
Class [Lorg.sqlite.SQLiteConfig$DatePrecision;                                        : loaded 2 times (x 69B)
Class org.sqlite.util.OSInfo                                                          : loaded 2 times (x 71B)
Class androidx.room.jarjarred.kotlinx.metadata.Attributes$hasAnnotations$22           : loaded 2 times (x 137B)
Class androidx.room.compiler.codegen.XPropertySpec                                    : loaded 2 times (x 70B)
Class org.gradle.tooling.model.UnsupportedMethodException                             : loaded 2 times (x 82B)
Class androidx.room.solver.types.StatementValueBinder                                 : loaded 2 times (x 70B)
Class com.google.auto.common.Overrides$ExplicitOverrides                              : loaded 2 times (x 76B)
Class org.gradle.tooling.internal.adapter.ProtocolToModelAdapter$SupportedPropertyInvoker: loaded 2 times (x 76B)
Class com.google.common.collect.Iterators$SingletonIterator                           : loaded 2 times (x 81B)
Class com.google.common.cache.LocalCache$1                                            : loaded 2 times (x 89B)
Class com.google.common.base.Ascii                                                    : loaded 2 times (x 71B)
Class org.jetbrains.kotlin.metadata.ProtoBuf$TypeParameter                            : loaded 2 times (x 130B)
Class org.jetbrains.kotlin.metadata.ProtoBuf$ValueParameter$1                         : loaded 2 times (x 144B)
Class [Lorg.jetbrains.kotlin.protobuf.WireFormat$FieldType;                           : loaded 2 times (x 69B)
Class org.jetbrains.kotlin.protobuf.WireFormat$FieldType$2                            : loaded 2 times (x 83B)
Class jdk.internal.jimage.ImageReader$SharedImageReader                               : loaded 2 times (x 95B)
Class [Lcom.google.common.base.Supplier;                                              : loaded 2 times (x 69B)
Class org.jetbrains.kotlin.utils.DescriptionAware                                     : loaded 2 times (x 70B)
Class com.google.common.collect.HashBiMap$BiEntry                                     : loaded 2 times (x 83B)
Class com.android.builder.model.v2.models.ndk.NativeModule                            : loaded 2 times (x 70B)
Class com.google.common.collect.AbstractListMultimap                                  : loaded 2 times (x 172B)
Class [Lorg.objectweb.asm.SymbolTable$Entry;                                          : loaded 2 times (x 69B)
Class com.google.common.cache.CacheLoader                                             : loaded 2 times (x 74B)
Class org.gradle.internal.installation.GradleInstallation$1                           : loaded 2 times (x 75B)
Class org.gradle.api.internal.classpath.ModuleRegistry                                : loaded 2 times (x 70B)
Class androidx.room.writer.FieldReadWriteWriter$Node                                  : loaded 2 times (x 72B)
Class androidx.room.parser.SQLiteParser$Conflict_clauseContext                        : loaded 2 times (x 158B)
Class org.sqlite.jdbc3.JDBC3ResultSet                                                 : loaded 2 times (x 164B)
Class androidx.room.processor.PojoProcessor$chooseConstructor$goodConstructors$1$params$1$matches$1: loaded 2 times (x 79B)
Class androidx.room.compiler.processing.javac.kotlin.KmClassContainer$primaryConstructorSignature$2: loaded 2 times (x 79B)
Class androidx.room.jarjarred.kotlinx.metadata.internal.protobuf.GeneratedMessageLite$ExtensionDescriptor: loaded 2 times (x 84B)
Class androidx.room.jarjarred.kotlinx.metadata.internal.protobuf.GeneratedMessageLite$GeneratedExtension: loaded 2 times (x 79B)
Class org.apache.commons.io.FileExistsException                                       : loaded 2 times (x 82B)
Class kotlin.text.StringsKt__IndentKt$getIndentFunction$1                             : loaded 2 times (x 78B)
Class com.google.auto.common.Overrides$NativeOverrides                                : loaded 2 times (x 74B)
Class jdk.internal.jrtfs.JrtFileSystemProvider                                        : loaded 2 times (x 101B)
Class org.jetbrains.kotlin.load.kotlin.header.ReadKotlinClassHeaderAnnotationVisitor$CollectStringArrayAnnotationVisitor: loaded 2 times (x 85B)
Class [Lkotlin.Function;                                                              : loaded 2 times (x 69B)
Class org.jetbrains.kotlin.tooling.core.InternerImpl$Store$Strong                     : loaded 2 times (x 76B)
Class org.jetbrains.kotlin.idea.gradleTooling.reflect.KotlinCompilerArgumentsResolverReflection: loaded 2 times (x 70B)
Class org.jetbrains.plugins.gradle.tooling.serialization.ExternalTestsSerializationService$1: loaded 2 times (x 76B)
Class org.jetbrains.kotlin.protobuf.WireFormat$FieldType$3                            : loaded 2 times (x 83B)
Class androidx.room.compiler.processing.javac.JavacTypeElement$_declaredMethods$2     : loaded 2 times (x 79B)
Class jdk.internal.jimage.decompressor.ResourceDecompressorFactory                    : loaded 2 times (x 74B)
Class org.apache.commons.io.output.NullWriter                                         : loaded 2 times (x 99B)
Class com.google.common.base.Splitter$SplittingIterator                               : loaded 2 times (x 84B)
Class com.android.builder.model.v2.ide.PrivacySandboxSdkInfo                          : loaded 2 times (x 70B)
Class com.google.common.util.concurrent.internal.InternalFutureFailureAccess          : loaded 2 times (x 72B)
Class com.android.ide.common.repository.AgpVersion$PreviewKind$Companion              : loaded 2 times (x 71B)
Class com.google.common.collect.ImmutableSet$JdkBackedSetBuilderImpl                  : loaded 2 times (x 76B)
Class org.gradle.tooling.internal.adapter.ObjectGraphAdapter                          : loaded 2 times (x 70B)
Class com.squareup.javapoet.JavaFile$1                                                : loaded 2 times (x 79B)
Class androidx.room.solver.query.result.CoroutineFlowResultBinder$convertAndReturn$callableImpl$1: loaded 2 times (x 79B)
Class androidx.room.writer.PreparedStatementWriter                                    : loaded 2 times (x 72B)
Class androidx.room.solver.query.result.QueryResultAdapter                            : loaded 2 times (x 73B)
Class androidx.room.parser.SQLiteParser$Create_view_stmtContext                       : loaded 2 times (x 167B)
Class androidx.room.jarjarred.org.antlr.v4.runtime.atn.LexerATNConfig                 : loaded 2 times (x 75B)
Class androidx.room.jarjarred.org.antlr.v4.runtime.atn.RuleStopState                  : loaded 2 times (x 82B)
Class androidx.room.Dao                                                               : loaded 2 times (x 70B)
Class org.sqlite.date.FormatCache$MultipartKey                                        : loaded 2 times (x 72B)
Class [Lorg.sqlite.SQLiteConfig$Pragma;                                               : loaded 2 times (x 69B)
Class [Landroidx.room.jarjarred.kotlinx.metadata.internal.metadata.ProtoBuf$Effect$EffectType;: loaded 2 times (x 69B)
Class androidx.room.parser.SqlParser$Companion                                        : loaded 2 times (x 71B)
Class androidx.room.compiler.processing.JavaPoetExtKt                                 : loaded 2 times (x 71B)
Class androidx.room.jarjarred.kotlinx.metadata.internal.FlagDelegatesImplKt$valueParameterBooleanFlag$1: loaded 2 times (x 137B)
Class androidx.room.jarjarred.kotlinx.metadata.Attributes$isReified$2                 : loaded 2 times (x 137B)
Class androidx.room.jarjarred.kotlinx.metadata.internal.metadata.jvm.deserialization.JvmMemberSignature: loaded 2 times (x 74B)
Class androidx.room.jarjarred.kotlinx.metadata.jvm.JvmClassExtensionVisitor$Companion : loaded 2 times (x 71B)
Class androidx.room.solver.types.PrimitiveBooleanToIntConverter$create$2              : loaded 2 times (x 75B)
Class androidx.room.processor.PojoProcessor$Companion                                 : loaded 2 times (x 71B)
Class androidx.room.solver.ObservableQueryResultBinderProvider                        : loaded 2 times (x 79B)
Class androidx.room.compiler.processing.javac.JavacTypeElement$enclosingTypeElement$2 : loaded 2 times (x 79B)
Class androidx.room.jarjarred.kotlinx.metadata.internal.metadata.ProtoBuf$TypeParameterOrBuilder: loaded 2 times (x 70B)
Class Build_gradle$1$2$1                                                              : loaded 2 times (x 79B)
Class androidx.room.jarjarred.kotlinx.metadata.Visibility                             : loaded 2 times (x 79B)
Class androidx.room.jarjarred.kotlinx.metadata.jvm.JvmPropertyExtensionVisitor        : loaded 2 times (x 82B)
Class androidx.room.compiler.processing.javac.JavacMethodParameter$name$2             : loaded 2 times (x 79B)
Class androidx.room.vo.Pojo                                                           : loaded 2 times (x 76B)
Class androidx.room.parser.SQLiteParser$Create_index_stmtContext                      : loaded 2 times (x 170B)
Class org.jetbrains.kotlin.descriptors.Visibilities$Internal                          : loaded 2 times (x 79B)
Class org.jetbrains.kotlin.metadata.ProtoBuf$Contract$1                               : loaded 2 times (x 144B)
Class org.jetbrains.kotlin.metadata.ProtoBuf$Type$1                                   : loaded 2 times (x 144B)
Class org.jetbrains.kotlin.protobuf.WireFormat$FieldType$4                            : loaded 2 times (x 83B)
Class org.jetbrains.kotlin.metadata.jvm.JvmProtoBuf$JvmMethodSignature$1              : loaded 2 times (x 144B)
Class org.jetbrains.kotlin.load.kotlin.FileBasedKotlinClass$3$1                       : loaded 2 times (x 77B)
Class androidx.room.parser.SQLiteParser$Result_columnContext                          : loaded 2 times (x 157B)
Class [Lorg.jetbrains.org.objectweb.asm.Type;                                         : loaded 2 times (x 69B)
Class com.google.common.collect.Iterators$6                                           : loaded 2 times (x 81B)
Class com.google.common.collect.HashBiMap$Inverse                                     : loaded 2 times (x 142B)
Class com.google.common.collect.ImmutableMultimap$Values                              : loaded 2 times (x 126B)
Class com.android.builder.model.v2.ide.Installation                                   : loaded 2 times (x 70B)
Class com.google.common.util.concurrent.AbstractFuture$UnsafeAtomicHelper             : loaded 2 times (x 78B)
Class com.google.common.cache.LocalCache$LocalManualCache$1                           : loaded 2 times (x 75B)
Class androidx.room.parser.SQLiteParser$Module_argumentContext                        : loaded 2 times (x 153B)
Class com.google.common.collect.ImmutableSortedAsList                                 : loaded 2 times (x 221B)
Class kotlin.text.RegexKt                                                             : loaded 2 times (x 71B)
Class androidx.room.vo.FieldWithIndex$Companion                                       : loaded 2 times (x 71B)
Class androidx.room.vo.Database$legacyIdentityHash$2                                  : loaded 2 times (x 79B)
Class androidx.room.vo.Database$implTypeName$2                                        : loaded 2 times (x 79B)
Class androidx.room.parser.SQLiteParser$Create_trigger_stmtContext                    : loaded 2 times (x 194B)
Class [[Landroidx.room.jarjarred.org.antlr.v4.runtime.atn.ATNConfig;                  : loaded 2 times (x 69B)
Class androidx.room.processor.InternalQueryProcessor                                  : loaded 2 times (x 72B)
Class androidx.room.processor.FieldProcessor$WhenMappings                             : loaded 2 times (x 71B)
Class androidx.room.jarjarred.kotlinx.metadata.jvm.internal.JvmExtensionNodesKt       : loaded 2 times (x 71B)
Class androidx.room.jarjarred.kotlinx.metadata.jvm.JvmFieldSignature                  : loaded 2 times (x 74B)
Class androidx.room.jarjarred.kotlinx.metadata.Attributes$visibility$18               : loaded 2 times (x 137B)
Class androidx.room.jarjarred.kotlinx.metadata.jvm.internal.JvmFunctionExtension      : loaded 2 times (x 85B)
Class androidx.room.jarjarred.kotlinx.metadata.internal.protobuf.SmallSortedMap$Entry : loaded 2 times (x 88B)
Class androidx.room.jarjarred.kotlinx.metadata.internal.metadata.ProtoBuf$Package$1   : loaded 2 times (x 144B)
Class androidx.room.jarjarred.kotlinx.metadata.internal.metadata.ProtoBuf$TypeParameter: loaded 2 times (x 130B)
Class androidx.room.compiler.processing.javac.JavacClassGetter                        : loaded 2 times (x 70B)
Class [Landroidx.room.compiler.codegen.VisibilityModifier;                            : loaded 2 times (x 69B)
Class androidx.room.AutoMigration                                                     : loaded 2 times (x 70B)
Class androidx.room.compiler.processing.javac.JavacAnnotationBoxKt$ANNOTATION_VALUE_CHAR_ARR_VISITOR$1: loaded 2 times (x 105B)
Class [Landroidx.room.compiler.codegen.XTypeName;                                     : loaded 2 times (x 69B)
Class [Landroidx.room.solver.RxVersion;                                               : loaded 2 times (x 69B)
Class androidx.room.compiler.codegen.XPropertySpec$Companion$WhenMappings             : loaded 2 times (x 71B)
Class androidx.room.writer.DaoWriter$createPreparedQueryMethodBody$1                  : loaded 2 times (x 79B)
Class org.gradle.internal.service.ServiceLocator                                      : loaded 2 times (x 70B)
Class [Lorg.objectweb.asm.Type;                                                       : loaded 2 times (x 69B)
Class com.google.common.collect.Platform                                              : loaded 2 times (x 71B)
Class com.android.builder.model.v2.ide.TestInfo$Execution                             : loaded 2 times (x 79B)
Class org.jetbrains.kotlin.config.LanguageOrApiVersion                                : loaded 2 times (x 70B)
Class jdk.internal.jimage.ImageReader$Node                                            : loaded 2 times (x 84B)
Class org.jetbrains.kotlin.config.AnalysisFlag                                        : loaded 2 times (x 72B)
Class com.android.builder.model.v2.models.ModelBuilderParameter                       : loaded 2 times (x 70B)
Class org.jetbrains.kotlin.build.report.metrics.GradleBuildTime                       : loaded 2 times (x 86B)
Class com.google.common.collect.Lists$TransformingRandomAccessList                    : loaded 2 times (x 199B)
Class org.gradle.api.internal.classpath.DefaultModuleRegistry                         : loaded 2 times (x 86B)
Class org.jetbrains.kotlin.metadata.ProtoBuf$Constructor$1                            : loaded 2 times (x 144B)
Class androidx.room.compiler.codegen.XFunSpec$Builder$Companion$WhenMappings          : loaded 2 times (x 71B)
Class androidx.room.solver.shortcut.binder.CallableInsertMethodBinder$convertAndReturn$callableImpl$1: loaded 2 times (x 79B)
Class androidx.room.jarjarred.org.antlr.v4.runtime.atn.PredictionMode$AltAndContextMap: loaded 2 times (x 125B)
Class androidx.room.jarjarred.org.antlr.v4.runtime.atn.SemanticContext                : loaded 2 times (x 73B)
Class androidx.room.parser.SQLiteParser$KeywordContext                                : loaded 2 times (x 275B)
Class [Lorg.sqlite.SQLiteConfig$SynchronousMode;                                      : loaded 2 times (x 69B)
Class androidx.room.jarjarred.kotlinx.metadata.jvm.internal.JvmTypeParameterExtension : loaded 2 times (x 84B)
Class androidx.room.jarjarred.kotlinx.metadata.internal.metadata.ProtoBuf$Effect$InvocationKind$1: loaded 2 times (x 74B)
Class org.jetbrains.kotlin.metadata.ProtoBuf$PropertyOrBuilder                        : loaded 2 times (x 70B)
Class org.jetbrains.org.objectweb.asm.tree.LabelNode                                  : loaded 2 times (x 80B)
Class androidx.room.jarjarred.kotlinx.metadata.internal.FlagDelegatesImplKt$classBooleanFlag$1: loaded 2 times (x 137B)
Class [Landroidx.room.jarjarred.kotlinx.metadata.Modality;                            : loaded 2 times (x 69B)
Class androidx.room.jarjarred.kotlinx.metadata.Attributes$hasAnnotations$26           : loaded 2 times (x 137B)
Class androidx.room.jarjarred.kotlinx.metadata.KmConstructorExtensionVisitor          : loaded 2 times (x 70B)
Class androidx.room.jarjarred.kotlinx.metadata.internal.protobuf.CodedInputStream     : loaded 2 times (x 72B)
Class org.jetbrains.kotlin.metadata.jvm.JvmProtoBuf$StringTableTypes$1                : loaded 2 times (x 144B)
Class androidx.room.jarjarred.kotlinx.metadata.internal.metadata.ProtoBuf$ClassOrBuilder: loaded 2 times (x 70B)
Class androidx.room.jarjarred.kotlinx.metadata.internal.metadata.ProtoBuf$TypeParameter$1: loaded 2 times (x 144B)
Class androidx.room.jarjarred.kotlinx.metadata.internal.metadata.ProtoBuf$ValueParameter: loaded 2 times (x 128B)
Class org.jetbrains.kotlin.utils.CollectionsKt                                        : loaded 2 times (x 71B)
Class androidx.room.compiler.processing.javac.JavacTypeElement$DefaultJavacTypeElement: loaded 2 times (x 292B)
Class androidx.room.solver.binderprovider.RxQueryResultBinderProvider$rawRxType$2     : loaded 2 times (x 79B)
Class androidx.room.ext.RxJava3TypeNames                                              : loaded 2 times (x 71B)
Class androidx.room.solver.types.PrimitiveBooleanToIntConverter$create$1              : loaded 2 times (x 75B)
Class com.squareup.javapoet.TypeName                                                  : loaded 2 times (x 81B)
Class androidx.room.Relation                                                          : loaded 2 times (x 70B)
Class androidx.room.util.SimpleJavaVersion                                            : loaded 2 times (x 75B)
Class androidx.room.jarjarred.kotlinx.metadata.KmFunctionExtensionVisitor             : loaded 2 times (x 70B)
Class com.android.ide.gradle.model.dependencies.CoordinatesImpl                       : loaded 2 times (x 77B)
Class org.jetbrains.plugins.gradle.model.DefaultExternalLibraryDependency             : loaded 2 times (x 111B)
Class androidx.room.jarjarred.kotlinx.metadata.internal.EnumFlagDelegate              : loaded 2 times (x 72B)
Class androidx.room.solver.shortcut.result.InsertOrUpsertMethodAdapter$WhenMappings   : loaded 2 times (x 71B)
Class com.google.common.base.MoreObjects                                              : loaded 2 times (x 71B)
Class com.google.common.collect.BaseImmutableMultimap                                 : loaded 2 times (x 123B)
Class org.jetbrains.kotlin.metadata.deserialization.Flags$BooleanFlagField            : loaded 2 times (x 76B)
Class org.jetbrains.kotlin.metadata.ProtoBuf$Function$1                               : loaded 2 times (x 144B)
Class com.google.common.collect.EmptyImmutableListMultimap                            : loaded 2 times (x 176B)
Class org.jetbrains.kotlin.metadata.jvm.deserialization.JvmProtoBufUtil               : loaded 2 times (x 71B)
Class org.jetbrains.kotlin.load.kotlin.KotlinJvmBinaryClass$AnnotationVisitor         : loaded 2 times (x 70B)
Class org.jetbrains.kotlin.build.report.metrics.GradleBuildTime$Companion             : loaded 2 times (x 71B)
Class jdk.internal.jimage.BasicImageReader$1                                          : loaded 2 times (x 77B)
Class com.google.common.util.concurrent.ListenableFuture                              : loaded 2 times (x 70B)
Class com.google.common.cache.ReferenceEntry                                          : loaded 2 times (x 70B)
Class org.jetbrains.kotlin.config.LanguageFeature                                     : loaded 2 times (x 80B)
Class com.google.common.reflect.TypeResolver$TypeVariableKey                          : loaded 2 times (x 72B)
Class org.apache.commons.io.output.ByteArrayOutputStream                              : loaded 2 times (x 102B)
Class com.squareup.javapoet.ParameterSpec                                             : loaded 2 times (x 72B)
Class com.squareup.javapoet.FieldSpec$Builder                                         : loaded 2 times (x 72B)
Class androidx.room.jarjarred.org.antlr.v4.runtime.misc.FlexibleHashMap$Entry         : loaded 2 times (x 72B)
Class androidx.room.parser.SQLiteParser$Create_table_stmtContext                      : loaded 2 times (x 172B)
Class androidx.room.jarjarred.org.antlr.v4.runtime.atn.PrecedencePredicateTransition  : loaded 2 times (x 76B)
Class androidx.room.compiler.processing.XEnumTypeElement                              : loaded 2 times (x 70B)
Class [Lorg.sqlite.SQLiteOpenMode;                                                    : loaded 2 times (x 69B)
Class androidx.room.compiler.processing.javac.kotlin.KmClassContainer$constructorList$2: loaded 2 times (x 79B)
Class androidx.room.jarjarred.kotlinx.metadata.internal.metadata.ProtoBuf$Modality    : loaded 2 times (x 82B)
Class androidx.room.jarjarred.kotlinx.metadata.internal.extensions.KmFunctionExtension: loaded 2 times (x 70B)
Class androidx.room.jarjarred.kotlinx.metadata.internal.protobuf.SmallSortedMap       : loaded 2 times (x 130B)
Class jdk.internal.jrtfs.SystemImage$2                                                : loaded 2 times (x 76B)
Class org.jetbrains.kotlin.metadata.jvm.JvmProtoBuf$StringTableTypes                  : loaded 2 times (x 110B)
Class org.jetbrains.kotlin.descriptors.DescriptorVisibilities$9                       : loaded 2 times (x 79B)
Class org.jetbrains.kotlin.idea.gradleTooling.ModelBuilderUtilsKt                     : loaded 2 times (x 71B)
Class com.google.auto.common.MoreTypes$ArrayTypeVisitor                               : loaded 2 times (x 102B)
Class kotlin.reflect.jvm.internal.KClassImpl$Data$allMembers$2                        : loaded 2 times (x 79B)
Class com.squareup.kotlinpoet.ClassName$Companion                                     : loaded 2 times (x 71B)
Class androidx.room.compiler.processing.javac.JavacBasicAnnotationProcessor           : loaded 2 times (x 98B)
Class com.intellij.gradle.toolingExtension.impl.model.repositoryModel.DefaultProjectRepositoriesModel: loaded 2 times (x 76B)
Class com.google.auto.common.MoreTypes$PrimitiveTypeVisitor                           : loaded 2 times (x 102B)
Class androidx.room.ext.RoomRxJava3TypeNames                                          : loaded 2 times (x 71B)
Class androidx.room.compiler.processing.javac.JavacAnnotationBoxKt$ANNOTATION_VALUE_FLOAT_ARR_VISITOR$1: loaded 2 times (x 105B)
Class [Lcom.android.builder.model.v2.ide.CodeShrinker;                                : loaded 2 times (x 69B)
Class com.google.common.collect.AbstractMapBasedMultimap                              : loaded 2 times (x 139B)
Class com.google.common.util.concurrent.AbstractFuture                                : loaded 2 times (x 106B)
Class androidx.room.writer.FieldReadWriteWriter$Companion$construct$args$1            : loaded 2 times (x 78B)
Class org.apache.commons.codec.Decoder                                                : loaded 2 times (x 70B)
Class androidx.room.solver.prepared.result.PreparedQueryResultAdapter                 : loaded 2 times (x 72B)
Class androidx.room.parser.SQLiteParser$NameContext                                   : loaded 2 times (x 152B)
Class androidx.room.jarjarred.org.antlr.v4.runtime.atn.ATNConfigSet$AbstractConfigHashSet: loaded 2 times (x 140B)
Class androidx.room.jarjarred.org.antlr.v4.runtime.atn.BlockEndState                  : loaded 2 times (x 82B)
Class androidx.room.jarjarred.org.antlr.v4.runtime.atn.SingletonPredictionContext     : loaded 2 times (x 80B)
Class [Landroidx.room.jarjarred.kotlinx.metadata.internal.metadata.ProtoBuf$Type$Argument$Projection;: loaded 2 times (x 69B)
Class androidx.room.compiler.processing.javac.JavacConstructorElement$parameters$2    : loaded 2 times (x 79B)
Class androidx.room.compiler.processing.javac.kotlin.KmClassContainer$propertyList$2  : loaded 2 times (x 79B)
Class androidx.room.compiler.processing.javac.kotlin.KmClassContainer$superType$2     : loaded 2 times (x 79B)
Class androidx.room.jarjarred.kotlinx.metadata.internal.metadata.jvm.JvmProtoBuf$JvmFieldSignature$1: loaded 2 times (x 144B)
Class androidx.room.jarjarred.kotlinx.metadata.internal.protobuf.WireFormat$FieldType$1: loaded 2 times (x 83B)
Class androidx.room.processor.EntityOrViewProcessor                                   : loaded 2 times (x 70B)
Class androidx.room.solver.types.ByteArrayColumnTypeAdapter                           : loaded 2 times (x 85B)
Class kotlin.reflect.jvm.internal.CachesKt$CACHE_FOR_NULLABLE_BASE_CLASSIFIERS$1      : loaded 2 times (x 78B)
Class androidx.room.jarjarred.kotlinx.metadata.Attributes$hasAnnotations$18           : loaded 2 times (x 137B)
Class androidx.room.compiler.processing.javac.JavacMethodType$typeVariableNames$2     : loaded 2 times (x 79B)
Class org.sqlite.date.FastDatePrinter$PaddedNumberField                               : loaded 2 times (x 80B)
Class androidx.room.compiler.processing.KnownTypeNames                                : loaded 2 times (x 71B)
Class androidx.room.solver.shortcut.result.InsertOrUpsertMethodAdapter$ReturnInfo     : loaded 2 times (x 79B)
Class androidx.room.migration.bundle.PrimaryKeyBundle                                 : loaded 2 times (x 79B)
Class com.squareup.javapoet.TypeSpec$Builder                                          : loaded 2 times (x 72B)
Class org.jetbrains.kotlin.descriptors.Visibilities$Private                           : loaded 2 times (x 79B)
Class kotlin.io.FileTreeWalk$FileTreeWalkIterator$SingleFileState                     : loaded 2 times (x 74B)
Class com.google.common.io.CharStreams                                                : loaded 2 times (x 71B)
Class com.google.common.reflect.TypeResolver$TypeTable                                : loaded 2 times (x 73B)
Class org.jetbrains.kotlin.config.ExplicitApiMode                                     : loaded 2 times (x 79B)
Class com.google.common.collect.ImmutableMultiset                                     : loaded 2 times (x 163B)
Class org.objectweb.asm.RecordComponentVisitor                                        : loaded 2 times (x 77B)
Class com.google.common.cache.CacheLoader$SupplierToCacheLoader                       : loaded 2 times (x 75B)
Class org.gradle.util.internal.DefaultGradleVersion$Stage                             : loaded 2 times (x 75B)
Class androidx.room.writer.DaoWriter$createDeletionMethods$1                          : loaded 2 times (x 79B)
Class androidx.room.jarjarred.org.antlr.v4.runtime.misc.IntSet                        : loaded 2 times (x 70B)
Class com.squareup.javapoet.MethodSpec                                                : loaded 2 times (x 72B)
Class org.sqlite.core.CoreStatement                                                   : loaded 2 times (x 81B)
Class androidx.room.jarjarred.kotlinx.metadata.internal.metadata.ProtoBuf$Effect$EffectType$1: loaded 2 times (x 74B)
Class androidx.room.compiler.processing.XTypeKt                                       : loaded 2 times (x 71B)
Class androidx.room.vo.FieldWithIndex                                                 : loaded 2 times (x 72B)
Class androidx.room.compiler.processing.javac.JavacPackageElement$name$2              : loaded 2 times (x 79B)
Class androidx.room.jarjarred.kotlinx.metadata.internal.metadata.jvm.JvmProtoBuf$JvmPropertySignature$Builder: loaded 2 times (x 141B)
Class androidx.room.jarjarred.kotlinx.metadata.internal.metadata.jvm.deserialization.BitEncoding: loaded 2 times (x 71B)
Class androidx.room.jarjarred.kotlinx.metadata.internal.protobuf.ExtensionRegistryLite$ObjectIntPair: loaded 2 times (x 72B)
Class androidx.room.jarjarred.kotlinx.metadata.internal.protobuf.WireFormat$FieldType$2: loaded 2 times (x 83B)
Class androidx.room.jarjarred.kotlinx.metadata.jvm.JvmDeclarationContainerExtensionVisitor: loaded 2 times (x 81B)
Class androidx.room.processor.CustomConverterProcessor$Companion                      : loaded 2 times (x 71B)
Class [Landroidx.room.solver.shortcut.binderprovider.DeleteOrUpdateMethodBinderProvider;: loaded 2 times (x 69B)
Class androidx.room.solver.prepared.binderprovider.GuavaListenableFuturePreparedQueryResultBinderProvider$hasGuavaRoom$2: loaded 2 times (x 79B)
Class [Landroidx.room.compiler.codegen.XClassName;                                    : loaded 2 times (x 69B)
Class androidx.room.RewriteQueriesToDropUnusedColumns                                 : loaded 2 times (x 70B)
Class androidx.room.Upsert                                                            : loaded 2 times (x 70B)
Class com.squareup.kotlinpoet.UtilKt                                                  : loaded 2 times (x 71B)
Class com.google.common.cache.CacheLoader$FunctionToCacheLoader                       : loaded 2 times (x 75B)
Class androidx.room.RoomProcessor                                                     : loaded 2 times (x 98B)
Class org.jetbrains.plugins.gradle.model.DefaultGradleProperty                        : loaded 2 times (x 78B)
Class org.jetbrains.kotlin.idea.gradleTooling.GetAdditionalVisibleSourceSetsKt        : loaded 2 times (x 71B)
Class com.google.common.collect.ImmutableListMultimap                                 : loaded 2 times (x 176B)
Class com.google.common.reflect.Types$ParameterizedTypeImpl                           : loaded 2 times (x 81B)
Class com.google.common.collect.Maps$IteratorBasedAbstractMap$1                       : loaded 2 times (x 138B)
Class org.jetbrains.kotlin.metadata.ProtoBuf$Annotation$1                             : loaded 2 times (x 144B)
Class org.jetbrains.kotlin.protobuf.AbstractParser                                    : loaded 2 times (x 144B)
Class org.apache.commons.io.output.UnsynchronizedByteArrayOutputStream                : loaded 2 times (x 102B)
Class jdk.internal.jrtfs.SystemImage$1                                                : loaded 2 times (x 78B)
Class jdk.internal.jimage.decompressor.Decompressor                                   : loaded 2 times (x 72B)
Class jdk.internal.jimage.ImageReader$Resource                                        : loaded 2 times (x 84B)
Class org.jetbrains.kotlin.cli.common.CompilerSystemProperties$value$1                : loaded 2 times (x 125B)
Class com.google.common.reflect.TypeResolver$TypeTable$1                              : loaded 2 times (x 73B)
Class com.google.common.collect.UsingToStringOrdering                                 : loaded 2 times (x 114B)
Class kotlin.text.MatchNamedGroupCollection                                           : loaded 2 times (x 70B)
Class org.gradle.internal.time.MonotonicClock                                         : loaded 2 times (x 77B)
Class org.gradle.internal.service.ServiceLookupException                              : loaded 2 times (x 82B)
Class org.jetbrains.kotlin.resolve.jvm.JvmClassName                                   : loaded 2 times (x 76B)
Class androidx.room.vo.ColumnIndexVar                                                 : loaded 2 times (x 72B)
Class androidx.room.processor.InternalQueryProcessor$getQueryMethod$resultBinder$1    : loaded 2 times (x 79B)
Class androidx.room.jarjarred.org.antlr.v4.runtime.atn.LexerActionExecutor            : loaded 2 times (x 75B)
Class org.sqlite.SQLiteConnection                                                     : loaded 2 times (x 222B)
Class org.sqlite.core.DB$ProgressObserver                                             : loaded 2 times (x 70B)
Class androidx.room.compiler.processing.javac.JavacConstructorElement$kotlinMetadata$2: loaded 2 times (x 79B)
Class org.jetbrains.kotlin.metadata.jvm.JvmProtoBuf$StringTableTypes$RecordOrBuilder  : loaded 2 times (x 70B)
Class [Landroidx.room.jarjarred.kotlinx.metadata.internal.metadata.ProtoBuf$TypeParameter$Variance;: loaded 2 times (x 69B)
Class androidx.room.jarjarred.kotlinx.metadata.internal.protobuf.WireFormat$FieldType$3: loaded 2 times (x 83B)
Class androidx.room.jarjarred.kotlinx.metadata.internal.protobuf.SmallSortedMap$EmptySet: loaded 2 times (x 71B)
Class androidx.room.jarjarred.kotlinx.metadata.KmExtensionVisitor                     : loaded 2 times (x 70B)
Class androidx.room.jarjarred.kotlinx.metadata.KmDeclarationContainer                 : loaded 2 times (x 70B)
Class androidx.room.solver.types.ColumnTypeAdapter$outTypeName$2                      : loaded 2 times (x 79B)
Class com.squareup.javapoet.LineWrapper                                               : loaded 2 times (x 72B)
Class com.squareup.kotlinpoet.TypeName$cachedString$2                                 : loaded 2 times (x 79B)
Class androidx.room.compiler.processing.javac.JavacTypeElement$enclosingElement$2     : loaded 2 times (x 79B)
Class org.gradle.internal.impldep.com.google.common.base.ExtraObjectsMethodsForWeb    : loaded 2 times (x 71B)
Class [Lorg.jetbrains.kotlin.tooling.core.KotlinToolingVersion$Maturity;              : loaded 2 times (x 69B)
Class org.jetbrains.kotlin.metadata.ProtoBuf$MemberKind$1                             : loaded 2 times (x 74B)
Class org.jetbrains.kotlin.descriptors.DescriptorVisibilities$8                       : loaded 2 times (x 79B)
Class org.jetbrains.kotlin.idea.gradleTooling.KotlinTaskPropertiesImpl                : loaded 2 times (x 78B)
Class [Lorg.jetbrains.kotlin.protobuf.Internal$EnumLite;                              : loaded 2 times (x 69B)
Class jdk.internal.jrtfs.JrtFileAttributes                                            : loaded 2 times (x 83B)
Class com.google.common.base.CharMatcher$JavaLetter                                   : loaded 2 times (x 111B)
Class org.jetbrains.plugins.gradle.tooling.serialization.GradleExtensionsSerializationService$3: loaded 2 times (x 76B)
Class com.android.ide.gradle.model.dependencies.DeclaredDependenciesImpl              : loaded 2 times (x 76B)
Class [Lcom.google.common.cache.LocalCache$EntryFactory;                              : loaded 2 times (x 69B)
Class kotlin.sequences.SequencesKt___SequencesKt$sortedWith$1                         : loaded 2 times (x 75B)
Class org.gradle.internal.classloader.ClassLoaderFactory                              : loaded 2 times (x 70B)
Class org.apache.commons.codec.digest.DigestUtils                                     : loaded 2 times (x 85B)
Class androidx.room.parser.QueryVisitor$Companion                                     : loaded 2 times (x 71B)
Class androidx.room.parser.SQLiteParser$With_clauseContext                            : loaded 2 times (x 157B)
Class [Landroidx.room.jarjarred.org.antlr.v4.runtime.misc.Interval;                   : loaded 2 times (x 69B)
Class androidx.room.jarjarred.org.antlr.v4.runtime.atn.LexerAction                    : loaded 2 times (x 70B)
Class androidx.room.processor.QueryMethodProcessor$process$1                          : loaded 2 times (x 79B)
Class org.sqlite.date.FastDateParser$TimeZoneStrategy                                 : loaded 2 times (x 77B)
Class org.sqlite.date.FastDateParser$NumberStrategy                                   : loaded 2 times (x 78B)
Class [Landroidx.room.jarjarred.kotlinx.metadata.internal.metadata.ProtoBuf$Expression$ConstantValue;: loaded 2 times (x 69B)
Class com.android.ide.gradle.model.composites.BuildMapImpl                            : loaded 2 times (x 75B)
Class androidx.room.jarjarred.kotlinx.metadata.internal.protobuf.WireFormat$FieldType$4: loaded 2 times (x 83B)
Class androidx.room.compiler.processing.KClassExtKt                                   : loaded 2 times (x 71B)
Class androidx.room.ext.RxJava2TypeNames                                              : loaded 2 times (x 71B)
Class androidx.room.processor.Context$useNullAwareConverter$2                         : loaded 2 times (x 79B)
Class kotlin.reflect.jvm.internal.KClassImpl$data$1                                   : loaded 2 times (x 79B)
Class [Landroidx.room.processor.Context$ProcessorOptions;                             : loaded 2 times (x 69B)
Class com.android.ide.gradle.model.builder.LegacyAndroidGradlePluginPropertiesModelBuilder$PluginType: loaded 2 times (x 79B)
Class com.intellij.gradle.toolingExtension.impl.model.dependencyModel.auxiliary.AuxiliaryArtifactResolverImpl: loaded 2 times (x 76B)
Class kotlin.reflect.jvm.internal.KPropertyImpl$_javaField$1                          : loaded 2 times (x 79B)
Class androidx.room.compiler.processing.javac.JavacTypeElement                        : loaded 2 times (x 292B)
Class androidx.room.jarjarred.kotlinx.metadata.internal.metadata.jvm.JvmProtoBuf      : loaded 2 times (x 71B)
Class androidx.room.jarjarred.kotlinx.metadata.internal.protobuf.ByteString           : loaded 2 times (x 108B)
Class androidx.room.jarjarred.kotlinx.metadata.internal.metadata.ProtoBuf$Contract    : loaded 2 times (x 107B)
Class androidx.room.jarjarred.kotlinx.metadata.internal.metadata.ProtoBuf$Visibility  : loaded 2 times (x 82B)
Class org.apache.commons.io.CloseableURLConnection                                    : loaded 2 times (x 116B)
Class com.google.common.collect.ImmutableMap$SerializedForm                           : loaded 2 times (x 73B)
Class org.jetbrains.kotlin.com.intellij.util.lang.JavaVersion                         : loaded 2 times (x 74B)
Class com.android.builder.model.v2.ide.LibraryInfo                                    : loaded 2 times (x 70B)
Class com.google.common.cache.LocalCache$LocalManualCache                             : loaded 2 times (x 99B)
Class androidx.room.compiler.processing.javac.JavacMethodElement$name$2               : loaded 2 times (x 79B)
Class org.gradle.internal.service.CachingServiceLocator                               : loaded 2 times (x 82B)
Class androidx.room.compiler.processing.MethodSpecHelper                              : loaded 2 times (x 71B)
Class androidx.room.processor.DaoProcessor$process$transactionMethods$1               : loaded 2 times (x 78B)
Class androidx.room.solver.prepared.result.PreparedQueryResultAdapter$Companion       : loaded 2 times (x 71B)
Class androidx.room.compiler.processing.javac.JavacMethodType$SuspendMethodType       : loaded 2 times (x 94B)
Class androidx.room.jarjarred.org.antlr.v4.runtime.atn.PredictionMode$AltAndContextConfigEqualityComparator: loaded 2 times (x 77B)
Class androidx.room.parser.SQLiteParser$Column_aliasContext                           : loaded 2 times (x 153B)
Class androidx.room.compiler.processing.javac.JavacRawType                            : loaded 2 times (x 79B)
Class org.sqlite.core.NativeDB                                                        : loaded 2 times (x 143B)
Class androidx.room.jarjarred.kotlinx.metadata.internal.extensions.KmTypeParameterExtension: loaded 2 times (x 70B)
Class androidx.room.compiler.processing.ksp.KSTypeJavaPoetExtKt                       : loaded 2 times (x 71B)
Class androidx.room.compiler.processing.javac.JavacExecutableType$parameterTypes$2    : loaded 2 times (x 79B)
Class androidx.room.jarjarred.kotlinx.metadata.KmClassifier                           : loaded 2 times (x 71B)
Class androidx.room.jarjarred.kotlinx.metadata.internal.metadata.ProtoBuf$Package     : loaded 2 times (x 129B)
Class androidx.room.jarjarred.kotlinx.metadata.KmClassExtensionVisitor                : loaded 2 times (x 70B)
Class androidx.room.solver.binderprovider.GuavaListenableFutureQueryResultBinderProviderImpl: loaded 2 times (x 76B)
Class com.squareup.javapoet.WildcardTypeName                                          : loaded 2 times (x 81B)
Class com.google.auto.common.SuperficialValidation                                    : loaded 2 times (x 71B)
Class androidx.room.compiler.processing.javac.JavacTypeElement$_declaredFields$2      : loaded 2 times (x 79B)
Class kotlin.reflect.jvm.internal.CachesKt$CACHE_FOR_GENERIC_CLASSIFIERS$1            : loaded 2 times (x 78B)
Class androidx.room.compiler.processing.javac.JavacMethodParameter$kotlinMetadata$2   : loaded 2 times (x 79B)
Class androidx.room.compiler.processing.javac.JavacBasicAnnotationProcessor$steps$2   : loaded 2 times (x 79B)
Class org.jetbrains.kotlin.tooling.core.KotlinToolingVersionKt                        : loaded 2 times (x 71B)
Class org.jetbrains.kotlin.tooling.core.InternerImpl$Store                            : loaded 2 times (x 70B)
Class org.sqlite.jdbc3.JDBC3Connection                                                : loaded 2 times (x 223B)
Class org.sqlite.date.DatePrinter                                                     : loaded 2 times (x 70B)
Class androidx.room.processor.DaoProcessor$process$methods$1                          : loaded 2 times (x 78B)
Class org.jetbrains.kotlin.descriptors.Visibilities$Public                            : loaded 2 times (x 79B)
Class org.jetbrains.kotlin.protobuf.ExtensionRegistryLite$ObjectIntPair               : loaded 2 times (x 72B)
Class org.jetbrains.kotlin.metadata.ProtoBuf$Class$1                                  : loaded 2 times (x 144B)
Class org.jetbrains.kotlin.load.kotlin.header.ReadKotlinClassHeaderAnnotationVisitor$KotlinMetadataArgumentVisitor$1: loaded 2 times (x 85B)
Class com.google.common.collect.Streams                                               : loaded 2 times (x 71B)
Class com.google.common.collect.AbstractMapBasedMultimap$KeySet                       : loaded 2 times (x 137B)
Class androidx.room.verifier.Jdbc_extKt                                               : loaded 2 times (x 71B)
Class com.google.common.math.IntMath                                                  : loaded 2 times (x 71B)
Class kotlin.collections.AbstractList$SubList                                         : loaded 2 times (x 198B)
Class androidx.room.vo.DaoMethod                                                      : loaded 2 times (x 72B)
Class com.google.auto.common.GeneratedAnnotations                                     : loaded 2 times (x 71B)
Class androidx.room.compiler.codegen.java.JavaPropertySpec$Builder                    : loaded 2 times (x 81B)
Class androidx.room.processor.DaoProcessor$process$transactionMethods$2               : loaded 2 times (x 79B)
Class androidx.room.solver.shortcut.result.InsertOrUpsertMethodAdapter$Companion      : loaded 2 times (x 71B)
Class androidx.room.processor.ShortcutMethodProcessor                                 : loaded 2 times (x 72B)
Class androidx.room.parser.SQLiteParser$Drop_view_stmtContext                         : loaded 2 times (x 158B)
Class androidx.room.jarjarred.org.antlr.v4.runtime.tree.SyntaxTree                    : loaded 2 times (x 70B)
Class com.google.auto.common.Overrides$ExplicitOverrides$TypeSubstVisitor             : loaded 2 times (x 106B)
Class androidx.room.compiler.processing.javac.kotlin.JvmAbi                           : loaded 2 times (x 71B)
Class androidx.room.jarjarred.kotlinx.metadata.internal.FlagImplKt                    : loaded 2 times (x 71B)
Class androidx.room.processor.PojoProcessor$Delegate                                  : loaded 2 times (x 70B)
Class androidx.room.ext.Xpoet_extKt$ArrayLiteral$1$placeholders$1                     : loaded 2 times (x 78B)
Class org.gradle.internal.classloader.InstrumentingClassLoader                        : loaded 2 times (x 70B)
Class org.gradle.internal.classpath.TransformedClassPath                              : loaded 2 times (x 96B)
Class [Landroidx.room.solver.shortcut.binderprovider.InsertOrUpsertMethodBinderProvider;: loaded 2 times (x 69B)
Class androidx.room.compiler.processing.javac.DefaultJavacType                        : loaded 2 times (x 187B)
Class com.google.common.cache.CacheBuilder$NullListener                               : loaded 2 times (x 82B)
Class org.objectweb.asm.FieldWriter                                                   : loaded 2 times (x 78B)
Class com.google.common.reflect.Invokable                                             : loaded 2 times (x 103B)
Class com.intellij.gradle.toolingExtension.impl.model.buildScriptClasspathModel.GradleBuildScriptClasspathSerializationService$1: loaded 2 times (x 76B)
Class com.google.common.collect.MapMaker$Dummy                                        : loaded 2 times (x 79B)
Class org.jetbrains.kotlin.descriptors.DescriptorVisibilities$7                       : loaded 2 times (x 79B)
Class org.jetbrains.kotlin.idea.gradleTooling.reflect.ParameterList                   : loaded 2 times (x 173B)
Class com.intellij.gradle.toolingExtension.impl.modelBuilder.DefaultMessageReporter   : loaded 2 times (x 75B)
Class org.jetbrains.kotlin.metadata.jvm.JvmProtoBuf$StringTableTypes$Record$1         : loaded 2 times (x 144B)
Class org.jetbrains.org.objectweb.asm.tree.AnnotationNode                             : loaded 2 times (x 79B)
Class org.jetbrains.kotlin.load.kotlin.header.ReadKotlinClassHeaderAnnotationVisitor$KotlinMetadataArgumentVisitor$2: loaded 2 times (x 85B)
Class org.jetbrains.kotlin.build.report.metrics.BuildTime                             : loaded 2 times (x 70B)
Class com.google.common.collect.MapMakerInternalMap$InternalEntry                     : loaded 2 times (x 70B)
Class [Lcom.google.common.collect.HashBiMap$BiEntry;                                  : loaded 2 times (x 69B)
Class com.google.common.reflect.Types$TypeVariableInvocationHandler                   : loaded 2 times (x 75B)
Class [Lorg.gradle.api.JavaVersion;                                                   : loaded 2 times (x 69B)
Class org.gradle.tooling.model.idea.IdeaDependencyScope                               : loaded 2 times (x 70B)
Class org.gradle.internal.time.TimeSource                                             : loaded 2 times (x 70B)
Class org.gradle.tooling.model.kotlin.dsl.KotlinDslScriptsModel                       : loaded 2 times (x 70B)
Class org.jetbrains.plugins.gradle.tooling.serialization.GradleExtensionsSerializationService$2: loaded 2 times (x 76B)
Class androidx.room.vo.BuiltInConverterFlags$Companion                                : loaded 2 times (x 71B)
Class androidx.room.parser.ParsedQuery$Companion                                      : loaded 2 times (x 71B)
Class androidx.room.parser.SQLiteParser$Drop_table_stmtContext                        : loaded 2 times (x 158B)
Class androidx.room.parser.SQLiteParser$Common_table_expressionContext                : loaded 2 times (x 162B)
Class androidx.room.jarjarred.org.antlr.v4.runtime.tree.TerminalNode                  : loaded 2 times (x 70B)
Class androidx.room.jarjarred.org.antlr.v4.runtime.atn.EmptyPredictionContext         : loaded 2 times (x 80B)
Class org.sqlite.jdbc4.JDBC4Connection                                                : loaded 2 times (x 223B)
Class androidx.room.jarjarred.kotlinx.metadata.internal.metadata.ProtoBuf$Type$Argument$Projection: loaded 2 times (x 82B)
Class androidx.room.jarjarred.kotlinx.metadata.InconsistentKotlinMetadataException    : loaded 2 times (x 82B)
Class androidx.room.jarjarred.kotlinx.metadata.KmPropertyAccessorAttributes           : loaded 2 times (x 71B)
Class androidx.room.processor.PojoProcessor$DefaultDelegate                           : loaded 2 times (x 77B)
Class androidx.room.processor.EntityProcessorKt                                       : loaded 2 times (x 71B)
Class androidx.room.jarjarred.kotlinx.metadata.internal.metadata.ProtoBuf$ValueParameter$1: loaded 2 times (x 144B)
Class androidx.room.solver.prepared.binderprovider.RxPreparedQueryResultBinderProvider$Companion: loaded 2 times (x 71B)
Class androidx.room.ext.RoomGuavaTypeNames                                            : loaded 2 times (x 71B)
Class androidx.room.jarjarred.kotlinx.metadata.internal.protobuf.CodedOutputStream$OutOfSpaceException: loaded 2 times (x 82B)
Class org.sqlite.jdbc4.JDBC4Statement                                                 : loaded 2 times (x 204B)
Class org.sqlite.ExtendedCommand$SQLExtension                                         : loaded 2 times (x 70B)
Class androidx.room.compiler.processing.javac.JavacRawType$typeName$2                 : loaded 2 times (x 79B)
Class androidx.room.parser.SQLiteParser$Sql_stmt_listContext                          : loaded 2 times (x 155B)
Class org.jetbrains.kotlin.descriptors.CallableMemberDescriptor$Kind                  : loaded 2 times (x 79B)
Class org.jetbrains.kotlin.metadata.ProtoBuf$TypeParameterOrBuilder                   : loaded 2 times (x 70B)
Class org.jetbrains.kotlin.metadata.ProtoBuf$Property                                 : loaded 2 times (x 148B)
Class androidx.room.solver.query.result.PojoRowAdapter                                : loaded 2 times (x 76B)
Class androidx.room.solver.CodeGenScope$builder$2                                     : loaded 2 times (x 79B)
Class org.jetbrains.kotlin.build.report.metrics.DoNothingBuildMetricsReporter         : loaded 2 times (x 86B)
Class com.google.common.base.Predicates                                               : loaded 2 times (x 71B)
Class org.jetbrains.kotlin.cli.common.arguments.CommonCompilerArguments$Companion     : loaded 2 times (x 71B)
Class com.google.common.collect.ImmutableMultimap                                     : loaded 2 times (x 147B)
Class com.android.builder.model.v2.ide.TestInfo                                       : loaded 2 times (x 70B)
Class org.gradle.tooling.internal.gradle.GradleBuildIdentity                          : loaded 2 times (x 70B)
Class com.google.common.collect.AllEqualOrdering                                      : loaded 2 times (x 114B)
Class com.google.common.collect.ComparisonChain$1                                     : loaded 2 times (x 81B)
Class androidx.room.writer.DatabaseWriter                                             : loaded 2 times (x 73B)
Class [Landroidx.room.compiler.codegen.TargetLanguage;                                : loaded 2 times (x 69B)
Class androidx.room.writer.FieldReadWriteWriter                                       : loaded 2 times (x 72B)
Class androidx.room.compiler.codegen.XCodeBlock$Companion$WhenMappings                : loaded 2 times (x 71B)
Class androidx.room.parser.ParsedQuery$errors$2                                       : loaded 2 times (x 79B)
Class androidx.room.parser.SQLiteParser$Join_clauseContext                            : loaded 2 times (x 157B)
Class androidx.room.jarjarred.org.antlr.v4.runtime.atn.StarBlockStartState            : loaded 2 times (x 83B)
Class androidx.room.compiler.processing.javac.JavacRawType$xTypeName$2                : loaded 2 times (x 79B)
Class com.google.common.cache.LocalCache$Strength$3                                   : loaded 2 times (x 81B)
Class org.sqlite.date.FastDateParser$CopyQuotedStrategy                               : loaded 2 times (x 77B)
Class androidx.room.jarjarred.kotlinx.metadata.KmTypeParameterExtensionVisitor        : loaded 2 times (x 70B)
Class androidx.room.vo.Field$Companion                                                : loaded 2 times (x 71B)
Class androidx.room.jarjarred.kotlinx.metadata.internal.protobuf.WireFormat           : loaded 2 times (x 71B)
Class androidx.room.jarjarred.kotlinx.metadata.internal.metadata.deserialization.NameResolver: loaded 2 times (x 70B)
Class com.android.builder.model.v2.ide.AbstractArtifact                               : loaded 2 times (x 70B)
Class androidx.room.compiler.processing.javac.JavacProcessingEnvMessager$Companion    : loaded 2 times (x 71B)
Class kotlin.reflect.jvm.internal.KCallableImpl$_returnType$1                         : loaded 2 times (x 79B)
Class org.gradle.kotlin.dsl.Accessors377twfxlhpj2n65rquy9ybeqsKt                      : loaded 2 times (x 71B)
Class org.jetbrains.plugins.gradle.tooling.util.StringUtils                           : loaded 2 times (x 71B)
Class org.jetbrains.kotlin.idea.gradleTooling.reflect.TypeToken                       : loaded 2 times (x 72B)
Class com.google.common.io.ByteStreams                                                : loaded 2 times (x 71B)
Class [Lcom.google.common.collect.Maps$EntryFunction;                                 : loaded 2 times (x 69B)
Class org.jetbrains.kotlin.metadata.jvm.deserialization.UtfEncodingKt                 : loaded 2 times (x 71B)
Class org.jetbrains.kotlin.metadata.jvm.JvmProtoBuf$JvmFieldSignature$1               : loaded 2 times (x 144B)
Class org.jetbrains.kotlin.metadata.ProtoBuf$TypeTable                                : loaded 2 times (x 109B)
Class org.jetbrains.kotlin.metadata.jvm.JvmProtoBuf$JvmMethodSignature                : loaded 2 times (x 108B)
Class org.jetbrains.kotlin.protobuf.MessageLiteOrBuilder                              : loaded 2 times (x 70B)
Class org.jetbrains.kotlin.load.kotlin.header.ReadKotlinClassHeaderAnnotationVisitor$KotlinMetadataArgumentVisitor: loaded 2 times (x 86B)
Class com.google.common.collect.TransformedIterator                                   : loaded 2 times (x 80B)
Class org.apache.commons.io.output.AbstractByteArrayOutputStream                      : loaded 2 times (x 102B)
Class com.google.common.collect.IndexedImmutableSet$1                                 : loaded 2 times (x 213B)
Class [Lorg.jetbrains.kotlin.cli.common.CompilerSystemProperties;                     : loaded 2 times (x 69B)
Class com.android.builder.model.v2.ide.JavaCompileOptions                             : loaded 2 times (x 70B)
Class com.google.common.cache.CacheBuilder$OneWeigher                                 : loaded 2 times (x 82B)
Class org.gradle.tooling.internal.adapter.ProtocolToModelAdapter$MixInMappingAction   : loaded 2 times (x 80B)
Class org.gradle.internal.exceptions.ResolutionProvider                               : loaded 2 times (x 70B)
Class androidx.room.migration.bundle.EntityBundle$fieldsByColumnName$2                : loaded 2 times (x 79B)
Class androidx.room.vo.Database$identityHash$2                                        : loaded 2 times (x 79B)
Class androidx.room.vo.ReadQueryMethod                                                : loaded 2 times (x 73B)
Class androidx.room.parser.SQLiteParser$Delete_stmt_limitedContext                    : loaded 2 times (x 159B)
Class androidx.room.jarjarred.kotlinx.metadata.internal.metadata.ProtoBuf$Expression$ConstantValue$1: loaded 2 times (x 74B)
Class androidx.room.vo.Constructor$Param                                              : loaded 2 times (x 72B)
Class androidx.room.compiler.processing.javac.JavacMethodType$typeVariables$2         : loaded 2 times (x 79B)
Class androidx.room.compiler.processing.javac.kotlin.JvmDescriptorUtilsKt             : loaded 2 times (x 71B)
Class androidx.room.compiler.processing.javac.kotlin.KmPropertyFunctionContainerImpl  : loaded 2 times (x 109B)
Class androidx.room.compiler.processing.util.NamingUtilsKt                            : loaded 2 times (x 71B)
Class androidx.room.jarjarred.kotlinx.metadata.Attributes$visibility$2                : loaded 2 times (x 137B)
Class androidx.room.jarjarred.kotlinx.metadata.jvm.JvmMemberSignatureKt               : loaded 2 times (x 71B)
Class com.google.common.base.Splitter$1                                               : loaded 2 times (x 77B)
Class [Landroidx.room.solver.prepared.binderprovider.RxPreparedQueryResultBinderProvider;: loaded 2 times (x 69B)
Class androidx.room.solver.prepared.binderprovider.PreparedQueryResultBinderProvider  : loaded 2 times (x 70B)
Class androidx.room.compiler.processing.javac.JavacTypeElement$Companion              : loaded 2 times (x 71B)
Class com.google.common.collect.Interner                                              : loaded 2 times (x 70B)
Class org.gradle.kotlin.dsl.TestImplementationConfigurationAccessorsKt                : loaded 2 times (x 71B)
Class org.jetbrains.kotlin.idea.gradleTooling.AndroidAwareGradleModelProvider$Result  : loaded 2 times (x 72B)
Class org.jetbrains.kotlin.idea.gradleTooling.reflect.ReflectionKt                    : loaded 2 times (x 71B)
Class com.google.common.collect.Interners$InternerImpl                                : loaded 2 times (x 75B)
Class org.jetbrains.kotlin.protobuf.CodedOutputStream$OutOfSpaceException             : loaded 2 times (x 82B)
Class org.jetbrains.kotlin.metadata.ProtoBuf$AnnotationOrBuilder                      : loaded 2 times (x 70B)
Class org.jetbrains.kotlin.protobuf.WireFormat$FieldType                              : loaded 2 times (x 83B)
Class org.jetbrains.kotlin.load.kotlin.FileBasedKotlinClass                           : loaded 2 times (x 88B)
Class jdk.internal.jimage.ImageBufferCache                                            : loaded 2 times (x 71B)
Class jdk.internal.jrtfs.JrtPath                                                      : loaded 2 times (x 118B)
Class com.google.common.collect.Maps$EntryFunction                                    : loaded 2 times (x 91B)
Class com.google.common.reflect.Types$ClassOwnership$1LocalClass                      : loaded 2 times (x 71B)
Class kotlin.text.MatchResult$DefaultImpls                                            : loaded 2 times (x 71B)
Class org.gradle.tooling.model.idea.IdeaCompilerOutput                                : loaded 2 times (x 70B)
Class org.gradle.tooling.model.ProjectIdentifier                                      : loaded 2 times (x 70B)
Class org.gradle.internal.classloader.ClasspathUtil                                   : loaded 2 times (x 71B)
Class org.jetbrains.kotlin.descriptors.DescriptorVisibilities$6                       : loaded 2 times (x 79B)
Class [Landroidx.room.compiler.processing.XFiler$Mode;                                : loaded 2 times (x 69B)
Class androidx.room.vo.SchemaIdentityKey                                              : loaded 2 times (x 72B)
Class androidx.room.vo.InsertionMethod                                                : loaded 2 times (x 72B)
Class androidx.room.jarjarred.org.antlr.v4.runtime.atn.LexerActionType                : loaded 2 times (x 79B)
Class androidx.room.jarjarred.org.antlr.v4.runtime.CharStreams                        : loaded 2 times (x 71B)
Class androidx.room.compiler.processing.javac.JavacFieldElement$getter$2              : loaded 2 times (x 79B)
Class androidx.room.jarjarred.kotlinx.metadata.internal.ReadContext                   : loaded 2 times (x 72B)
Class androidx.room.jarjarred.kotlinx.metadata.internal.extensions.MetadataExtensions$Companion: loaded 2 times (x 71B)
Class com.intellij.gradle.toolingExtension.impl.util.GradleProjectUtil                : loaded 2 times (x 71B)
Class androidx.room.compiler.processing.XArrayType                                    : loaded 2 times (x 70B)
Class androidx.room.compiler.processing.util.MemoizedSequence                         : loaded 2 times (x 75B)
Class org.jetbrains.kotlin.idea.gradleTooling.reflect.ReflectionReceiver              : loaded 2 times (x 70B)
Class androidx.room.processor.Context                                                 : loaded 2 times (x 72B)
Class [Lcom.android.ide.gradle.model.builder.LegacyAndroidGradlePluginPropertiesModelBuilder$PluginType;: loaded 2 times (x 69B)
Class com.intellij.gradle.toolingExtension.impl.model.buildScriptClasspathModel.DefaultGradleBuildScriptClasspathModel: loaded 2 times (x 83B)
Class org.jetbrains.kotlin.idea.gradleTooling.reflect.KotlinSourceSetReflectionImpl$Companion: loaded 2 times (x 71B)
Class com.intellij.gradle.toolingExtension.impl.model.sourceSetDependencyModel.GradleSourceSetDependencyResolver: loaded 2 times (x 72B)
Class org.jetbrains.plugins.gradle.model.DefaultExternalProject                       : loaded 2 times (x 95B)
Class org.jetbrains.plugins.gradle.tooling.serialization.GradleExtensionsSerializationService$1: loaded 2 times (x 76B)
Class [Lorg.jetbrains.kotlin.metadata.ProtoBuf$TypeParameter$Variance;                : loaded 2 times (x 69B)
Class org.jetbrains.kotlin.metadata.ProtoBuf$Constructor                              : loaded 2 times (x 124B)
Class org.jetbrains.kotlin.metadata.jvm.deserialization.JvmMemberSignature            : loaded 2 times (x 74B)
Class org.jetbrains.kotlin.load.kotlin.header.KotlinClassHeader$Kind                  : loaded 2 times (x 79B)
Class org.jetbrains.kotlin.load.kotlin.KotlinJvmBinaryClass$AnnotationArgumentVisitor : loaded 2 times (x 70B)
Class kotlin.reflect.jvm.internal.KClassImpl$Data$descriptor$2                        : loaded 2 times (x 79B)
Class com.android.builder.model.v2.ide.ComponentInfo                                  : loaded 2 times (x 70B)
Class org.jetbrains.kotlin.tooling.core.HasExtras                                     : loaded 2 times (x 70B)
Class com.google.common.base.Charsets                                                 : loaded 2 times (x 71B)
Class com.google.common.util.concurrent.Uninterruptibles                              : loaded 2 times (x 71B)
Class com.android.builder.model.v2.ide.ProjectType                                    : loaded 2 times (x 79B)
Class com.google.common.collect.ComparisonChain                                       : loaded 2 times (x 80B)
Class androidx.room.compiler.processing.javac.JavacAnnotationBox                      : loaded 2 times (x 79B)
Class androidx.room.jarjarred.kotlinx.metadata.KmExtensionType                        : loaded 2 times (x 72B)
Class androidx.room.migration.bundle.BundleUtil                                       : loaded 2 times (x 71B)
Class androidx.room.compiler.codegen.XFunSpec                                         : loaded 2 times (x 70B)
Class androidx.room.processor.SuspendMethodProcessorDelegate$findInsertMethodBinder$1 : loaded 2 times (x 79B)
Class androidx.room.parser.SingleQuerySqlParser$parse$1                               : loaded 2 times (x 82B)
Class androidx.room.parser.SQLiteParser$ExprContext                                   : loaded 2 times (x 197B)
Class androidx.room.jarjarred.kotlinx.metadata.KmTypeParameterVisitor                 : loaded 2 times (x 75B)
Class androidx.room.jarjarred.kotlinx.metadata.internal.metadata.jvm.JvmProtoBuf$JvmPropertySignatureOrBuilder: loaded 2 times (x 70B)
Class androidx.room.compiler.processing.javac.kotlin.KotlinClassMetadataUtilsKt       : loaded 2 times (x 71B)
Class androidx.room.jarjarred.kotlinx.metadata.Attributes$modality$10                 : loaded 2 times (x 137B)
Class androidx.room.jarjarred.kotlinx.metadata.internal.protobuf.RopeByteString       : loaded 2 times (x 110B)
Class androidx.room.processor.DaoProcessor                                            : loaded 2 times (x 72B)
Class com.squareup.kotlinpoet.ClassName$special$$inlined$compareBy$1                  : loaded 2 times (x 89B)
Class com.squareup.javapoet.TypeVariableName                                          : loaded 2 times (x 81B)
Class androidx.room.compiler.processing.XElement                                      : loaded 2 times (x 70B)
Class androidx.room.jarjarred.kotlinx.metadata.Attributes$isNegated$2                 : loaded 2 times (x 137B)
Class androidx.room.compiler.processing.javac.JavacConstructorElement$executableType$2: loaded 2 times (x 79B)
Class androidx.room.vo.EntityOrView                                                   : loaded 2 times (x 70B)
Class androidx.room.vo.Entity$createTableQuery$2                                      : loaded 2 times (x 79B)
Class org.sqlite.SQLiteConfig                                                         : loaded 2 times (x 123B)
Class org.sqlite.date.FastDateParser$CaseInsensitiveTextStrategy                      : loaded 2 times (x 77B)
Class androidx.room.jarjarred.org.antlr.v4.runtime.VocabularyImpl                     : loaded 2 times (x 85B)
Class org.jetbrains.kotlin.resolve.scopes.receivers.ReceiverValue                     : loaded 2 times (x 70B)
Class org.jetbrains.kotlin.metadata.jvm.JvmProtoBuf$JvmMethodSignature$Builder        : loaded 2 times (x 134B)
Class org.jetbrains.kotlin.metadata.ProtoBuf$VersionRequirementTableOrBuilder         : loaded 2 times (x 70B)
Class org.jetbrains.kotlin.metadata.jvm.JvmProtoBuf$JvmFieldSignatureOrBuilder        : loaded 2 times (x 70B)
Class androidx.room.vo.RelationCollector                                              : loaded 2 times (x 72B)
Class com.google.common.io.CharSource                                                 : loaded 2 times (x 85B)
Class com.android.builder.model.v2.dsl.BaseConfig                                     : loaded 2 times (x 70B)
Class org.gradle.internal.time.TimeSource$1                                           : loaded 2 times (x 77B)
Class org.gradle.api.specs.Spec                                                       : loaded 2 times (x 70B)
Class com.squareup.kotlinpoet.MemberName$Companion                                    : loaded 2 times (x 71B)
Class androidx.room.migration.bundle.EntityBundle$Companion                           : loaded 2 times (x 71B)
Class org.apache.commons.codec.binary.StringUtils                                     : loaded 2 times (x 71B)
Class androidx.room.parser.SQLiteParser$Transaction_nameContext                       : loaded 2 times (x 152B)
Class androidx.room.parser.SQLiteParser$Reindex_stmtContext                           : loaded 2 times (x 157B)
Class androidx.room.jarjarred.org.antlr.v4.runtime.CodePointBuffer$Type               : loaded 2 times (x 79B)
Class androidx.room.jarjarred.org.antlr.v4.runtime.IntStream                          : loaded 2 times (x 70B)
Class androidx.room.jarjarred.kotlinx.metadata.jvm.JvmMemberSignature                 : loaded 2 times (x 73B)
Class androidx.room.jarjarred.kotlinx.metadata.internal.protobuf.FieldSet             : loaded 2 times (x 72B)
Class androidx.room.processor.TableEntityProcessor                                    : loaded 2 times (x 78B)
Class androidx.room.solver.shortcut.result.InsertOrUpsertMethodAdapter$MethodInfo     : loaded 2 times (x 73B)
Class androidx.room.TypeConverters                                                    : loaded 2 times (x 70B)
Class [Landroidx.room.solver.RxType;                                                  : loaded 2 times (x 69B)
Class androidx.room.writer.DaoWriter$companionTypeBuilder$1                           : loaded 2 times (x 79B)
Class androidx.room.solver.QueryResultBinderProvider                                  : loaded 2 times (x 70B)
Class androidx.room.parser.ParsedQuery$queryWithReplacedBindParams$2$1                : loaded 2 times (x 78B)
Class org.gradle.tooling.model.Dependency                                             : loaded 2 times (x 70B)
Class org.gradle.api.JavaVersion                                                      : loaded 2 times (x 79B)
Class org.jetbrains.kotlin.tooling.core.InternerImpl                                  : loaded 2 times (x 76B)
Class com.google.common.cache.LocalCache$Strength$2                                   : loaded 2 times (x 81B)
Class com.google.common.util.concurrent.SettableFuture                                : loaded 2 times (x 114B)
Class com.google.common.reflect.Types$ClassOwnership$3                                : loaded 2 times (x 71B)
Class org.jetbrains.kotlin.descriptors.DelegatedDescriptorVisibility                  : loaded 2 times (x 79B)
Class org.jetbrains.kotlin.serialization.deserialization.ProtoEnumFlagsUtilsKt$WhenMappings: loaded 2 times (x 71B)
Class org.jetbrains.kotlin.load.kotlin.header.KotlinClassHeader                       : loaded 2 times (x 72B)
Class org.jetbrains.kotlin.cli.common.messages.CompilerMessageSeverity                : loaded 2 times (x 79B)
Class jdk.internal.jimage.ImageReader$SharedImageReader$LocationVisitor               : loaded 2 times (x 70B)
Class org.apache.commons.io.file.PathFilter                                           : loaded 2 times (x 70B)
Class com.google.common.collect.MapMaker                                              : loaded 2 times (x 72B)
Class com.google.common.reflect.Types$JavaVersion                                     : loaded 2 times (x 83B)
Class com.google.common.collect.Collections2$FilteredCollection                       : loaded 2 times (x 119B)
Class org.apache.commons.io.output.QueueOutputStream                                  : loaded 2 times (x 87B)
Class androidx.room.compiler.codegen.XCodeBlock                                       : loaded 2 times (x 70B)
Class androidx.room.compiler.codegen.java.JavaLang                                    : loaded 2 times (x 76B)
Class androidx.room.parser.Section                                                    : loaded 2 times (x 72B)
Class androidx.room.parser.SQLiteParser$Raise_functionContext                         : loaded 2 times (x 160B)
Class androidx.room.parser.SQLiteParser$Qualified_table_nameContext                   : loaded 2 times (x 160B)
Class androidx.room.jarjarred.org.antlr.v4.runtime.ParserRuleContext                  : loaded 2 times (x 151B)
Class androidx.room.jarjarred.org.antlr.v4.runtime.atn.ATNConfigSet                   : loaded 2 times (x 148B)
Class androidx.room.jarjarred.org.antlr.v4.runtime.atn.EpsilonTransition              : loaded 2 times (x 76B)
Class androidx.room.jarjarred.org.antlr.v4.runtime.CodePointCharStream$CodePoint32BitCharStream: loaded 2 times (x 88B)
Class org.sqlite.date.FastDatePrinter$Rule                                            : loaded 2 times (x 70B)
Class androidx.room.jarjarred.kotlinx.metadata.jvm.internal.JvmPropertyExtension      : loaded 2 times (x 88B)
Class androidx.room.jarjarred.kotlinx.metadata.Attributes$visibility$6                : loaded 2 times (x 137B)
Class androidx.room.jarjarred.kotlinx.metadata.internal.metadata.ProtoBuf$MemberKind  : loaded 2 times (x 82B)
Class [Landroidx.room.jarjarred.kotlinx.metadata.internal.metadata.ProtoBuf$Class$Kind;: loaded 2 times (x 69B)
Class androidx.room.jarjarred.kotlinx.metadata.internal.metadata.jvm.JvmProtoBuf$StringTableTypes: loaded 2 times (x 110B)
Class androidx.room.compiler.processing.javac.JavacAnnotationBoxKt$ANNOTATION_VALUE_TO_DOUBLE_VISITOR$1: loaded 2 times (x 105B)
Class androidx.room.solver.binderprovider.CoroutineFlowResultBinderProviderImpl       : loaded 2 times (x 76B)
Class androidx.room.compiler.processing.javac.JavacType$typeElement$2                 : loaded 2 times (x 79B)
Class androidx.room.preconditions.Checks                                              : loaded 2 times (x 72B)
Class com.google.auto.common.MoreElements                                             : loaded 2 times (x 71B)
Class com.google.auto.common.MoreTypes                                                : loaded 2 times (x 71B)
Class org.jetbrains.kotlin.protobuf.GeneratedMessageLite$ExtendableMessage            : loaded 2 times (x 113B)
Class kotlin.reflect.jvm.internal.KClassImpl$Data$constructors$2                      : loaded 2 times (x 79B)
Class org.jetbrains.kotlin.metadata.jvm.JvmProtoBuf$JvmPropertySignatureOrBuilder     : loaded 2 times (x 70B)
Class org.jetbrains.kotlin.descriptors.DescriptorVisibilities$5                       : loaded 2 times (x 79B)
Class androidx.room.DatabaseProcessingStep$Companion                                  : loaded 2 times (x 71B)
Class com.intellij.gradle.toolingExtension.impl.util.GradleIdeaPluginUtil             : loaded 2 times (x 71B)
Class com.android.ide.gradle.model.impl.GradlePluginModelImpl$Companion               : loaded 2 times (x 71B)
Class androidx.room.processor.Context$CommonTypes$LIST$2                              : loaded 2 times (x 79B)
Class org.jetbrains.kotlin.metadata.deserialization.Flags                             : loaded 2 times (x 71B)
Class androidx.room.compiler.processing.javac.JavacArrayType$equalityItems$2          : loaded 2 times (x 79B)
Class org.jetbrains.kotlin.metadata.ProtoBuf$TypeTable$1                              : loaded 2 times (x 144B)
Class com.google.common.collect.Sets$3$1                                              : loaded 2 times (x 82B)
Class com.google.common.cache.LocalCache$LoadingValueReference                        : loaded 2 times (x 96B)
Class androidx.room.solver.types.TypeConverter$Cost                                   : loaded 2 times (x 75B)
Class androidx.room.solver.binderprovider.GuavaListenableFutureQueryResultBinderProviderKt: loaded 2 times (x 71B)
Class androidx.room.ProvidedTypeConverter                                             : loaded 2 times (x 70B)
Class androidx.room.solver.prepared.binder.CallablePreparedQueryResultBinder$executeAndReturn$callableImpl$1: loaded 2 times (x 79B)
Class androidx.room.compiler.codegen.XMemberName                                      : loaded 2 times (x 72B)
Class androidx.room.solver.query.result.BaseObservableQueryResultBinder               : loaded 2 times (x 73B)
Class androidx.room.parser.SQLiteParser$Module_nameContext                            : loaded 2 times (x 152B)
Class androidx.room.parser.SQLiteParser$Alter_table_stmtContext                       : loaded 2 times (x 162B)
Class androidx.room.jarjarred.org.antlr.v4.runtime.misc.ObjectEqualityComparator      : loaded 2 times (x 77B)
Class [Landroidx.room.jarjarred.org.antlr.v4.runtime.atn.LexerActionType;             : loaded 2 times (x 69B)
Class androidx.room.jarjarred.org.antlr.v4.runtime.atn.StarLoopbackState              : loaded 2 times (x 82B)
Class androidx.room.jarjarred.org.antlr.v4.runtime.atn.BasicBlockStartState           : loaded 2 times (x 83B)
Class org.sqlite.jdbc4.JDBC4ResultSet                                                 : loaded 2 times (x 526B)
Class androidx.room.compiler.processing.javac.JavacMethodType                         : loaded 2 times (x 91B)
Class androidx.room.processor.EntityProcessor$Companion                               : loaded 2 times (x 71B)
Class androidx.room.compiler.processing.javac.JavacMethodElement$typeParameters$2     : loaded 2 times (x 79B)
Class com.google.auto.common.AnnotationMirrors                                        : loaded 2 times (x 71B)
Class androidx.room.solver.binderprovider.MultiTypedPagingSourceQueryResultBinderProvider$pagingSourceType$2: loaded 2 times (x 79B)
Class androidx.room.solver.binderprovider.DataSourceFactoryQueryResultBinderProvider  : loaded 2 times (x 76B)
Class androidx.room.Delete                                                            : loaded 2 times (x 70B)
Class androidx.room.jarjarred.kotlinx.metadata.internal.extensions.MetadataExtensions$Companion$INSTANCES$2: loaded 2 times (x 78B)
Class com.squareup.javapoet.ArrayTypeName                                             : loaded 2 times (x 81B)
Class [Landroidx.room.jarjarred.kotlinx.metadata.internal.protobuf.WireFormat$FieldType;: loaded 2 times (x 69B)
Class kotlin.collections.MapWithDefaultImpl                                           : loaded 2 times (x 126B)
Class androidx.room.jarjarred.kotlinx.metadata.internal.extensions.ExtensionUtilsKt   : loaded 2 times (x 71B)
Class androidx.room.jarjarred.kotlinx.metadata.Attributes$hasAnnotations$14           : loaded 2 times (x 137B)
Class androidx.room.processor.PojoProcessor$assignGetter$success$4                    : loaded 2 times (x 79B)
Class org.jetbrains.kotlin.idea.gradleTooling.reflect.Parameter                       : loaded 2 times (x 72B)
Class org.sqlite.date.FastDateParser$ISO8601TimeZoneStrategy                          : loaded 2 times (x 77B)
Class androidx.room.parser.SQLiteParser$Foreign_key_clauseContext                     : loaded 2 times (x 188B)
Class androidx.room.jarjarred.org.antlr.v4.runtime.atn.SemanticContext$AND            : loaded 2 times (x 75B)
Class org.jetbrains.kotlin.idea.gradleTooling.PrepareKotlinIdeaImportTaskModelBuilder$KotlinNativePlatformDependenciesKt: loaded 2 times (x 71B)
Class androidx.room.solver.query.result.PojoRowAdapter$PojoMapping                    : loaded 2 times (x 73B)
Class org.jetbrains.kotlin.metadata.ProtoBuf$Function                                 : loaded 2 times (x 149B)
Class jdk.internal.jimage.decompressor.ResourceDecompressorRepository                 : loaded 2 times (x 71B)
Class com.google.common.io.LineReader$1                                               : loaded 2 times (x 75B)
Class com.google.common.collect.AbstractMapBasedMultimap$AsMap                        : loaded 2 times (x 128B)
Class com.google.common.collect.MapMakerInternalMap$StrongKeyDummyValueEntry          : loaded 2 times (x 82B)
Class com.google.common.collect.CollectSpliterators                                   : loaded 2 times (x 71B)
Class com.google.common.reflect.Invokable$MethodInvokable                             : loaded 2 times (x 107B)
Class org.gradle.internal.time.Clock                                                  : loaded 2 times (x 70B)
Class androidx.room.compiler.codegen.XTypeSpec                                        : loaded 2 times (x 70B)
Class androidx.room.compiler.processing.javac.TypeMirrorExtKt                         : loaded 2 times (x 71B)
Class androidx.room.ext.GuavaUtilConcurrentTypeNames                                  : loaded 2 times (x 71B)
Class androidx.room.parser.SQLiteParser$Collation_nameContext                         : loaded 2 times (x 152B)
Class androidx.room.compiler.processing.javac.JavacVariableElement                    : loaded 2 times (x 200B)
Class androidx.room.compiler.codegen.XFunSpec$Builder                                 : loaded 2 times (x 70B)
Class androidx.room.jarjarred.kotlinx.metadata.internal.extensions.KmPropertyExtension: loaded 2 times (x 70B)
Class androidx.room.jarjarred.kotlinx.metadata.Attributes$modality$14                 : loaded 2 times (x 137B)
Class androidx.room.jarjarred.kotlinx.metadata.internal.protobuf.RopeByteString$RopeInputStream: loaded 2 times (x 92B)
Class androidx.room.jarjarred.kotlinx.metadata.internal.metadata.ProtoBuf$Annotation$1: loaded 2 times (x 144B)
Class androidx.room.jarjarred.kotlinx.metadata.internal.metadata.jvm.JvmProtoBuf$JvmMethodSignature: loaded 2 times (x 108B)
Class androidx.room.vo.FieldGetter$WhenMappings                                       : loaded 2 times (x 71B)
Class androidx.room.compiler.processing.XFilerKt                                      : loaded 2 times (x 71B)
Class androidx.room.ext.Package_extKt                                                 : loaded 2 times (x 71B)
Class androidx.room.compiler.processing.javac.JavacRoundEnv$rootElements$2            : loaded 2 times (x 79B)
Class androidx.room.migration.bundle.DatabaseBundle$FtsEntityCreateComparator         : loaded 2 times (x 89B)
Class com.google.common.cache.LocalCache$Strength$1                                   : loaded 2 times (x 81B)
Class kotlin.reflect.jvm.internal.CachesKt$K_PACKAGE_CACHE$1                          : loaded 2 times (x 78B)
Class org.objectweb.asm.ModuleVisitor                                                 : loaded 2 times (x 81B)
Class org.jetbrains.kotlin.idea.gradleTooling.KotlinGradlePluginVersionImpl           : loaded 2 times (x 78B)
Class org.jetbrains.plugins.gradle.tooling.serialization.RepositoriesModelSerializationService$1: loaded 2 times (x 76B)
Class com.google.common.collect.Sets$4                                                : loaded 2 times (x 139B)
Class org.jetbrains.kotlin.config.JvmDefaultMode                                      : loaded 2 times (x 79B)
Class org.jetbrains.kotlin.metadata.ProtoBuf$VersionRequirementTable                  : loaded 2 times (x 107B)
Class org.jetbrains.kotlin.protobuf.LazyField                                         : loaded 2 times (x 83B)
Class org.jetbrains.kotlin.load.kotlin.header.ReadKotlinClassHeaderAnnotationVisitor  : loaded 2 times (x 80B)
Class com.google.common.reflect.TypeResolver                                          : loaded 2 times (x 72B)
Class jdk.internal.jimage.ImageReader$Directory                                       : loaded 2 times (x 84B)
Class com.google.common.collect.AbstractMapBasedMultimap$WrappedList                  : loaded 2 times (x 205B)
Class com.android.builder.model.v2.dsl.ProductFlavor                                  : loaded 2 times (x 70B)
Class [Lcom.android.builder.model.v2.ide.TestInfo$Execution;                          : loaded 2 times (x 69B)
Class [Lorg.objectweb.asm.AnnotationWriter;                                           : loaded 2 times (x 69B)
Class com.google.common.collect.CompoundOrdering                                      : loaded 2 times (x 115B)
Class org.gradle.tooling.internal.adapter.TypeInspector                               : loaded 2 times (x 73B)
Class org.gradle.tooling.internal.adapter.ProtocolToModelAdapter$NoOpDecoration       : loaded 2 times (x 79B)
Class org.gradle.tooling.model.Element                                                : loaded 2 times (x 70B)
Class com.google.common.reflect.Types$ClassOwnership$2                                : loaded 2 times (x 80B)
Class com.squareup.kotlinpoet.MemberName                                              : loaded 2 times (x 72B)
Class androidx.room.compiler.codegen.XCodeBlock$Builder$Companion                     : loaded 2 times (x 71B)
Class org.apache.commons.codec.BinaryDecoder                                          : loaded 2 times (x 70B)
Class androidx.room.vo.Database$implClassName$2                                       : loaded 2 times (x 79B)
Class androidx.room.processor.DatabaseProcessor$validateUniqueDaoClasses$check$1      : loaded 2 times (x 79B)
Class androidx.room.solver.TypeAdapterExtras                                          : loaded 2 times (x 72B)
Class androidx.room.jarjarred.org.antlr.v4.runtime.atn.OrderedATNConfigSet$LexerConfigHashSet: loaded 2 times (x 140B)
Class androidx.room.jarjarred.org.antlr.v4.runtime.atn.ATNDeserializer                : loaded 2 times (x 81B)
Class com.google.common.io.ByteArrayDataInput                                         : loaded 2 times (x 70B)
Class androidx.room.vo.Entity$createPrimaryKeyDefinition$keys$1                       : loaded 2 times (x 78B)
Class androidx.room.jarjarred.kotlinx.metadata.jvm.JvmTypeParameterExtensionVisitor   : loaded 2 times (x 79B)
Class com.google.common.collect.MapMakerInternalMap$StrongValueEntry                  : loaded 2 times (x 70B)
Class androidx.room.compiler.processing.javac.JavacMethodType$returnType$2            : loaded 2 times (x 79B)
Class androidx.room.jarjarred.kotlinx.metadata.KmValueParameterVisitor                : loaded 2 times (x 76B)
Class androidx.room.jarjarred.kotlinx.metadata.internal.protobuf.BoundedByteString    : loaded 2 times (x 112B)
Class [Lorg.jetbrains.kotlin.protobuf.WireFormat$JavaType;                            : loaded 2 times (x 69B)
Class androidx.room.compiler.processing.javac.JavacAnnotationBoxKt$ANNOTATION_VALUE_BYTE_ARR_VISITOR$1: loaded 2 times (x 105B)
Class [Landroidx.room.solver.shortcut.binderprovider.RxCallableDeleteOrUpdateMethodBinderProvider;: loaded 2 times (x 69B)
Class [Landroidx.room.solver.types.PrimitiveColumnTypeAdapter$Companion$Primitive;    : loaded 2 times (x 69B)
Class androidx.room.processor.Context$CommonTypes$VOID$2                              : loaded 2 times (x 79B)
Class org.jetbrains.org.objectweb.asm.tree.TableSwitchInsnNode                        : loaded 2 times (x 79B)
Class org.jetbrains.kotlin.descriptors.DescriptorVisibilities$4                       : loaded 2 times (x 79B)
Class com.intellij.gradle.toolingExtension.impl.model.sourceSetModel.GradleSourceSetResolutionContext: loaded 2 times (x 73B)
Class com.intellij.compose.ide.plugin.gradleTooling.rt.ComposeResourcesExtension$Companion: loaded 2 times (x 71B)
Class org.jetbrains.kotlin.idea.gradleTooling.reflect.KotlinMultiplatformImportReflectionImpl$Companion: loaded 2 times (x 71B)
Class androidx.room.solver.TypeConverterStore$Companion                               : loaded 2 times (x 71B)
Class androidx.room.compiler.processing.javac.JavacAnnotationBoxKt$ANNOTATION_VALUE_STRING_ARR_VISITOR$1: loaded 2 times (x 105B)
Class androidx.room.compiler.processing.javac.JavacAnnotationBoxKt$TO_LIST_OF_TYPES$1 : loaded 2 times (x 105B)
Class org.jetbrains.kotlin.descriptors.DescriptorVisibilities$10                      : loaded 2 times (x 76B)
Class org.jetbrains.org.objectweb.asm.tree.LineNumberNode                             : loaded 2 times (x 79B)
Class org.jetbrains.kotlin.metadata.ProtoBuf$TypeParameter$1                          : loaded 2 times (x 144B)
Class org.jetbrains.kotlin.utils.StringsKt                                            : loaded 2 times (x 71B)
Class [Lcom.google.common.collect.Iterators$EmptyModifiableIterator;                  : loaded 2 times (x 69B)
Class com.google.common.base.Predicates$CompositionPredicate                          : loaded 2 times (x 88B)
Class androidx.room.jarjarred.kotlinx.metadata.internal.metadata.deserialization.Flags$EnumLiteFlagField: loaded 2 times (x 76B)
Class androidx.room.compiler.processing.DeclarationCollectorKt$collectFieldsIncludingPrivateSupers$1: loaded 2 times (x 95B)
Class org.jetbrains.kotlin.tooling.core.Extras                                        : loaded 2 times (x 70B)
Class com.google.common.collect.Sets$SetView                                          : loaded 2 times (x 138B)
Class com.google.common.cache.LocalCache$StrongValueReference                         : loaded 2 times (x 90B)
Class com.google.common.util.concurrent.AbstractFuture$SynchronizedHelper             : loaded 2 times (x 78B)
Class androidx.room.processor.PojoProcessor$assignGetter$success$3                    : loaded 2 times (x 79B)
Class [Lcom.squareup.javapoet.LineWrapper$FlushType;                                  : loaded 2 times (x 69B)
Class androidx.room.compiler.codegen.java.JavaFunSpec                                 : loaded 2 times (x 79B)
Class androidx.room.jarjarred.org.antlr.v4.runtime.misc.AbstractEqualityComparator    : loaded 2 times (x 77B)
Class androidx.room.jarjarred.kotlinx.metadata.KmTypeParameter                        : loaded 2 times (x 76B)
Class androidx.room.vo.PrimaryKey                                                     : loaded 2 times (x 78B)
Class androidx.room.vo.HasFields                                                      : loaded 2 times (x 70B)
Class androidx.room.jarjarred.kotlinx.metadata.internal.protobuf.GeneratedMessageLite$Builder: loaded 2 times (x 128B)
Class androidx.room.jarjarred.kotlinx.metadata.internal.metadata.ProtoBuf$ConstructorOrBuilder: loaded 2 times (x 70B)
Class androidx.room.solver.prepared.binderprovider.RxCompletablePreparedQueryResultBinderProvider$completableType$2: loaded 2 times (x 79B)
Class androidx.room.compiler.processing.javac.JavacType$superTypes$2                  : loaded 2 times (x 79B)
Class org.sqlite.core.SafeStmtPtr$SafePtrIntFunction                                  : loaded 2 times (x 70B)
Class androidx.room.compiler.processing.javac.JavacTypeElement$JavacEnumTypeElement   : loaded 2 times (x 341B)
Class androidx.room.jarjarred.org.antlr.v4.runtime.LexerNoViableAltException          : loaded 2 times (x 93B)
Class org.jetbrains.plugins.gradle.model.DefaultUnresolvedExternalDependency          : loaded 2 times (x 111B)
Class androidx.room.MapInfo                                                           : loaded 2 times (x 70B)
Class org.jetbrains.kotlin.descriptors.DescriptorVisibilities$11                      : loaded 2 times (x 76B)
Class org.jetbrains.kotlin.metadata.deserialization.BinaryVersion$Companion           : loaded 2 times (x 71B)
Class com.google.common.graph.SuccessorsFunction                                      : loaded 2 times (x 70B)
Class [Lorg.jetbrains.kotlin.config.JVMAssertionsMode;                                : loaded 2 times (x 69B)
Class org.jetbrains.kotlin.config.JVMAssertionsMode                                   : loaded 2 times (x 79B)
Class [Lcom.google.gson.stream.JsonToken;                                             : loaded 2 times (x 69B)
Class org.objectweb.asm.Type                                                          : loaded 2 times (x 72B)
Class org.gradle.tooling.model.internal.ImmutableDomainObjectSet                      : loaded 2 times (x 155B)
Class org.gradle.internal.classloader.VisitableURLClassLoader$InstrumentingVisitableURLClassLoader: loaded 2 times (x 123B)
Class androidx.room.ext.Xpoet_extKt$WhenMappings                                      : loaded 2 times (x 71B)
Class androidx.room.parser.SQLiteParser$Update_stmtContext                            : loaded 2 times (x 172B)
Class androidx.room.parser.SQLiteParser$Begin_stmtContext                             : loaded 2 times (x 157B)
Class androidx.room.jarjarred.org.antlr.v4.runtime.tree.ParseTree                     : loaded 2 times (x 70B)
Class androidx.room.jarjarred.org.antlr.v4.runtime.atn.Transition$1                   : loaded 2 times (x 134B)
Class androidx.room.compiler.processing.javac.JavacMethodType$Companion               : loaded 2 times (x 71B)
Class [Landroidx.room.parser.Collate;                                                 : loaded 2 times (x 69B)
Class androidx.room.compiler.processing.javac.JavacMethodElement                      : loaded 2 times (x 269B)
Class androidx.room.jarjarred.kotlinx.metadata.KmTypeVisitor                          : loaded 2 times (x 82B)
Class androidx.room.jarjarred.kotlinx.metadata.internal.extensions.MetadataExtensions : loaded 2 times (x 70B)
Class androidx.room.compiler.codegen.XPropertySpec$Companion                          : loaded 2 times (x 71B)
Class androidx.room.processor.EntityProcessor                                         : loaded 2 times (x 70B)
Class androidx.room.compiler.processing.javac.JavacAnnotationBoxKt$ANNOTATION_VALUE_TO_SHORT_VISITOR$1: loaded 2 times (x 105B)
Class androidx.room.solver.shortcut.binderprovider.RxCompletableUpsertMethodBinderProvider$completableType$2: loaded 2 times (x 79B)
Class androidx.room.solver.shortcut.binderprovider.GuavaListenableFutureDeleteOrUpdateMethodBinderProvider: loaded 2 times (x 76B)
Class androidx.room.solver.RxType                                                     : loaded 2 times (x 80B)
Class org.gradle.internal.service.UnknownServiceException                             : loaded 2 times (x 83B)
Class androidx.room.solver.types.BoxedBooleanToBoxedIntConverter$create$1             : loaded 2 times (x 75B)
Class androidx.room.solver.types.PrimitiveColumnTypeAdapter$Companion$WhenMappings    : loaded 2 times (x 71B)
Class androidx.room.processor.Context$typeAdapterStore$2                              : loaded 2 times (x 79B)
Class com.google.common.cache.LocalCache$LocalLoadingCache                            : loaded 2 times (x 134B)
Class com.google.common.util.concurrent.AbstractFuture$SafeAtomicHelper               : loaded 2 times (x 79B)
Class com.google.common.collect.Sets$3                                                : loaded 2 times (x 139B)
Class [Lorg.objectweb.asm.AnnotationVisitor;                                          : loaded 2 times (x 69B)
Class androidx.room.processor.Context$BooleanProcessorOptions                         : loaded 2 times (x 80B)
Class com.google.common.reflect.Types$ClassOwnership$1                                : loaded 2 times (x 80B)
Class org.gradle.kotlin.dsl.AndroidTestImplementationConfigurationAccessorsKt         : loaded 2 times (x 71B)
Class org.gradle.kotlin.dsl.Accessors6ijptz36i787i38pli2t3331aKt                      : loaded 2 times (x 71B)
Class org.jetbrains.kotlin.cli.common.CompilerSystemProperties                        : loaded 2 times (x 80B)
Class com.google.common.base.AbstractIterator$State                                   : loaded 2 times (x 79B)
Class org.jetbrains.kotlin.descriptors.DescriptorVisibilities$12                      : loaded 2 times (x 76B)
Class org.jetbrains.kotlin.metadata.ProtoBuf$ClassOrBuilder                           : loaded 2 times (x 70B)
Class org.jetbrains.kotlin.metadata.ProtoBuf$ValueParameter                           : loaded 2 times (x 128B)
Class org.apache.commons.io.FileUtils                                                 : loaded 2 times (x 71B)
Class com.google.common.collect.MapMakerInternalMap$StrongKeyDummyValueEntry$Helper   : loaded 2 times (x 79B)
Class com.google.common.io.Files$FileByteSink                                         : loaded 2 times (x 77B)
Class com.android.builder.model.v2.ide.AndroidGradlePluginProjectFlags                : loaded 2 times (x 70B)
Class [Lcom.android.builder.model.v2.ide.AndroidGradlePluginProjectFlags$BooleanFlag; : loaded 2 times (x 69B)
Class com.android.builder.model.v2.ide.BasicVariant                                   : loaded 2 times (x 70B)
Class org.objectweb.asm.ByteVector                                                    : loaded 2 times (x 79B)
Class [Lcom.google.common.cache.CacheBuilder$NullListener;                            : loaded 2 times (x 69B)
Class com.google.common.math.IntMath$1                                                : loaded 2 times (x 71B)
Class org.gradle.internal.classloader.VisitableURLClassLoader$Spec                    : loaded 2 times (x 74B)
Class org.gradle.internal.classpath.DefaultClassPath                                  : loaded 2 times (x 90B)
Class com.google.common.collect.MapMakerInternalMap$Strength$2                        : loaded 2 times (x 80B)
Class jdk.internal.jrtfs.SystemImage                                                  : loaded 2 times (x 74B)
Class org.jetbrains.kotlin.load.java.JvmAnnotationNames                               : loaded 2 times (x 71B)
Class com.squareup.javapoet.TypeSpec                                                  : loaded 2 times (x 72B)
Class androidx.room.vo.ShortcutQueryParameter                                         : loaded 2 times (x 72B)
Class androidx.room.ext.Xpoet_extKt                                                   : loaded 2 times (x 71B)
Class androidx.room.parser.SQLiteParser$Table_functionContext                         : loaded 2 times (x 152B)
Class androidx.room.jarjarred.org.antlr.v4.runtime.atn.LexerATNSimulator              : loaded 2 times (x 102B)
Class kotlin.reflect.jvm.internal.KMutableProperty1Impl$_setter$1                     : loaded 2 times (x 79B)
Class androidx.room.jarjarred.kotlinx.metadata.jvm.JvmFunctionExtensionVisitor        : loaded 2 times (x 80B)
Class org.jetbrains.kotlin.metadata.jvm.deserialization.JvmNameResolverBase$Companion : loaded 2 times (x 71B)
Class org.jetbrains.kotlin.metadata.ProtoBuf$MemberKind                               : loaded 2 times (x 82B)
Class androidx.room.ext.RoomPagingGuavaTypeNames                                      : loaded 2 times (x 71B)
Class androidx.room.solver.binderprovider.QueryResultBinderProviderWithRequiredArtifactKt: loaded 2 times (x 71B)
Class androidx.room.RawQuery                                                          : loaded 2 times (x 70B)
Class androidx.room.solver.types.BoxedBooleanToBoxedIntConverter$create$2             : loaded 2 times (x 75B)
Class org.jetbrains.kotlin.descriptors.DescriptorVisibilities$3                       : loaded 2 times (x 79B)
Class sync_studio_tooling10_9nbck3lbs38olwct585cha71q                                 : loaded 2 times (x 179B)
Class org.jetbrains.kotlin.idea.gradleTooling.reflect.KotlinMultiplatformImportReflection: loaded 2 times (x 70B)
Class [Landroidx.room.parser.SQLTypeAffinity;                                         : loaded 2 times (x 69B)
Class org.jetbrains.plugins.gradle.tooling.util.BooleanBiFunction                     : loaded 2 times (x 70B)
Class androidx.room.processor.ProcessorErrors                                         : loaded 2 times (x 71B)
Class androidx.room.compiler.processing.javac.JavacAnnotationBoxKt$ANNOTATION_VALUE_TO_LONG_VISITOR$1: loaded 2 times (x 105B)
Class com.intellij.gradle.toolingExtension.impl.model.sourceSetArtifactIndex.GradleSourceSetArtifactIndex: loaded 2 times (x 78B)
Class org.jetbrains.kotlin.idea.gradleTooling.KotlinMPPGradleModelBinary              : loaded 2 times (x 70B)
Class [Lorg.jetbrains.kotlin.build.report.metrics.GradleBuildTime;                    : loaded 2 times (x 69B)
Class jdk.internal.jimage.decompressor.ZipDecompressorFactory                         : loaded 2 times (x 74B)
Class com.google.common.base.AbstractIterator                                         : loaded 2 times (x 80B)
Class com.google.common.reflect.Types$ClassOwnership                                  : loaded 2 times (x 80B)
Class com.android.builder.model.v2.ide.BundleInfo                                     : loaded 2 times (x 70B)
Class com.android.builder.model.v2.ide.SourceProvider                                 : loaded 2 times (x 70B)
Class org.objectweb.asm.Symbol                                                        : loaded 2 times (x 73B)
Class org.gradle.util.internal.DefaultGradleVersion                                   : loaded 2 times (x 80B)
Class androidx.room.jarjarred.kotlinx.metadata.internal.protobuf.Internal$EnumLite    : loaded 2 times (x 70B)
Class androidx.room.jarjarred.kotlinx.metadata.internal.metadata.jvm.JvmProtoBuf$StringTableTypes$RecordOrBuilder: loaded 2 times (x 70B)
Class androidx.room.writer.TableInfoValidationWriter$Companion                        : loaded 2 times (x 71B)
Class com.squareup.javapoet.JavaFile                                                  : loaded 2 times (x 72B)
Class androidx.room.writer.FieldReadWriteWriter$Companion                             : loaded 2 times (x 71B)
Class androidx.room.writer.EntityInsertionAdapterWriter                               : loaded 2 times (x 72B)
Class androidx.room.solver.query.result.PojoIndexAdapter                              : loaded 2 times (x 76B)
Class androidx.room.vo.CallType                                                       : loaded 2 times (x 79B)
Class androidx.room.processor.PojoProcessor$doProcess$methods$1                       : loaded 2 times (x 78B)
Class com.squareup.javapoet.ClassName$1                                               : loaded 2 times (x 97B)
Class androidx.room.compiler.processing.javac.kotlin.KmClassContainer$functionByDescriptor$2: loaded 2 times (x 79B)
Class androidx.room.jarjarred.kotlinx.metadata.KmPropertyExtensionVisitor             : loaded 2 times (x 70B)
Class androidx.room.jarjarred.kotlinx.metadata.MemberKind                             : loaded 2 times (x 79B)
Class androidx.room.jarjarred.kotlinx.metadata.Attributes$modality$2                  : loaded 2 times (x 137B)
Class androidx.room.compiler.processing.javac.JavacMethodElement$parameters$2         : loaded 2 times (x 79B)
Class androidx.room.processor.PojoProcessor$assignGetter$success$2                    : loaded 2 times (x 79B)
Class androidx.room.solver.shortcut.binderprovider.DeleteOrUpdateMethodBinderProvider : loaded 2 times (x 70B)
Class [Landroidx.room.solver.types.SingleStatementTypeConverter;                      : loaded 2 times (x 69B)
Class androidx.room.compiler.processing.javac.JavacType$xTypeName$2                   : loaded 2 times (x 79B)
Class androidx.room.compiler.codegen.XClassName                                       : loaded 2 times (x 75B)
Class [Landroidx.room.jarjarred.kotlinx.metadata.internal.metadata.ProtoBuf$Effect$InvocationKind;: loaded 2 times (x 69B)
Class androidx.room.compiler.processing.XBasicAnnotationProcessor                     : loaded 2 times (x 70B)
Class org.jetbrains.kotlin.idea.gradleTooling.UtilsKt                                 : loaded 2 times (x 71B)
Class org.jetbrains.kotlin.metadata.ProtoBuf$Visibility                               : loaded 2 times (x 82B)
Class org.jetbrains.kotlin.metadata.ProtoBuf$ConstructorOrBuilder                     : loaded 2 times (x 70B)
Class org.jetbrains.kotlin.metadata.jvm.JvmProtoBuf                                   : loaded 2 times (x 71B)
Class com.google.common.io.Java8Compatibility                                         : loaded 2 times (x 71B)
Class com.google.common.collect.Sets$FilteredSet                                      : loaded 2 times (x 137B)
Class com.google.common.io.Closer                                                     : loaded 2 times (x 78B)
Class com.google.common.base.CharMatcher$Ascii                                        : loaded 2 times (x 112B)
Class androidx.room.jarjarred.org.antlr.v4.runtime.ANTLRErrorListener                 : loaded 2 times (x 70B)
Class org.gradle.internal.classloader.ClassLoaderSpec                                 : loaded 2 times (x 71B)
Class androidx.room.parser.SQLiteParser$ErrorContext                                  : loaded 2 times (x 152B)
Class org.apache.commons.codec.DecoderException                                       : loaded 2 times (x 82B)
Class androidx.room.compiler.codegen.XCodeBlock$Companion                             : loaded 2 times (x 71B)
Class androidx.room.vo.Dao$implTypeName$2                                             : loaded 2 times (x 79B)
Class com.squareup.javapoet.LineWrapper$1                                             : loaded 2 times (x 71B)
Class androidx.room.jarjarred.org.antlr.v4.runtime.atn.LexerATNSimulator$SimState     : loaded 2 times (x 73B)
Class androidx.room.jarjarred.org.antlr.v4.runtime.atn.LexerChannelAction             : loaded 2 times (x 76B)
Class androidx.room.jarjarred.org.antlr.v4.runtime.RecognitionException               : loaded 2 times (x 89B)
Class androidx.room.jarjarred.org.antlr.v4.runtime.CodePointBuffer$1                  : loaded 2 times (x 71B)
Class androidx.room.vo.PojoMethod                                                     : loaded 2 times (x 72B)
Class androidx.room.processor.PojoProcessor$doProcess$methods$2                       : loaded 2 times (x 79B)
Class androidx.room.jarjarred.kotlinx.metadata.internal.protobuf.FieldSet$1           : loaded 2 times (x 71B)
Class androidx.room.solver.shortcut.binderprovider.RxSingleOrMaybeInsertMethodBinderProvider: loaded 2 times (x 79B)
Class org.gradle.api.internal.ClassPathProvider                                       : loaded 2 times (x 70B)
Class androidx.room.compiler.processing.javac.JavacDeclaredType$typeArguments$2       : loaded 2 times (x 79B)
Class androidx.room.compiler.processing.javac.JavacType                               : loaded 2 times (x 187B)
Class com.squareup.kotlinpoet.TagMap$Companion                                        : loaded 2 times (x 71B)
Class [Lorg.gradle.api.internal.ClassPathProvider;                                    : loaded 2 times (x 69B)
Class org.gradle.tooling.ToolingModelContract                                         : loaded 2 times (x 70B)
Class org.jetbrains.plugins.gradle.model.DefaultExternalProjectDependency             : loaded 2 times (x 120B)
Class org.jetbrains.kotlin.tooling.core.InternerKt                                    : loaded 2 times (x 71B)
Class kotlin.text.MatchResult                                                         : loaded 2 times (x 70B)
Class com.google.common.collect.NaturalOrdering                                       : loaded 2 times (x 115B)
Class org.jetbrains.kotlin.descriptors.DeclarationDescriptorWithVisibility            : loaded 2 times (x 70B)
Class org.jetbrains.org.objectweb.asm.tree.AbstractInsnNode                           : loaded 2 times (x 78B)
Class org.jetbrains.kotlin.protobuf.SmallSortedMap                                    : loaded 2 times (x 130B)
Class com.google.common.io.ByteSource$EmptyByteSource                                 : loaded 2 times (x 85B)
Class org.objectweb.asm.AnnotationWriter                                              : loaded 2 times (x 79B)
Class com.google.common.cache.CacheStats                                              : loaded 2 times (x 71B)
Class com.google.common.collect.Sets$2                                                : loaded 2 times (x 139B)
Class androidx.room.compiler.codegen.XMemberName$Companion                            : loaded 2 times (x 71B)
Class androidx.room.writer.DaoWriter$InsertionMethodProperty                          : loaded 2 times (x 75B)
Class androidx.room.compiler.codegen.TargetLanguage                                   : loaded 2 times (x 70B)
Class androidx.room.vo.Database$typeName$2                                            : loaded 2 times (x 79B)
Class androidx.room.solver.shortcut.result.InsertOrUpsertMethodAdapter                : loaded 2 times (x 72B)
Class androidx.room.processor.ShortcutParameterProcessor                              : loaded 2 times (x 72B)
Class androidx.room.parser.SQLiteParser$Table_constraintContext                       : loaded 2 times (x 169B)
Class androidx.room.jarjarred.org.antlr.v4.runtime.dfa.DFAState                       : loaded 2 times (x 73B)
Class androidx.room.jarjarred.org.antlr.v4.runtime.atn.PlusLoopbackState              : loaded 2 times (x 82B)
Class [Lorg.sqlite.SQLiteConfig$PragmaValue;                                          : loaded 2 times (x 69B)
Class androidx.room.compiler.processing.XMethodType                                   : loaded 2 times (x 70B)
Class androidx.room.parser.Collate$Companion                                          : loaded 2 times (x 71B)
Class androidx.room.jarjarred.kotlinx.metadata.internal.metadata.deserialization.VersionRequirementTable$Companion: loaded 2 times (x 71B)
Class androidx.room.jarjarred.kotlinx.metadata.internal.metadata.jvm.JvmProtoBuf$JvmMethodSignature$Builder: loaded 2 times (x 134B)
Class androidx.room.jarjarred.kotlinx.metadata.internal.protobuf.Internal$EnumLiteMap : loaded 2 times (x 70B)
Class androidx.room.jarjarred.kotlinx.metadata.internal.metadata.jvm.JvmProtoBuf$JvmFieldSignatureOrBuilder: loaded 2 times (x 70B)
Class androidx.room.jarjarred.kotlinx.metadata.internal.protobuf.WireFormat$JavaType  : loaded 2 times (x 79B)
Class androidx.room.jarjarred.kotlinx.metadata.internal.protobuf.LiteralByteString    : loaded 2 times (x 112B)
Class androidx.room.jarjarred.kotlinx.metadata.internal.protobuf.GeneratedMessageLite : loaded 2 times (x 101B)
Class androidx.room.jarjarred.kotlinx.metadata.internal.metadata.deserialization.BinaryVersion$Companion: loaded 2 times (x 71B)
Class com.android.builder.model.v2.models.BasicAndroidProject                         : loaded 2 times (x 70B)
Class androidx.room.compiler.processing.javac.JavacAnnotationBoxKt$ANNOTATION_VALUE_BOOLEAN_ARR_VISITOR$1: loaded 2 times (x 105B)
Class [Lcom.google.common.base.Function;                                              : loaded 2 times (x 69B)
Class androidx.room.solver.shortcut.binderprovider.RxSingleMaybeUpsertMethodBinderProvider: loaded 2 times (x 79B)
Class com.google.common.collect.Maps$ViewCachingAbstractMap                           : loaded 2 times (x 125B)
Class androidx.room.compiler.processing.XMemberContainer                              : loaded 2 times (x 70B)
Class com.google.common.collect.MapMakerInternalMap$Strength$1                        : loaded 2 times (x 80B)
Class org.jetbrains.kotlin.protobuf.ExtensionRegistryLite                             : loaded 2 times (x 74B)
Class org.jetbrains.kotlin.metadata.jvm.JvmProtoBuf$JvmFieldSignature                 : loaded 2 times (x 108B)
Class com.intellij.gradle.toolingExtension.impl.model.resourceFilterModel.GradleResourceFilterModelBuilder: loaded 2 times (x 71B)
Class org.jetbrains.kotlin.protobuf.SmallSortedMap$EmptySet                           : loaded 2 times (x 71B)
Class org.jetbrains.kotlin.protobuf.MessageLite                                       : loaded 2 times (x 70B)
Class org.jetbrains.kotlin.load.kotlin.header.KotlinClassHeader$Kind$Companion        : loaded 2 times (x 71B)
Class Settings_gradle$1$1                                                             : loaded 2 times (x 75B)
Class com.google.common.collect.Interners                                             : loaded 2 times (x 71B)
Class com.google.common.io.LineProcessor                                              : loaded 2 times (x 70B)
Class com.google.common.io.Closer$Suppressor                                          : loaded 2 times (x 70B)
Class com.google.common.collect.ImmutableMultisetGwtSerializationDependencies         : loaded 2 times (x 125B)
Class org.objectweb.asm.RecordComponentWriter                                         : loaded 2 times (x 78B)
Class com.google.common.util.concurrent.AbstractFuture$Listener                       : loaded 2 times (x 72B)
Class [Lcom.android.builder.model.v2.ide.ProjectType;                                 : loaded 2 times (x 69B)
Class org.jetbrains.kotlin.metadata.ProtoBuf$Modality                                 : loaded 2 times (x 82B)
Class org.gradle.tooling.internal.adapter.ProtocolToModelAdapter$DefaultViewBuilder   : loaded 2 times (x 80B)
Class org.jetbrains.kotlin.descriptors.DescriptorVisibilities$2                       : loaded 2 times (x 79B)
Class org.jetbrains.plugins.gradle.tooling.serialization.internal.adapter.InternalProjectIdentifier: loaded 2 times (x 76B)
Class com.intellij.gradle.toolingExtension.impl.model.dependencyModel.GradleDependencyTraverser$Itr: loaded 2 times (x 83B)
Class androidx.room.writer.DaoWriter$createConstructor$body$1$1                       : loaded 2 times (x 78B)
Class androidx.room.compiler.codegen.XTypeSpec$Companion$WhenMappings                 : loaded 2 times (x 71B)
Class androidx.room.compiler.codegen.java.JavaPropertySpec                            : loaded 2 times (x 79B)
Class androidx.room.compiler.codegen.java.JavaFunSpecKt$WhenMappings                  : loaded 2 times (x 71B)
Class androidx.room.jarjarred.org.antlr.v4.runtime.tree.TerminalNodeImpl              : loaded 2 times (x 123B)
Class androidx.room.parser.SingleQuerySqlParser                                       : loaded 2 times (x 71B)
Class androidx.room.vo.HasSchemaIdentity                                              : loaded 2 times (x 70B)
Class androidx.room.processor.FieldProcessor                                          : loaded 2 times (x 72B)
Class androidx.room.compiler.processing.XMethodElementKt                              : loaded 2 times (x 71B)
Class androidx.room.compiler.processing.javac.kotlin.KmBaseTypeContainer              : loaded 2 times (x 70B)
Class androidx.room.jarjarred.kotlinx.metadata.Attributes$visibility$22               : loaded 2 times (x 137B)
Class androidx.room.jarjarred.kotlinx.metadata.jvm.JvmConstructorExtensionVisitor$Companion: loaded 2 times (x 71B)
Class com.intellij.gradle.toolingExtension.impl.initScript.util.GradleTasksUtil       : loaded 2 times (x 71B)
Class org.jetbrains.kotlin.idea.gradleTooling.reflect.KotlinSourceSetReflectionKt     : loaded 2 times (x 71B)
Class org.jetbrains.kotlin.cli.common.ModuleVisibilityHelperImpl                      : loaded 2 times (x 74B)
Class kotlin.io.FileTreeWalk$DirectoryState                                           : loaded 2 times (x 73B)
Class [Lcom.android.builder.model.v2.ide.AaptOptions$Namespacing;                     : loaded 2 times (x 69B)
Class com.android.ide.common.gradle.Version$Companion$ParseState                      : loaded 2 times (x 70B)
Class org.objectweb.asm.Attribute                                                     : loaded 2 times (x 77B)
Class com.google.common.base.Supplier                                                 : loaded 2 times (x 70B)
Class org.gradle.tooling.internal.adapter.ProtocolToModelAdapter$ViewGraphDetails$1   : loaded 2 times (x 77B)
Class org.gradle.internal.classloader.VisitableURLClassLoader                         : loaded 2 times (x 117B)
Class androidx.room.RoomProcessor$1                                                   : loaded 2 times (x 78B)
Class kotlin.reflect.jvm.internal.impl.builtins.PrimitiveType$arrayTypeFqName$2       : loaded 2 times (x 79B)
Class androidx.room.writer.DaoWriter$createConstructor$body$1$2                       : loaded 2 times (x 78B)
Class [Landroidx.room.solver.shortcut.result.InsertOrUpsertMethodAdapter$ReturnInfo;  : loaded 2 times (x 69B)
Class androidx.room.processor.cache.Cache$Bucket                                      : loaded 2 times (x 72B)
Class androidx.room.parser.SQLiteParser$Boolean_literalContext                        : loaded 2 times (x 153B)
Class androidx.room.parser.SQLiteParser$Detach_stmtContext                            : loaded 2 times (x 154B)
Class androidx.room.jarjarred.org.antlr.v4.runtime.CodePointCharStream$CodePoint8BitCharStream: loaded 2 times (x 88B)
Class org.sqlite.jdbc3.JDBC3Statement$SQLCallable                                     : loaded 2 times (x 70B)
Class org.sqlite.Function$Aggregate                                                   : loaded 2 times (x 75B)
Class androidx.room.solver.binderprovider.QueryResultBinderProviderWithRequiredArtifact$hasRequiredArtifact$2: loaded 2 times (x 79B)
Class androidx.room.compiler.processing.DeclarationCollectorKt$collectAllMethods$1    : loaded 2 times (x 95B)
Class androidx.room.jarjarred.kotlinx.metadata.Attributes$modality$6                  : loaded 2 times (x 137B)
Class androidx.room.processor.cache.Cache$PojoKey                                     : loaded 2 times (x 72B)
Class androidx.room.solver.prepared.binderprovider.RxSingleOrMaybePreparedQueryResultBinderProvider: loaded 2 times (x 79B)
Class androidx.room.jarjarred.kotlinx.metadata.internal.protobuf.Parser               : loaded 2 times (x 70B)
Class androidx.room.jarjarred.kotlinx.metadata.internal.protobuf.ByteString$ByteIterator: loaded 2 times (x 70B)
Class androidx.room.compiler.processing.javac.JavacBasicAnnotationProcessor$commonDelegate$2: loaded 2 times (x 79B)
Class androidx.room.jarjarred.kotlinx.metadata.internal.protobuf.GeneratedMessageLite$1: loaded 2 times (x 71B)
Class com.android.ide.gradle.model.dependencies.DeclaredDependenciesModelBuilderKt    : loaded 2 times (x 71B)
Class androidx.room.jarjarred.kotlinx.metadata.internal.metadata.deserialization.TypeTable: loaded 2 times (x 72B)
Class com.google.auto.common.MoreElements$2                                           : loaded 2 times (x 71B)
Class androidx.room.processor.PojoProcessor$assignGetter$success$1                    : loaded 2 times (x 78B)
Class org.sqlite.SQLiteConfig$DatePrecision                                           : loaded 2 times (x 82B)
Class org.sqlite.date.FastDateFormat$1                                                : loaded 2 times (x 79B)
Class Settings_gradle                                                                 : loaded 2 times (x 128B)
Class com.google.common.collect.ImmutableList$SerializedForm                          : loaded 2 times (x 73B)
Class com.google.common.util.concurrent.AbstractFuture$Waiter                         : loaded 2 times (x 72B)
Class com.android.ide.common.repository.AgpVersion$Companion                          : loaded 2 times (x 71B)
Class androidx.room.compiler.processing.javac.JavacTypeElement$JavacEnumTypeElement$entries$2: loaded 2 times (x 79B)
Class androidx.room.jarjarred.org.antlr.v4.runtime.atn.BasicState                     : loaded 2 times (x 82B)
Class org.gradle.tooling.model.idea.IdeaDependency                                    : loaded 2 times (x 70B)
Class androidx.room.parser.SQLiteParser$Join_operatorContext                          : loaded 2 times (x 158B)
Class androidx.room.jarjarred.org.antlr.v4.runtime.ProxyErrorListener                 : loaded 2 times (x 82B)
Class androidx.room.writer.DatabaseWriter$WhenMappings                                : loaded 2 times (x 71B)
Class com.squareup.javapoet.LineWrapper$FlushType                                     : loaded 2 times (x 79B)
Class com.squareup.javapoet.FieldSpec                                                 : loaded 2 times (x 72B)
Class androidx.room.processor.InsertionMethodProcessor                                : loaded 2 times (x 72B)
Class androidx.room.jarjarred.org.antlr.v4.runtime.atn.ProfilingATNSimulator          : loaded 2 times (x 120B)
Class androidx.room.parser.SQLiteParser                                               : loaded 2 times (x 153B)
Class androidx.room.jarjarred.org.antlr.v4.runtime.atn.RuleTransition                 : loaded 2 times (x 77B)
Class androidx.room.writer.ValidationWriter$CodeBlockWrapper                          : loaded 2 times (x 87B)
Class androidx.room.vo.Fields$columnNames$2                                           : loaded 2 times (x 79B)
Class androidx.room.compiler.processing.javac.JavacFieldElement                       : loaded 2 times (x 227B)
Class androidx.room.jarjarred.kotlinx.metadata.jvm.JvmExtensionsKt                    : loaded 2 times (x 71B)
Class androidx.room.jarjarred.kotlinx.metadata.internal.FlagImpl                      : loaded 2 times (x 72B)
Class androidx.room.jarjarred.kotlinx.metadata.internal.metadata.ProtoBuf$ContractOrBuilder: loaded 2 times (x 70B)
Class androidx.room.solver.TypeConverterStoreImpl                                     : loaded 2 times (x 80B)
Class androidx.room.compiler.processing.util.MemoizedSequence$delegateIterator$2      : loaded 2 times (x 79B)
Class org.gradle.api.internal.DefaultClassPathProvider                                : loaded 2 times (x 76B)
Class com.intellij.gradle.toolingExtension.impl.model.dependencyModel.GradleDependencyResolver$1: loaded 2 times (x 77B)
Class com.google.common.collect.ComparatorOrdering                                    : loaded 2 times (x 115B)
Class org.jetbrains.kotlin.protobuf.CodedOutputStream                                 : loaded 2 times (x 72B)
Class org.jetbrains.org.objectweb.asm.tree.TypeInsnNode                               : loaded 2 times (x 78B)
Class org.jetbrains.kotlin.metadata.ProtoBuf$Annotation                               : loaded 2 times (x 109B)
Class jdk.internal.jimage.decompressor.ZipDecompressor                                : loaded 2 times (x 75B)
Class com.google.common.collect.MapMakerInternalMap                                   : loaded 2 times (x 161B)
Class com.google.common.collect.HashBiMap                                             : loaded 2 times (x 143B)
Class com.android.builder.model.v2.ide.AaptOptions                                    : loaded 2 times (x 70B)
Class [Lcom.android.builder.model.v2.ide.BytecodeTransformation;                      : loaded 2 times (x 69B)
Class com.google.common.base.Strings                                                  : loaded 2 times (x 71B)
Class com.android.ide.common.gradle.Version$Companion                                 : loaded 2 times (x 71B)
Class com.google.common.collect.Sets                                                  : loaded 2 times (x 71B)
Class org.objectweb.asm.Handler                                                       : loaded 2 times (x 72B)
Class com.google.common.base.Ticker                                                   : loaded 2 times (x 72B)
Class org.objectweb.asm.AnnotationVisitor                                             : loaded 2 times (x 78B)
Class androidx.room.writer.EntityDeleteComparator                                     : loaded 2 times (x 89B)
Class androidx.room.jarjarred.org.antlr.v4.runtime.Token                              : loaded 2 times (x 70B)
Class org.sqlite.SQLiteOpenMode                                                       : loaded 2 times (x 79B)
Class [Landroidx.room.jarjarred.kotlinx.metadata.internal.metadata.ProtoBuf$VersionRequirement$VersionKind;: loaded 2 times (x 69B)
Class androidx.room.compiler.processing.javac.JavacMethodType$NormalMethodType        : loaded 2 times (x 91B)
Class androidx.room.jarjarred.kotlinx.metadata.internal.metadata.deserialization.Flags: loaded 2 times (x 71B)
Class androidx.room.jarjarred.kotlinx.metadata.internal.extensions.KmConstructorExtension: loaded 2 times (x 70B)
Class androidx.room.jarjarred.kotlinx.metadata.jvm.internal.JvmMetadataExtensions     : loaded 2 times (x 103B)
Class androidx.room.jarjarred.kotlinx.metadata.internal.metadata.deserialization.BinaryVersion: loaded 2 times (x 74B)
Class com.google.common.collect.Sets$1                                                : loaded 2 times (x 139B)
Class com.android.ide.common.gradle.Numeric                                           : loaded 2 times (x 77B)
Class com.google.common.collect.ImmutableSet$SerializedForm                           : loaded 2 times (x 73B)
Class androidx.room.compiler.processing.XRoundEnv                                     : loaded 2 times (x 70B)
Class kotlin.reflect.jvm.internal.KCallableImpl$_typeParameters$1                     : loaded 2 times (x 79B)
Class com.google.common.base.Splitter                                                 : loaded 2 times (x 72B)
Class androidx.room.Database                                                          : loaded 2 times (x 70B)
Class org.jetbrains.plugins.gradle.model.DefaultExternalTask                          : loaded 2 times (x 83B)
Class com.google.common.collect.Iterators$EmptyModifiableIterator                     : loaded 2 times (x 86B)
Class org.jetbrains.plugins.gradle.tooling.builder.WarModelBuilderImplKt              : loaded 2 times (x 71B)
Class org.jetbrains.kotlin.protobuf.CodedOutputStream$ByteBufferOutputStream          : loaded 2 times (x 86B)
Class org.jetbrains.kotlin.descriptors.DescriptorVisibilities$1                       : loaded 2 times (x 79B)
Class org.jetbrains.kotlin.util.ModuleVisibilityHelper                                : loaded 2 times (x 70B)
Class [Lorg.jetbrains.kotlin.metadata.jvm.JvmProtoBuf$StringTableTypes$Record$Operation;: loaded 2 times (x 69B)
Class [Lorg.jetbrains.kotlin.load.kotlin.header.KotlinClassHeader$Kind;               : loaded 2 times (x 69B)
Class com.google.common.cache.RemovalCause$1                                          : loaded 2 times (x 80B)
Class com.android.builder.model.v2.models.ndk.NativeModelBuilderParameter             : loaded 2 times (x 70B)
Class [Lcom.google.common.cache.LocalCache$Segment;                                   : loaded 2 times (x 69B)
Class [Lcom.google.common.cache.LocalCache$Strength;                                  : loaded 2 times (x 69B)
Class com.google.common.cache.CacheBuilder$1                                          : loaded 2 times (x 85B)
Class kotlin.KotlinNothingValueException                                              : loaded 2 times (x 82B)
Class org.gradle.internal.classpath.DefaultClassPath$ImmutableUniqueList$Builder      : loaded 2 times (x 75B)
Class androidx.room.compiler.processing.XFilerKt$WhenMappings                         : loaded 2 times (x 71B)
Class androidx.room.compiler.codegen.java.JavaTypeSpec$Builder                        : loaded 2 times (x 88B)
Class androidx.room.migration.bundle.DatabaseBundle$entitiesByTableName$2             : loaded 2 times (x 79B)
Class androidx.room.migration.bundle.FieldBundle                                      : loaded 2 times (x 82B)
Class androidx.room.vo.Database$bundle$2                                              : loaded 2 times (x 79B)
Class androidx.room.vo.Dao$deleteOrUpdateShortcutMethods$2                            : loaded 2 times (x 79B)
Class androidx.room.vo.QueryMethod                                                    : loaded 2 times (x 72B)
Class androidx.room.verifier.ColumnInfo                                               : loaded 2 times (x 72B)
Class androidx.room.parser.SQLiteParser$Update_stmt_limitedContext                    : loaded 2 times (x 174B)
Class androidx.room.jarjarred.org.antlr.v4.runtime.tree.RuleNode                      : loaded 2 times (x 70B)
Class androidx.room.jarjarred.org.antlr.v4.runtime.Vocabulary                         : loaded 2 times (x 70B)
Class androidx.room.compiler.processing.XMethodTypeKt                                 : loaded 2 times (x 71B)
Class org.sqlite.jdbc4.JDBC4DatabaseMetaData                                          : loaded 2 times (x 441B)
Class androidx.room.compiler.processing.javac.JavacConstructorElement$typeParameters$2: loaded 2 times (x 79B)
Class androidx.room.ext.Xtype_extKt                                                   : loaded 2 times (x 71B)
Class androidx.room.jarjarred.kotlinx.metadata.Modality                               : loaded 2 times (x 79B)
Class androidx.room.jarjarred.kotlinx.metadata.internal.metadata.ProtoBuf$TypeTableOrBuilder: loaded 2 times (x 70B)
Class androidx.room.solver.prepared.binderprovider.RxPreparedQueryResultBinderProvider: loaded 2 times (x 79B)
Class androidx.room.compiler.processing.javac.JavacArrayType$componentType$2          : loaded 2 times (x 79B)
Class androidx.room.compiler.processing.javac.JavacDeclaredType                       : loaded 2 times (x 187B)
Class androidx.room.log.RLog$Companion                                                : loaded 2 times (x 71B)
Class org.jetbrains.kotlin.idea.gradleTooling.model.allopen.AllOpenModel              : loaded 2 times (x 70B)
Class kotlin.reflect.jvm.internal.KProperty1Impl$_getter$1                            : loaded 2 times (x 79B)
Class androidx.room.compiler.processing.javac.JavacProcessingEnv$messager$2           : loaded 2 times (x 79B)
Class androidx.room.compiler.processing.javac.JavacTypeElement$qualifiedName$2        : loaded 2 times (x 79B)
Class androidx.room.DatabaseProcessingStep$process$databases$1$1                      : loaded 2 times (x 79B)
Class androidx.room.solver.types.PrimitiveColumnTypeAdapter$Companion$Primitive       : loaded 2 times (x 79B)
Class org.jetbrains.plugins.gradle.tooling.internal.ClasspathEntryModelImpl           : loaded 2 times (x 80B)
Class androidx.room.compiler.processing.javac.DefaultJavacType$equalityItems$2        : loaded 2 times (x 79B)
Class androidx.room.ext.RoomCoroutinesTypeNames                                       : loaded 2 times (x 71B)
Class androidx.room.solver.shortcut.binderprovider.RxCallableUpsertMethodBinderProvider$Companion: loaded 2 times (x 71B)
Class org.jetbrains.kotlin.serialization.deserialization.ProtoEnumFlags               : loaded 2 times (x 71B)
Class org.jetbrains.kotlin.protobuf.Internal$EnumLite                                 : loaded 2 times (x 70B)
Class kotlin.io.FileTreeWalk$WalkState                                                : loaded 2 times (x 73B)
Class com.google.common.cache.RemovalCause$2                                          : loaded 2 times (x 80B)
Class com.google.common.collect.MapMakerInternalMap$WeakValueReference                : loaded 2 times (x 70B)
Class com.google.gson.stream.JsonToken                                                : loaded 2 times (x 79B)
Class androidx.room.jarjarred.kotlinx.metadata.jvm.internal.JvmClassExtension         : loaded 2 times (x 93B)
Class com.google.common.cache.LocalCache                                              : loaded 2 times (x 187B)
Class com.google.common.cache.CacheBuilder$2                                          : loaded 2 times (x 79B)
Class androidx.room.jarjarred.kotlinx.metadata.internal.protobuf.CodedOutputStream    : loaded 2 times (x 72B)
Class org.gradle.tooling.internal.adapter.WeakIdentityHashMap$AbsentValueProvider     : loaded 2 times (x 70B)
Class androidx.room.writer.TypeWriter$SharedPropertySpec                              : loaded 2 times (x 75B)
Class androidx.room.RoomMasterTable                                                   : loaded 2 times (x 71B)
Class androidx.room.solver.shortcut.binder.InsertOrUpsertMethodBinder                 : loaded 2 times (x 73B)
Class androidx.room.jarjarred.org.antlr.v4.runtime.atn.ATNDeserializationOptions      : loaded 2 times (x 72B)
Class androidx.room.verifier.DatabaseVerifier$Companion                               : loaded 2 times (x 71B)
Class androidx.room.compiler.processing.javac.kotlin.KmConstructorContainer           : loaded 2 times (x 100B)
Class androidx.room.vo.Field                                                          : loaded 2 times (x 75B)
Class com.squareup.javapoet.TypeName$1                                                : loaded 2 times (x 109B)
Class androidx.room.compiler.processing.javac.JavacMethodElement$returnType$2         : loaded 2 times (x 79B)
Class androidx.room.compiler.processing.javac.kotlin.KmTypeContainer                  : loaded 2 times (x 76B)
Class androidx.room.compiler.processing.javac.kotlin.KmClassContainer$functionList$2  : loaded 2 times (x 79B)
Class androidx.room.compiler.processing.javac.kotlin.KmClassContainer$type$2          : loaded 2 times (x 79B)
Class androidx.room.jarjarred.kotlinx.metadata.internal.metadata.jvm.JvmProtoBuf$JvmPropertySignature$1: loaded 2 times (x 144B)
Class androidx.room.jarjarred.kotlinx.metadata.Attributes$hasAnnotations$10           : loaded 2 times (x 137B)
Class androidx.room.parser.SQLiteParser$Attach_stmtContext                            : loaded 2 times (x 156B)
Class androidx.room.vo.BuiltInConverterFlagsKt$WhenMappings                           : loaded 2 times (x 71B)
Class [Lcom.squareup.kotlinpoet.Taggable;                                             : loaded 2 times (x 69B)
Class androidx.room.compiler.processing.XProcessingEnv$WhenMappings                   : loaded 2 times (x 71B)
Class androidx.room.parser.SQLTypeAffinity                                            : loaded 2 times (x 79B)
Class androidx.room.compiler.processing.javac.JavacTypeElement$Companion$WhenMappings : loaded 2 times (x 71B)
Class androidx.room.compiler.codegen.VisibilityModifier                               : loaded 2 times (x 79B)
Class org.gradle.tooling.internal.gradle.DefaultProjectIdentifier                     : loaded 2 times (x 86B)
Class com.google.common.collect.ListMultimap                                          : loaded 2 times (x 70B)
Class kotlin.reflect.jvm.internal.KClassImpl$Data$typeParameters$2                    : loaded 2 times (x 79B)
Class com.android.builder.model.v2.models.AndroidDsl                                  : loaded 2 times (x 70B)
Class kotlin.reflect.jvm.internal.ReflectProperties$LazyVal                           : loaded 2 times (x 75B)
Class [Landroidx.room.processor.Context$BooleanProcessorOptions;                      : loaded 2 times (x 69B)
Class com.google.common.collect.CollectSpliterators$1WithCharacteristics              : loaded 2 times (x 90B)
Class ijKotlinCoroutineJvmDebugInit1_1oafz8vith36pjqu8qrivxvgq$_run_closure1$_closure3: loaded 2 times (x 139B)
Class com.intellij.gradle.toolingExtension.impl.model.buildScriptClasspathModel.GradleBuildScriptClasspathCache: loaded 2 times (x 75B)
Class com.intellij.openapi.externalSystem.model.project.dependencies.ProjectDependenciesImpl: loaded 2 times (x 77B)
Class org.jetbrains.kotlin.idea.gradleTooling.model.samWithReceiver.SamWithReceiverModel: loaded 2 times (x 70B)
Class org.apache.commons.io.output.StringBuilderWriter                                : loaded 2 times (x 100B)
Class [Lorg.apache.commons.io.StandardLineSeparator;                                  : loaded 2 times (x 69B)
Class org.jetbrains.kotlin.protobuf.RopeByteString                                    : loaded 2 times (x 110B)
Class org.jetbrains.kotlin.metadata.jvm.deserialization.JvmNameResolverBase           : loaded 2 times (x 80B)
Class org.jetbrains.org.objectweb.asm.tree.IincInsnNode                               : loaded 2 times (x 78B)
Class org.jetbrains.org.objectweb.asm.tree.MultiANewArrayInsnNode                     : loaded 2 times (x 79B)
Class com.google.common.cache.RemovalCause$3                                          : loaded 2 times (x 80B)
Class org.jetbrains.kotlin.config.LanguageVersion                                     : loaded 2 times (x 91B)
Class org.jetbrains.kotlin.cli.common.arguments.K2JVMCompilerArguments                : loaded 2 times (x 81B)
Class com.google.common.collect.ArrayListMultimap                                     : loaded 2 times (x 172B)
Class com.google.common.cache.CacheBuilder$3                                          : loaded 2 times (x 72B)
Class org.jetbrains.kotlin.metadata.jvm.deserialization.JvmMetadataVersion            : loaded 2 times (x 74B)
Class org.gradle.internal.exceptions.NonGradleCauseExceptionsHolder                   : loaded 2 times (x 70B)
Class org.gradle.tooling.model.idea.IdeaModuleDependency                              : loaded 2 times (x 70B)
Class org.gradle.tooling.internal.adapter.ViewBuilder                                 : loaded 2 times (x 70B)
Class [Lorg.jetbrains.kotlin.descriptors.CallableMemberDescriptor$Kind;               : loaded 2 times (x 69B)
Class androidx.room.compiler.codegen.XTypeSpec$Builder$Companion                      : loaded 2 times (x 71B)
Class androidx.room.parser.SQLiteParser$Table_or_index_nameContext                    : loaded 2 times (x 152B)
Class androidx.room.jarjarred.org.antlr.v4.runtime.atn.ATNDeserializer$1              : loaded 2 times (x 71B)
Class androidx.room.jarjarred.kotlinx.metadata.KmVariance                             : loaded 2 times (x 79B)
Class com.squareup.javapoet.TypeName$2                                                : loaded 2 times (x 71B)
Class androidx.room.processor.cache.Cache$EntityKey                                   : loaded 2 times (x 72B)
Class kotlin.reflect.jvm.internal.CachesKt$K_CLASS_CACHE$1                            : loaded 2 times (x 78B)
Class androidx.room.vo.BuiltInConverterFlagsKt                                        : loaded 2 times (x 71B)
Class androidx.room.solver.binderprovider.RxQueryResultBinderProvider$Companion       : loaded 2 times (x 71B)
Class com.google.auto.common.MoreElements$TypeElementVisitor                          : loaded 2 times (x 93B)
Class androidx.room.compiler.processing.CommonProcessorDelegate$processRound$currentElementsDeferredByStep$1$previousRoundDeferredElementsByAnnotation$1: loaded 2 times (x 78B)
Class androidx.room.solver.binderprovider.RxCallableQueryResultBinderProvider         : loaded 2 times (x 76B)
Class com.google.auto.common.MoreTypes$AsElementVisitor                               : loaded 2 times (x 101B)
Class androidx.room.Index                                                             : loaded 2 times (x 70B)
Class org.jetbrains.plugins.gradle.tooling.util.BiFunction                            : loaded 2 times (x 70B)
Class org.jetbrains.plugins.gradle.model.AbstractExternalDependency                   : loaded 2 times (x 106B)
Class org.jetbrains.kotlin.idea.gradleTooling.model.kapt.KaptGradleModelImpl          : loaded 2 times (x 77B)
Class androidx.room.jarjarred.kotlinx.metadata.jvm.KotlinClassMetadata$Class          : loaded 2 times (x 72B)
Class org.jetbrains.kotlin.idea.gradleTooling.PrepareKotlinIdeaImportTaskModelBuilder$Messages: loaded 2 times (x 71B)
Class androidx.room.jarjarred.kotlinx.metadata.internal.protobuf.SmallSortedMap$EmptySet$2: loaded 2 times (x 78B)
Class androidx.room.jarjarred.kotlinx.metadata.internal.metadata.ProtoBuf$Type        : loaded 2 times (x 145B)
Class org.jetbrains.org.objectweb.asm.tree.LocalVariableAnnotationNode                : loaded 2 times (x 81B)
Class androidx.room.jarjarred.kotlinx.metadata.internal.metadata.ProtoBuf$PackageOrBuilder: loaded 2 times (x 70B)
Class org.jetbrains.kotlin.metadata.deserialization.BinaryVersion                     : loaded 2 times (x 74B)
Class jdk.internal.jimage.ImageStrings                                                : loaded 2 times (x 70B)
Class com.google.common.cache.RemovalCause$4                                          : loaded 2 times (x 80B)
Class org.apache.commons.io.StandardLineSeparator                                     : loaded 2 times (x 79B)
Class com.google.common.base.Suppliers$MemoizingSupplier                              : loaded 2 times (x 79B)
Class com.android.builder.model.v2.ide.AndroidLibraryData                             : loaded 2 times (x 70B)
Class com.android.builder.model.v2.ide.ApiVersion                                     : loaded 2 times (x 70B)
Class com.android.ide.common.gradle.Version                                           : loaded 2 times (x 75B)
Class gnu.trove.Equality                                                              : loaded 2 times (x 70B)
Class androidx.room.jarjarred.kotlinx.metadata.internal.ReadUtilsKt                   : loaded 2 times (x 71B)
Class androidx.room.jarjarred.kotlinx.metadata.KmTypeProjection                       : loaded 2 times (x 72B)
Class androidx.room.migration.bundle.SchemaEquality                                   : loaded 2 times (x 70B)
Class androidx.room.solver.shortcut.result.InsertOrUpsertMethodAdapter$Companion$createInsert$1: loaded 2 times (x 125B)
Class androidx.room.vo.QueryMethod$sectionToParamMapping$2                            : loaded 2 times (x 79B)
Class androidx.room.parser.SQLiteParser$Any_nameContext                               : loaded 2 times (x 157B)
Class androidx.room.processor.MethodProcessorDelegate                                 : loaded 2 times (x 80B)
Class androidx.room.compiler.processing.javac.JavacMethodElement$propertyName$2       : loaded 2 times (x 79B)
Class androidx.room.jarjarred.kotlinx.metadata.internal.metadata.ProtoBuf$TypeParameter$Variance$1: loaded 2 times (x 74B)
Class androidx.room.jarjarred.kotlinx.metadata.KmDeclarationContainerExtensionVisitor : loaded 2 times (x 70B)
Class androidx.room.compiler.processing.javac.JavacAnnotationBoxKt$ANNOTATION_VALUE_TO_CHAR_VISITOR$1: loaded 2 times (x 105B)
Class androidx.room.solver.RxVersion                                                  : loaded 2 times (x 79B)
Class com.google.auto.common.MoreTypes$CastingTypeVisitor                             : loaded 2 times (x 102B)
Class com.google.auto.common.SuperficialValidation$1                                  : loaded 2 times (x 97B)
Class androidx.room.compiler.processing.javac.JavacRoundEnv                           : loaded 2 times (x 78B)
Class androidx.room.jarjarred.org.antlr.v4.runtime.atn.SetTransition                  : loaded 2 times (x 76B)
Class kotlin.reflect.jvm.internal.KPropertyImpl$_descriptor$1                         : loaded 2 times (x 79B)
Class [Landroidx.room.jarjarred.org.antlr.v4.runtime.atn.ATNConfig;                   : loaded 2 times (x 69B)
Class androidx.room.parser.SQLiteParser$Rollback_stmtContext                          : loaded 2 times (x 157B)
Class androidx.room.parser.SQLiteParser$Upsert_clauseContext                          : loaded 2 times (x 172B)
Class com.intellij.gradle.toolingExtension.impl.initScript.util.GradleDebuggerUtil    : loaded 2 times (x 71B)
Class org.jetbrains.plugins.gradle.model.ModelFactory                                 : loaded 2 times (x 71B)
Class org.jetbrains.plugins.gradle.tooling.serialization.ToolingStreamApiUtilsKt      : loaded 2 times (x 71B)
Class androidx.room.parser.QueryVisitor$createParsedQuery$$inlined$sortedBy$1         : loaded 2 times (x 89B)
Class org.jetbrains.plugins.gradle.tooling.ModelBuilderContext$DataProvider           : loaded 2 times (x 70B)
Class org.jetbrains.kotlin.metadata.ProtoBuf$Type$Argument$Projection                 : loaded 2 times (x 82B)
Class org.jetbrains.org.objectweb.asm.tree.InvokeDynamicInsnNode                      : loaded 2 times (x 78B)
Class androidx.room.processor.SuspendMethodProcessorDelegate$continuationParam$2      : loaded 2 times (x 79B)
Class com.google.common.cache.RemovalCause$5                                          : loaded 2 times (x 80B)
Class [Lcom.google.common.collect.MapMakerInternalMap$Strength;                       : loaded 2 times (x 69B)
Class [Lcom.google.common.io.FileWriteMode;                                           : loaded 2 times (x 69B)
Class com.google.common.collect.Maps$AbstractFilteredMap                              : loaded 2 times (x 127B)
Class com.android.builder.model.v2.models.Versions$Version                            : loaded 2 times (x 70B)
Class org.apache.commons.codec.binary.Hex                                             : loaded 2 times (x 92B)
Class androidx.room.solver.query.result.QueryMappedRowAdapter                         : loaded 2 times (x 76B)
Class org.sqlite.jdbc4.JDBC4PreparedStatement                                         : loaded 2 times (x 390B)
Class androidx.room.parser.SQLiteParser$Column_name_listContext                       : loaded 2 times (x 157B)
Class androidx.room.jarjarred.org.antlr.v4.runtime.atn.ATNType                        : loaded 2 times (x 79B)
Class org.sqlite.SQLiteConfig$SynchronousMode                                         : loaded 2 times (x 82B)
Class androidx.room.compiler.processing.DeclarationCollectorKt$collectFieldsIncludingPrivateSupers$1$yieldAllFields$1: loaded 2 times (x 88B)
Class androidx.room.jarjarred.kotlinx.metadata.internal.metadata.ProtoBuf$ValueParameterOrBuilder: loaded 2 times (x 70B)
Class androidx.room.jarjarred.kotlinx.metadata.internal.metadata.ProtoBuf$FunctionOrBuilder: loaded 2 times (x 70B)
Class androidx.room.processor.PojoProcessor$DefaultDelegate$onPreProcess$1            : loaded 2 times (x 78B)
Class com.google.auto.value.AutoValue                                                 : loaded 2 times (x 70B)
Class androidx.room.vo.ShortcutEntity                                                 : loaded 2 times (x 72B)
Class androidx.room.Query                                                             : loaded 2 times (x 70B)
Class com.google.auto.common.SuperficialValidation$2                                  : loaded 2 times (x 108B)
Class org.gradle.api.internal.classpath.EffectiveClassPath                            : loaded 2 times (x 90B)
Class kotlin.sequences.SequencesKt___SequencesKt$flatMap$2                            : loaded 2 times (x 125B)
Class com.google.common.collect.Ordering                                              : loaded 2 times (x 114B)
Class [Lcom.android.ide.common.repository.AgpVersion$PreviewKind;                     : loaded 2 times (x 69B)
Class Build_gradle$1$1                                                                : loaded 2 times (x 78B)
Class org.jetbrains.kotlin.tooling.core.KotlinToolingVersion$Maturity                 : loaded 2 times (x 79B)
Class kotlin.io.FileTreeWalk$FileTreeWalkIterator                                     : loaded 2 times (x 83B)
Class org.jetbrains.org.objectweb.asm.tree.FrameNode                                  : loaded 2 times (x 79B)
Class org.jetbrains.kotlin.metadata.jvm.JvmProtoBuf$StringTableTypesOrBuilder         : loaded 2 times (x 70B)
Class [Lcom.intellij.openapi.externalSystem.model.project.IExternalSystemSourceType;  : loaded 2 times (x 69B)
Class org.jetbrains.kotlin.metadata.deserialization.Flags$EnumLiteFlagField           : loaded 2 times (x 76B)
Class org.jetbrains.kotlin.metadata.jvm.JvmProtoBuf$JvmPropertySignature$Builder      : loaded 2 times (x 141B)
Class org.jetbrains.kotlin.metadata.ProtoBuf$Type$Argument$1                          : loaded 2 times (x 144B)
Class com.google.common.collect.Iterables$4                                           : loaded 2 times (x 81B)
Class com.google.common.collect.MapMakerInternalMap$StrongKeyDummyValueSegment        : loaded 2 times (x 142B)
Class com.google.common.cache.LocalCache$WriteThroughEntry                            : loaded 2 times (x 79B)
Class com.google.common.cache.LocalCache$HashIterator                                 : loaded 2 times (x 86B)
Class com.google.common.io.Files                                                      : loaded 2 times (x 71B)
Class org.jetbrains.kotlin.cli.common.arguments.CommonCompilerArguments               : loaded 2 times (x 80B)
Class com.google.common.cache.LocalCache$EntryFactory                                 : loaded 2 times (x 83B)
Class gnu.trove.TObjectHashingStrategy                                                : loaded 2 times (x 70B)
Class org.gradle.tooling.internal.adapter.ProtocolToModelAdapter$ReflectionMethodInvoker: loaded 2 times (x 76B)
Class org.jetbrains.kotlin.tooling.core.Interner                                      : loaded 2 times (x 70B)
Class kotlin.reflect.jvm.internal.KClassImpl$Data$objectInstance$2                    : loaded 2 times (x 79B)
Class androidx.room.writer.EntityInsertionAdapterWriter$Companion                     : loaded 2 times (x 71B)
Class androidx.room.compiler.codegen.XPropertySpec$Builder                            : loaded 2 times (x 70B)
Class androidx.room.parser.ParsedQuery$bindSections$2                                 : loaded 2 times (x 79B)
Class androidx.room.parser.SQLiteParser$Unary_operatorContext                         : loaded 2 times (x 155B)
Class androidx.room.parser.SQLiteParser$Signed_numberContext                          : loaded 2 times (x 154B)
Class androidx.room.parser.SQLiteParser$Savepoint_stmtContext                         : loaded 2 times (x 153B)
Class androidx.room.jarjarred.org.antlr.v4.runtime.atn.RangeTransition                : loaded 2 times (x 76B)
Class org.sqlite.SQLiteException                                                      : loaded 2 times (x 96B)
Class androidx.room.verifier.DatabaseVerifier                                         : loaded 2 times (x 72B)
Class androidx.room.jarjarred.kotlinx.metadata.internal.FlagDelegatesImplKt           : loaded 2 times (x 71B)
Class androidx.room.jarjarred.kotlinx.metadata.internal.metadata.ProtoBuf$AnnotationOrBuilder: loaded 2 times (x 70B)
Class androidx.room.log.RLog$Companion$MissingTypeErrorFilter$1                       : loaded 2 times (x 78B)
Class com.squareup.kotlinpoet.TypeName                                                : loaded 2 times (x 86B)
Class androidx.room.compiler.processing.javac.JavacProcessingEnv$WhenMappings         : loaded 2 times (x 71B)
Class com.squareup.javapoet.Util                                                      : loaded 2 times (x 71B)
Class androidx.room.vo.BuiltInConverterFlags                                          : loaded 2 times (x 72B)
Class com.google.auto.common.SuperficialValidation$3                                  : loaded 2 times (x 119B)
Class com.squareup.javapoet.LineWrapper$RecordingAppendable                           : loaded 2 times (x 77B)
Class androidx.room.solver.shortcut.binderprovider.RxCompletableInsertMethodBinderProvider$completableType$2: loaded 2 times (x 79B)
Class androidx.room.jarjarred.kotlinx.metadata.internal.protobuf.LazyField            : loaded 2 times (x 83B)
Class androidx.room.processor.Context$ProcessorOptions                                : loaded 2 times (x 79B)
Class androidx.room.jarjarred.kotlinx.metadata.internal.protobuf.SmallSortedMap$EmptySet$1: loaded 2 times (x 78B)
Class androidx.room.jarjarred.kotlinx.metadata.internal.protobuf.WireFormat$FieldType : loaded 2 times (x 83B)
Class Build_gradle$1$2                                                                : loaded 2 times (x 79B)
Class [Lorg.jetbrains.kotlin.idea.gradleTooling.reflect.Parameter;                    : loaded 2 times (x 69B)
Class org.jetbrains.kotlin.idea.gradleTooling.model.assignment.AssignmentModel        : loaded 2 times (x 70B)
Class androidx.room.jarjarred.kotlinx.metadata.internal.metadata.ProtoBuf$TypeTable$1 : loaded 2 times (x 144B)
Class androidx.room.jarjarred.kotlinx.metadata.internal.metadata.ProtoBuf$Class$Kind$1: loaded 2 times (x 74B)
Class androidx.room.compiler.processing.javac.JavacFieldElement$syntheticMethodForAnnotations$2: loaded 2 times (x 79B)
Class org.jetbrains.kotlin.metadata.ProtoBuf$VersionRequirementTable$1                : loaded 2 times (x 144B)
Class org.jetbrains.kotlin.metadata.ProtoBuf$Contract                                 : loaded 2 times (x 107B)
Class [Lcom.google.common.collect.MapMaker$Dummy;                                     : loaded 2 times (x 69B)
Class com.google.common.base.CharMatcher$Whitespace                                   : loaded 2 times (x 112B)
Class com.google.common.base.Splitter$1$1                                             : loaded 2 times (x 86B)
Class com.google.common.collect.Iterables$5                                           : loaded 2 times (x 81B)
Class com.google.common.reflect.Types$NativeTypeVariableEquals                        : loaded 2 times (x 71B)
Class com.google.common.reflect.TypeParameter                                         : loaded 2 times (x 72B)
Class [Lcom.android.ide.common.gradle.Separator;                                      : loaded 2 times (x 69B)
Class org.jetbrains.kotlin.tooling.core.HasMutableExtras                              : loaded 2 times (x 70B)
Class com.google.common.cache.LocalCache$AbstractReferenceEntry                       : loaded 2 times (x 107B)
Class com.google.common.collect.NullsLastOrdering                                     : loaded 2 times (x 115B)
Class [Landroidx.room.compiler.codegen.CodeLanguage;                                  : loaded 2 times (x 69B)
Class sync_studio_tooling3339_am3rajnzzfegg98pi2qwjjwf6                               : loaded 2 times (x 179B)
Class androidx.room.writer.DaoWriter$Companion                                        : loaded 2 times (x 71B)
Class com.squareup.kotlinpoet.ParameterizedTypeName                                   : loaded 2 times (x 86B)
Class androidx.room.processor.QueryRewriter$Companion                                 : loaded 2 times (x 71B)
Class androidx.room.parser.SQLiteBaseVisitor                                          : loaded 2 times (x 256B)
Class androidx.room.parser.SQLiteParser$New_table_nameContext                         : loaded 2 times (x 152B)
Class androidx.room.parser.SQLiteParser$Select_or_valuesContext                       : loaded 2 times (x 175B)
Class androidx.room.jarjarred.org.antlr.v4.runtime.dfa.DFA                            : loaded 2 times (x 76B)
Class androidx.room.jarjarred.kotlinx.metadata.internal.metadata.ProtoBuf$Effect$EffectType: loaded 2 times (x 82B)
Class androidx.room.jarjarred.org.antlr.v4.runtime.atn.NotSetTransition               : loaded 2 times (x 76B)
Class androidx.room.parser.SQLiteParser$Type_nameContext                              : loaded 2 times (x 158B)
Class androidx.room.jarjarred.kotlinx.metadata.internal.FlagDelegatesImplKt$propertyAccessorBooleanFlag$1: loaded 2 times (x 137B)
Class androidx.room.jarjarred.kotlinx.metadata.internal.metadata.jvm.JvmProtoBuf$StringTableTypesOrBuilder: loaded 2 times (x 70B)
Class androidx.room.jarjarred.kotlinx.metadata.internal.metadata.jvm.deserialization.JvmNameResolverBase: loaded 2 times (x 80B)
Class androidx.room.jarjarred.kotlinx.metadata.internal.protobuf.SmallSortedMap$1     : loaded 2 times (x 130B)
Class androidx.room.jarjarred.kotlinx.metadata.jvm.JvmClassExtensionVisitor           : loaded 2 times (x 87B)
Class androidx.room.Fts3                                                              : loaded 2 times (x 70B)
Class androidx.room.parser.SQLiteParser$Index_nameContext                             : loaded 2 times (x 152B)
Class androidx.room.parser.SQLiteParser$Compound_operatorContext                      : loaded 2 times (x 155B)
Class androidx.room.compiler.processing.javac.JavacType$rawType$2                     : loaded 2 times (x 79B)
Class com.squareup.kotlinpoet.TypeNames                                               : loaded 2 times (x 71B)
Class androidx.room.solver.types.TypeConverter                                        : loaded 2 times (x 74B)
Class androidx.room.compiler.processing.XEquality$Companion                           : loaded 2 times (x 71B)
Class androidx.room.solver.query.result.CoroutineFlowResultBinder                     : loaded 2 times (x 73B)
Class androidx.room.compiler.codegen.java.JavaFunSpec$Builder                         : loaded 2 times (x 86B)
Class androidx.room.writer.DaoWriter$PreparedStmtQuery                                : loaded 2 times (x 72B)
Class kotlin.reflect.jvm.internal.KClassImpl$Data$allNonStaticMembers$2               : loaded 2 times (x 79B)
Class org.gradle.internal.classloader.ClassLoaderVisitor                              : loaded 2 times (x 76B)
Class kotlin.text.MatcherMatchResult$groupValues$1                                    : loaded 2 times (x 198B)
Class com.google.common.collect.ReverseNaturalOrdering                                : loaded 2 times (x 114B)
Class androidx.room.processor.Context$Companion$ARG_OPTIONS$2                         : loaded 2 times (x 78B)
Class Build_gradle$1$3                                                                : loaded 2 times (x 78B)
Class com.intellij.gradle.toolingExtension.impl.util.GradleTaskUtil                   : loaded 2 times (x 71B)
Class org.jetbrains.kotlin.config.LanguageVersionSettings                             : loaded 2 times (x 70B)
Class com.google.common.io.ByteSource$ConcatenatedByteSource                          : loaded 2 times (x 85B)
Class org.jetbrains.plugins.gradle.model.web.WebConfiguration                         : loaded 2 times (x 70B)
Class [Lcom.google.common.collect.AbstractIterator$State;                             : loaded 2 times (x 69B)
Class org.jetbrains.kotlin.metadata.jvm.deserialization.JvmNameResolverBase$WhenMappings: loaded 2 times (x 71B)
Class org.jetbrains.kotlin.descriptors.Visibilities$Local                             : loaded 2 times (x 79B)
Class org.jetbrains.kotlin.protobuf.WireFormat                                        : loaded 2 times (x 71B)
Class org.jetbrains.kotlin.metadata.jvm.deserialization.BitEncoding                   : loaded 2 times (x 71B)
Class com.google.common.base.CharMatcher$None                                         : loaded 2 times (x 112B)
Class org.apache.commons.io.file.PathUtils                                            : loaded 2 times (x 71B)
Class com.google.common.collect.ImmutableMapKeySet                                    : loaded 2 times (x 152B)
Class com.android.builder.model.v2.models.VariantDependencies                         : loaded 2 times (x 70B)
Class org.jetbrains.kotlin.metadata.jvm.deserialization.JvmNameResolver               : loaded 2 times (x 80B)
Class org.objectweb.asm.SymbolTable                                                   : loaded 2 times (x 72B)
Class com.google.common.cache.CacheLoader$InvalidCacheLoadException                   : loaded 2 times (x 82B)
Class org.gradle.internal.classloader.SystemClassLoaderSpec                           : loaded 2 times (x 71B)
Class kotlin.reflect.jvm.internal.KDeclarationContainerImpl$Data$moduleData$2         : loaded 2 times (x 79B)
Class androidx.room.writer.ValidationWriter                                           : loaded 2 times (x 73B)
Class androidx.room.compiler.codegen.java.ClassNamesKt                                : loaded 2 times (x 71B)
Class androidx.room.compiler.codegen.java.JavaFunSpecKt                               : loaded 2 times (x 71B)
Class androidx.room.solver.shortcut.binder.CallableInsertMethodBinder$Companion       : loaded 2 times (x 71B)
Class androidx.room.jarjarred.org.antlr.v4.runtime.atn.AtomTransition                 : loaded 2 times (x 76B)
Class androidx.room.jarjarred.org.antlr.v4.runtime.atn.PredictionContext              : loaded 2 times (x 79B)
Class [Landroidx.room.jarjarred.org.antlr.v4.runtime.CodePointBuffer$Type;            : loaded 2 times (x 69B)
Class androidx.room.compiler.processing.XSuspendMethodType                            : loaded 2 times (x 70B)
Class androidx.room.vo.HasFieldsKt                                                    : loaded 2 times (x 71B)
Class org.sqlite.BusyHandler                                                          : loaded 2 times (x 72B)
Class androidx.room.parser.Collate                                                    : loaded 2 times (x 79B)
Class androidx.room.compiler.processing.javac.JavacTypeElement$kotlinMetadata$2       : loaded 2 times (x 79B)
Class androidx.room.ForeignKey                                                        : loaded 2 times (x 70B)
Class androidx.room.Fts4                                                              : loaded 2 times (x 70B)
Class androidx.room.processor.Context$schemaInFolderPath$2                            : loaded 2 times (x 79B)
Class com.squareup.kotlinpoet.WildcardTypeName$Companion                              : loaded 2 times (x 71B)
Class androidx.room.compiler.processing.javac.kotlin.KmVisibility                     : loaded 2 times (x 70B)
Class androidx.room.solver.binderprovider.LiveDataQueryResultBinderProvider$liveDataType$2: loaded 2 times (x 79B)
Class kotlin.reflect.jvm.internal.KClassImpl$Data$sealedSubclasses$2                  : loaded 2 times (x 79B)
Class androidx.room.ext.KotlinTypeNames                                               : loaded 2 times (x 71B)
Class androidx.room.solver.shortcut.binderprovider.RxSingleOrMaybeDeleteOrUpdateMethodBinderProvider: loaded 2 times (x 79B)
Class androidx.room.jarjarred.kotlinx.metadata.internal.protobuf.MessageLiteOrBuilder : loaded 2 times (x 70B)
Class Build_gradle$1$4                                                                : loaded 2 times (x 74B)
Class org.jetbrains.plugins.gradle.tooling.internal.VersionCatalogsModelImpl          : loaded 2 times (x 76B)
Class androidx.room.compiler.processing.javac.JavacExecutableElement$enclosingElement$2: loaded 2 times (x 79B)
Class com.intellij.gradle.toolingExtension.impl.model.taskModel.DefaultGradleTaskModel: loaded 2 times (x 75B)
Class com.google.auto.common.MoreTypes$ExecutableTypeVisitor                          : loaded 2 times (x 102B)
Class com.google.common.collect.FluentIterable                                        : loaded 2 times (x 81B)
Class com.android.builder.model.v2.ide.TestedTargetVariant                            : loaded 2 times (x 70B)
Class com.google.common.cache.LocalCache$StrongEntry                                  : loaded 2 times (x 108B)
Class com.google.common.util.concurrent.AbstractFuture$TrustedFuture                  : loaded 2 times (x 114B)
Class com.google.common.cache.LoadingCache                                            : loaded 2 times (x 70B)
Class kotlin.text.MatcherMatchResult$groups$1                                         : loaded 2 times (x 151B)
Class org.gradle.internal.exceptions.MultiCauseException                              : loaded 2 times (x 70B)
Class org.gradle.internal.time.CountdownTimer                                         : loaded 2 times (x 70B)
Class androidx.room.compiler.processing.javac.JavacMethodParameter$closestMemberContainer$2: loaded 2 times (x 79B)
Class androidx.room.writer.DaoWriter$createUpdateMethods$1                            : loaded 2 times (x 79B)
Class androidx.room.vo.Database                                                       : loaded 2 times (x 72B)
Class androidx.room.processor.SuspendMethodProcessorDelegate$findPreparedResultBinder$1: loaded 2 times (x 79B)
Class androidx.room.jarjarred.org.antlr.v4.runtime.atn.ATNConfig                      : loaded 2 times (x 74B)
Class androidx.room.compiler.processing.javac.JavacFieldElement$kotlinMetadata$2      : loaded 2 times (x 79B)
Class androidx.room.jarjarred.kotlinx.metadata.Attributes$kind$2                      : loaded 2 times (x 137B)
Class androidx.room.jarjarred.kotlinx.metadata.jvm.JvmConstructorExtensionVisitor     : loaded 2 times (x 78B)
Class androidx.room.jarjarred.kotlinx.metadata.internal.metadata.ProtoBuf$VersionRequirementTable$1: loaded 2 times (x 144B)
Class androidx.room.compiler.processing.javac.JavacConstructorElement$parameters$2$1$1: loaded 2 times (x 79B)
Class androidx.room.vo.FieldSetter                                                    : loaded 2 times (x 72B)
Class androidx.room.compiler.codegen.XTypeNameKt                                      : loaded 2 times (x 71B)
Class androidx.room.compiler.processing.javac.JavacElement                            : loaded 2 times (x 179B)
Class org.sqlite.SQLiteJDBCLoader$VersionHolder                                       : loaded 2 times (x 71B)
Class androidx.room.util.SimpleJavaVersion$Companion                                  : loaded 2 times (x 71B)
Class androidx.room.compiler.processing.XProcessingEnvConfig$Companion                : loaded 2 times (x 71B)
Class androidx.room.compiler.processing.XProcessingEnvConfig                          : loaded 2 times (x 71B)
Class androidx.room.jarjarred.org.antlr.v4.runtime.CharStream                         : loaded 2 times (x 70B)
Class androidx.room.jarjarred.org.antlr.v4.runtime.tree.ErrorNode                     : loaded 2 times (x 70B)
Class org.gradle.kotlin.dsl.KaptConfigurationAccessorsKt                              : loaded 2 times (x 71B)
Class org.gradle.kotlin.dsl.ImplementationConfigurationAccessorsKt                    : loaded 2 times (x 71B)
Class Build_gradle$1$5                                                                : loaded 2 times (x 78B)
Class org.jetbrains.kotlin.idea.gradleTooling.model.parcelize.ParcelizeGradleModel    : loaded 2 times (x 70B)
Class com.intellij.gradle.toolingExtension.impl.model.sourceSetModel.GradleSourceSetModelBuilder$1: loaded 2 times (x 83B)
Class androidx.room.solver.prepared.binder.PreparedQueryResultBinder                  : loaded 2 times (x 73B)
Class androidx.room.vo.Database$legacyIdentityHash$2$invoke$$inlined$sortedBy$2       : loaded 2 times (x 89B)
Class org.jetbrains.kotlin.metadata.ProtoBuf$Type$Argument                            : loaded 2 times (x 110B)
Class org.jetbrains.kotlin.load.kotlin.FileBasedKotlinClass$InnerClassesInfo          : loaded 2 times (x 74B)
Class kotlin.io.FileTreeWalk$FileTreeWalkIterator$TopDownDirectoryState               : loaded 2 times (x 74B)
Class jdk.internal.jrtfs.JrtFileSystem                                                : loaded 2 times (x 102B)
Class com.google.common.io.ByteStreams$LimitedInputStream                             : loaded 2 times (x 92B)
Class com.google.common.base.Suppliers$NonSerializableMemoizingSupplier               : loaded 2 times (x 79B)
Class org.objectweb.asm.MethodWriter                                                  : loaded 2 times (x 106B)
Class [Lcom.google.common.cache.Weigher;                                              : loaded 2 times (x 69B)
Class org.gradle.tooling.model.ProjectModel                                           : loaded 2 times (x 70B)
Class org.gradle.internal.classloader.DefaultClassLoaderFactory                       : loaded 2 times (x 82B)
Class androidx.room.processor.SuspendMethodProcessorDelegate$WhenMappings             : loaded 2 times (x 71B)
Class androidx.room.parser.SQLiteLexer                                                : loaded 2 times (x 142B)
Class androidx.room.processor.QueryMethodProcessor                                    : loaded 2 times (x 72B)
Class org.sqlite.JDBC                                                                 : loaded 2 times (x 87B)
Class androidx.room.jarjarred.kotlinx.metadata.jvm.internal.JvmConstructorExtension   : loaded 2 times (x 83B)
Class [Landroidx.room.jarjarred.kotlinx.metadata.internal.protobuf.Internal$EnumLite; : loaded 2 times (x 69B)
Class androidx.room.jarjarred.kotlinx.metadata.internal.metadata.jvm.deserialization.JvmMetadataVersion$Companion: loaded 2 times (x 71B)
Class com.google.common.base.Suppliers                                                : loaded 2 times (x 71B)
Class androidx.room.compiler.processing.javac.JavacType$typeName$2                    : loaded 2 times (x 79B)
Class androidx.room.compiler.codegen.XClassName$Companion                             : loaded 2 times (x 71B)
Class [Lcom.google.common.cache.CacheBuilder$OneWeigher;                              : loaded 2 times (x 69B)
Class org.objectweb.asm.MethodTooLargeException                                       : loaded 2 times (x 83B)
Class com.google.common.collect.MapMakerInternalMap$Strength                          : loaded 2 times (x 80B)
Class com.google.common.collect.MapMakerInternalMap$StrongKeyDummyValueEntry$LinkedStrongKeyDummyValueEntry: loaded 2 times (x 82B)
Class kotlin.io.LinesSequence                                                         : loaded 2 times (x 75B)
Class [Lcom.intellij.openapi.externalSystem.model.project.ExternalSystemSourceType;   : loaded 2 times (x 69B)
Class org.jetbrains.kotlin.idea.gradleTooling.model.noarg.NoArgModel                  : loaded 2 times (x 70B)
Class com.intellij.gradle.toolingExtension.impl.model.sourceSetModel.GradleSourceSetModelBuilder$2: loaded 2 times (x 83B)
Class org.jetbrains.plugins.gradle.tooling.MessageReportBuilder                       : loaded 2 times (x 70B)
Class org.jetbrains.kotlin.resolve.scopes.receivers.Receiver                          : loaded 2 times (x 70B)
Class org.jetbrains.kotlin.metadata.ProtoBuf$Modality$1                               : loaded 2 times (x 74B)
Class org.jetbrains.org.objectweb.asm.tree.TypeAnnotationNode                         : loaded 2 times (x 80B)
Class kotlin.text.Charsets                                                            : loaded 2 times (x 71B)
Class jdk.internal.jimage.decompressor.CompressedResourceHeader                       : loaded 2 times (x 71B)
Class com.google.common.collect.AbstractMapBasedMultimap$RandomAccessWrappedList      : loaded 2 times (x 205B)
Class org.jetbrains.kotlin.cli.common.CompilerSystemProperties$Companion              : loaded 2 times (x 71B)
Class com.google.common.collect.ImmutableMultimap$1                                   : loaded 2 times (x 82B)
Class com.android.ide.common.gradle.Version$Companion$ParseState$EMPTY                : loaded 2 times (x 74B)
Class androidx.room.ext.RoomMemberNames                                               : loaded 2 times (x 71B)
Class [Lcom.squareup.javapoet.TypeName;                                               : loaded 2 times (x 69B)
Class androidx.room.processor.InsertionMethodProcessor$process$1                      : loaded 2 times (x 79B)
Class androidx.room.solver.query.result.QueryMappedRowAdapter$Mapping                 : loaded 2 times (x 72B)
Class org.sqlite.jdbc3.JDBC3PreparedStatement                                         : loaded 2 times (x 255B)
Class androidx.room.parser.SQLiteParser$Analyze_stmtContext                           : loaded 2 times (x 155B)
Class [Landroidx.room.jarjarred.org.antlr.v4.runtime.atn.ATNType;                     : loaded 2 times (x 69B)
Class androidx.room.jarjarred.org.antlr.v4.runtime.atn.Transition                     : loaded 2 times (x 76B)
Class org.sqlite.Function                                                             : loaded 2 times (x 73B)
Class androidx.room.util.SimpleJavaVersion$compareTo$$inlined$thenBy$2                : loaded 2 times (x 90B)
Class androidx.room.compiler.processing.javac.JavacPackageElement                     : loaded 2 times (x 193B)
Class androidx.room.jarjarred.kotlinx.metadata.internal.metadata.ProtoBuf$Property$1  : loaded 2 times (x 144B)
Class androidx.room.compiler.processing.javac.JavacAnnotationBoxKt$ANNOTATION_VALUE_TO_INT_VISITOR$1: loaded 2 times (x 105B)
Class androidx.room.solver.prepared.binderprovider.GuavaListenableFuturePreparedQueryResultBinderProvider: loaded 2 times (x 76B)
Class androidx.room.solver.binderprovider.PagingSourceQueryResultBinderProviderKt     : loaded 2 times (x 71B)
Class androidx.room.solver.binderprovider.DataSourceQueryResultBinderProvider$dataSourceType$2: loaded 2 times (x 79B)
Class androidx.room.ext.RoomTypeNames                                                 : loaded 2 times (x 71B)
Class androidx.room.compiler.processing.javac.JavacArrayType$xTypeName$2              : loaded 2 times (x 79B)
Class com.squareup.kotlinpoet.ClassName$special$$inlined$thenBy$1                     : loaded 2 times (x 90B)
Class androidx.room.solver.binderprovider.InstantQueryResultBinderProvider            : loaded 2 times (x 76B)
Class androidx.room.compiler.processing.javac.JavacProcessingEnv$typeElementStore$1   : loaded 2 times (x 79B)
Class androidx.room.DatabaseProcessingStep                                            : loaded 2 times (x 79B)
Class [Landroidx.room.solver.shortcut.binderprovider.RxCallableInsertMethodBinderProvider;: loaded 2 times (x 69B)
Class androidx.room.compiler.processing.XProcessingEnv$Companion                      : loaded 2 times (x 71B)
Class androidx.room.jarjarred.kotlinx.metadata.internal.protobuf.AbstractMessageLite$Builder$LimitedInputStream: loaded 2 times (x 92B)
Class com.intellij.gradle.toolingExtension.impl.model.sourceSetModel.GradleSourceSetModelBuilder$3: loaded 2 times (x 83B)
Class androidx.room.jarjarred.kotlinx.metadata.internal.metadata.ProtoBuf$VersionRequirementTable: loaded 2 times (x 107B)
Class com.google.common.collect.AbstractIterator$State                                : loaded 2 times (x 79B)
Class com.google.common.reflect.Types$JavaVersion$1                                   : loaded 2 times (x 83B)
Class [Lorg.jetbrains.kotlin.config.ExplicitApiMode;                                  : loaded 2 times (x 69B)
Class com.google.common.collect.ImmutableMultimap$2                                   : loaded 2 times (x 81B)
Class com.android.ide.common.repository.AgpVersion$Companion$WhenMappings             : loaded 2 times (x 71B)
Class com.google.common.cache.LocalCache$ValueReference                               : loaded 2 times (x 70B)
Class androidx.room.compiler.processing.javac.JavacMethodElement$kotlinDefaultImplClass$2: loaded 2 times (x 79B)
Class androidx.room.compiler.processing.javac.kotlin.JvmDescriptorTypeVisitor$visitExecutable$parameterDescriptors$1: loaded 2 times (x 79B)
Class org.gradle.tooling.model.idea.IdeaLanguageLevel                                 : loaded 2 times (x 70B)
Class org.gradle.tooling.internal.adapter.ProtocolToModelAdapter$SafeMethodInvoker    : loaded 2 times (x 76B)
Class org.gradle.tooling.internal.adapter.WeakIdentityHashMap$WeakKey                 : loaded 2 times (x 79B)
Class org.gradle.internal.exceptions.DefaultMultiCauseException                       : loaded 2 times (x 95B)
Class androidx.room.verifier.QueryResultInfo                                          : loaded 2 times (x 72B)
Class androidx.room.jarjarred.org.antlr.v4.runtime.atn.PredictionMode                 : loaded 2 times (x 79B)
Class androidx.room.parser.SQLiteParser$Pragma_nameContext                            : loaded 2 times (x 152B)
Class androidx.room.parser.SQLiteParser$Trigger_nameContext                           : loaded 2 times (x 152B)
Class androidx.room.jarjarred.org.antlr.v4.runtime.TokenStream                        : loaded 2 times (x 70B)
Class androidx.room.jarjarred.org.antlr.v4.runtime.atn.PredictionContextCache         : loaded 2 times (x 75B)
Class androidx.room.compiler.codegen.CodeLanguage                                     : loaded 2 times (x 79B)
Class [Lorg.sqlite.SQLiteConfig$Encoding;                                             : loaded 2 times (x 69B)
Class androidx.room.compiler.processing.javac.kotlin.KmFunctionContainerImpl          : loaded 2 times (x 100B)
Class androidx.room.jarjarred.kotlinx.metadata.internal.metadata.deserialization.ProtoTypeTableUtilKt: loaded 2 times (x 71B)
Class androidx.room.processor.FieldProcessor$BindingScope                             : loaded 2 times (x 79B)
Class androidx.room.parser.QueryType                                                  : loaded 2 times (x 79B)
Class androidx.room.vo.Database$legacyIdentityHash$2$invoke$$inlined$sortedBy$1       : loaded 2 times (x 89B)
Class androidx.room.compiler.processing.javac.JavacAnnotationBoxKt$ANNOTATION_VALUE_SHORT_ARR_VISITOR$1: loaded 2 times (x 105B)
Class androidx.room.processor.DatabaseProcessor                                       : loaded 2 times (x 72B)
Class androidx.room.solver.types.SingleStatementTypeConverter                         : loaded 2 times (x 75B)
Class com.squareup.kotlinpoet.ClassName$special$$inlined$thenBy$2                     : loaded 2 times (x 90B)
Class com.squareup.kotlinpoet.Taggable                                                : loaded 2 times (x 70B)
Class androidx.room.solver.TypeAdapterStore$Companion                                 : loaded 2 times (x 71B)
Class com.google.auto.common.MoreElements$CastingElementVisitor                       : loaded 2 times (x 93B)
Class org.gradle.internal.operations.MultipleBuildOperationFailures                   : loaded 2 times (x 95B)
Class [Lkotlin.reflect.jvm.internal.impl.builtins.functions.FunctionClassKind;        : loaded 2 times (x 69B)
Class org.gradle.tooling.internal.adapter.MethodInvocation                            : loaded 2 times (x 85B)
Class org.objectweb.asm.ClassVisitor                                                  : loaded 2 times (x 88B)
Class androidx.room.compiler.processing.javac.JavacProcessingEnv$typeElementStore$2   : loaded 2 times (x 78B)
Class [Lorg.objectweb.asm.Symbol;                                                     : loaded 2 times (x 69B)
Class com.android.utils.FileUtils                                                     : loaded 2 times (x 71B)
Class com.android.builder.model.v2.ide.AaptOptions$Namespacing                        : loaded 2 times (x 79B)
Class org.jetbrains.kotlin.config.ExplicitApiMode$Companion                           : loaded 2 times (x 71B)
Class org.jetbrains.kotlin.descriptors.annotations.Annotated                          : loaded 2 times (x 70B)
Class org.jetbrains.kotlin.descriptors.SourceElement$1                                : loaded 2 times (x 74B)
Class org.jetbrains.org.objectweb.asm.Opcodes                                         : loaded 2 times (x 70B)
Class com.google.common.hash.PrimitiveSink                                            : loaded 2 times (x 70B)
Class com.google.common.reflect.Types$JavaVersion$2                                   : loaded 2 times (x 83B)
Class com.google.common.reflect.Types                                                 : loaded 2 times (x 71B)
Class com.android.builder.model.v2.ide.ProjectInfo                                    : loaded 2 times (x 70B)
Class org.jetbrains.kotlin.cli.common.arguments.CommonToolArguments                   : loaded 2 times (x 73B)
Class com.google.common.util.concurrent.AbstractFuture$Failure                        : loaded 2 times (x 72B)
Class kotlin.collections.ArrayDeque$Companion                                         : loaded 2 times (x 71B)
Class org.gradle.tooling.model.HierarchicalElement                                    : loaded 2 times (x 70B)
Class com.google.common.reflect.TypeCapture                                           : loaded 2 times (x 71B)
Class [Lcom.squareup.javapoet.TypeSpec$Kind;                                          : loaded 2 times (x 69B)
Class androidx.room.writer.TypeWriter                                                 : loaded 2 times (x 73B)
Class androidx.room.jarjarred.org.antlr.v4.runtime.CommonToken                        : loaded 2 times (x 111B)
Class androidx.room.parser.SQLiteParser$Schema_nameContext                            : loaded 2 times (x 152B)
Class androidx.room.jarjarred.org.antlr.v4.runtime.misc.EqualityComparator            : loaded 2 times (x 70B)
Class androidx.room.jarjarred.org.antlr.v4.runtime.atn.ActionTransition               : loaded 2 times (x 76B)
Class androidx.room.compiler.processing.XVariableElement                              : loaded 2 times (x 70B)
Class [Lcom.google.auto.common.Visibility;                                            : loaded 2 times (x 69B)
Class androidx.room.jarjarred.kotlinx.metadata.internal.metadata.ProtoBuf$Class$Kind  : loaded 2 times (x 82B)
Class com.google.common.collect.TransformedListIterator                               : loaded 2 times (x 93B)
Class androidx.room.compiler.processing.XAnnotationBox                                : loaded 2 times (x 70B)
Class com.google.common.cache.LocalCache$Values                                       : loaded 2 times (x 118B)
Class com.google.auto.common.AnnotationMirrors$1                                      : loaded 2 times (x 84B)
Class kotlin.Suppress                                                                 : loaded 2 times (x 70B)
Class androidx.room.compiler.processing.javac.kotlin.KmData                           : loaded 2 times (x 70B)
Class jdk.internal.jimage.decompressor.StringSharingDecompressorFactory               : loaded 2 times (x 74B)
Class org.jetbrains.kotlin.protobuf.ByteString$Output                                 : loaded 2 times (x 86B)
Class org.jetbrains.org.objectweb.asm.tree.FieldInsnNode                              : loaded 2 times (x 79B)
Class androidx.room.compiler.processing.javac.JavacProcessingEnv$typeElementStore$3   : loaded 2 times (x 79B)
Class org.jetbrains.plugins.gradle.model.ear.EarConfiguration                         : loaded 2 times (x 70B)
Class com.intellij.gradle.toolingExtension.impl.model.dependencyModel.auxiliary.AuxiliaryConfigurationArtifacts: loaded 2 times (x 74B)
Class org.jetbrains.plugins.gradle.model.DefaultGradleConfiguration                   : loaded 2 times (x 79B)
Class org.jetbrains.kotlin.idea.gradleTooling.reflect.KotlinCompilerArgumentsResolverReflectionKt: loaded 2 times (x 71B)
Class androidx.room.compiler.processing.XProcessingEnv$Backend                        : loaded 2 times (x 79B)
Class androidx.room.compiler.processing.javac.XTypeElementStore                       : loaded 2 times (x 72B)
Class androidx.room.util.SimpleJavaVersion$compareTo$$inlined$thenBy$1                : loaded 2 times (x 90B)
Class com.squareup.kotlinpoet.TagMap                                                  : loaded 2 times (x 79B)
Class org.jetbrains.kotlin.descriptors.DescriptorVisibility                           : loaded 2 times (x 78B)
Class [Lorg.apache.commons.io.file.DeleteOption;                                      : loaded 2 times (x 69B)
Class com.google.common.io.CharSink                                                   : loaded 2 times (x 79B)
Class com.google.common.collect.ImmutableSetMultimap                                  : loaded 2 times (x 180B)
Class com.google.common.reflect.Types$JavaVersion$3                                   : loaded 2 times (x 83B)
Class com.android.builder.model.v2.dsl.DependenciesInfo                               : loaded 2 times (x 70B)
Class androidx.room.solver.types.BoxedBooleanToBoxedIntConverter                      : loaded 2 times (x 71B)
Class org.objectweb.asm.Label                                                         : loaded 2 times (x 73B)
Class org.objectweb.asm.CurrentFrame                                                  : loaded 2 times (x 73B)
Class org.objectweb.asm.ClassTooLargeException                                        : loaded 2 times (x 83B)
Class androidx.room.solver.binderprovider.CursorQueryResultBinderProvider             : loaded 2 times (x 76B)
Class com.google.gson.stream.JsonReader                                               : loaded 2 times (x 97B)
Class com.google.common.collect.ByFunctionOrdering                                    : loaded 2 times (x 115B)
Class org.gradle.internal.time.Time                                                   : loaded 2 times (x 71B)
Class androidx.room.processor.PojoProcessor$process$1                                 : loaded 2 times (x 79B)
Class androidx.room.jarjarred.kotlinx.metadata.internal.metadata.ProtoBuf$Constructor : loaded 2 times (x 124B)
Class androidx.room.writer.ValidationWriter$CountingCodeGenScope                      : loaded 2 times (x 72B)
Class androidx.room.writer.TableInfoValidationWriter                                  : loaded 2 times (x 73B)
Class androidx.room.compiler.codegen.java.JavaTypeSpec                                : loaded 2 times (x 79B)
Class androidx.room.compiler.codegen.XCodeBlock$Builder                               : loaded 2 times (x 70B)
Class androidx.room.vo.Dao                                                            : loaded 2 times (x 72B)
Class androidx.room.jarjarred.org.antlr.v4.runtime.InputMismatchException             : loaded 2 times (x 89B)
Class org.sqlite.SQLiteConfig$TransactionMode                                         : loaded 2 times (x 82B)
Class androidx.room.processor.PojoMethodProcessor                                     : loaded 2 times (x 72B)
Class androidx.room.vo.Field$setterNameWithVariations$2                               : loaded 2 times (x 79B)
Class androidx.room.jarjarred.kotlinx.metadata.Attributes$kind$7                      : loaded 2 times (x 137B)
Class androidx.room.jarjarred.kotlinx.metadata.internal.metadata.jvm.JvmProtoBuf$JvmFieldSignature: loaded 2 times (x 108B)
Class androidx.room.solver.shortcut.binderprovider.RxCompletableUpsertMethodBinderProvider: loaded 2 times (x 79B)
Class androidx.room.ext.PagingTypeNames                                               : loaded 2 times (x 71B)
Class androidx.room.PrimaryKey                                                        : loaded 2 times (x 70B)
Class androidx.room.Update                                                            : loaded 2 times (x 70B)
Class com.google.auto.common.MoreTypes$IsTypeOf                                       : loaded 2 times (x 101B)
Class androidx.room.jarjarred.kotlinx.metadata.internal.metadata.ProtoBuf$TypeOrBuilder: loaded 2 times (x 70B)
Class androidx.room.jarjarred.kotlinx.metadata.internal.metadata.jvm.deserialization.ClassMapperLite: loaded 2 times (x 71B)
Class org.jetbrains.plugins.gradle.model.tests.DefaultExternalTestsModel              : loaded 2 times (x 77B)
Class org.jetbrains.kotlin.idea.gradleTooling.reflect.TypeToken$Companion             : loaded 2 times (x 71B)
Class androidx.room.jarjarred.kotlinx.metadata.Attributes$hasAnnotations$6            : loaded 2 times (x 137B)
Class androidx.room.compiler.processing.javac.JavacExecutableElement                  : loaded 2 times (x 223B)
Class androidx.room.compiler.processing.javac.kotlin.KmPropertyContainer              : loaded 2 times (x 79B)
Class androidx.room.vo.Field$nameWithVariations$2                                     : loaded 2 times (x 79B)
Class [Lorg.jetbrains.kotlin.metadata.ProtoBuf$Type$Argument$Projection;              : loaded 2 times (x 69B)
Class androidx.room.compiler.processing.XConstructorElement                           : loaded 2 times (x 70B)
Class com.google.common.collect.MapMakerInternalMap$InternalEntryHelper               : loaded 2 times (x 70B)
Class com.google.common.collect.Table                                                 : loaded 2 times (x 70B)
Class com.google.common.io.ByteSource$AsCharSource                                    : loaded 2 times (x 86B)
Class com.google.common.collect.Maps$IteratorBasedAbstractMap                         : loaded 2 times (x 125B)
Class org.jetbrains.kotlin.cli.common.messages.MessageCollector$Companion$NONE$1      : loaded 2 times (x 76B)
Class com.google.common.reflect.Types$JavaVersion$4                                   : loaded 2 times (x 83B)
Class com.android.builder.model.v2.models.ProjectGraph                                : loaded 2 times (x 70B)
Class com.android.ide.common.gradle.Version$Companion$ParseState$NUMERIC              : loaded 2 times (x 74B)
Class org.sqlite.SQLiteConfig$JournalMode                                             : loaded 2 times (x 82B)
Class [Lorg.sqlite.SQLiteConfig$LockingMode;                                          : loaded 2 times (x 69B)
Class org.objectweb.asm.Frame                                                         : loaded 2 times (x 73B)
Class org.objectweb.asm.MethodVisitor                                                 : loaded 2 times (x 105B)
Class com.google.common.cache.LocalCache$EntryFactory$1                               : loaded 2 times (x 83B)
Class [Lcom.google.common.cache.RemovalListener;                                      : loaded 2 times (x 69B)
Class [Lorg.sqlite.SQLiteLimits;                                                      : loaded 2 times (x 69B)
Class androidx.room.parser.SQLiteParser$Drop_trigger_stmtContext                      : loaded 2 times (x 158B)
Class com.android.ide.common.repository.AgpVersion$PreviewKind                        : loaded 2 times (x 79B)
Class androidx.room.jarjarred.org.antlr.v4.runtime.misc.DoubleKeyMap                  : loaded 2 times (x 78B)
Class androidx.room.compiler.processing.javac.TypeMirrorExtKt$extendsBound$1          : loaded 2 times (x 101B)
Class org.apache.commons.codec.Encoder                                                : loaded 2 times (x 70B)
Class androidx.room.jarjarred.org.antlr.v4.runtime.atn.ParserATNSimulator$1           : loaded 2 times (x 77B)
Class androidx.room.jarjarred.org.antlr.v4.runtime.atn.ATN                            : loaded 2 times (x 80B)
Class androidx.room.jarjarred.org.antlr.v4.runtime.atn.StarLoopEntryState             : loaded 2 times (x 83B)
Class org.sqlite.core.CoreDatabaseMetaData                                            : loaded 2 times (x 440B)
Class androidx.room.vo.Field$typeName$2                                               : loaded 2 times (x 79B)
Class androidx.room.Ignore                                                            : loaded 2 times (x 70B)
Class androidx.room.jarjarred.kotlinx.metadata.internal.metadata.jvm.JvmProtoBuf$StringTableTypes$Record$Operation: loaded 2 times (x 82B)
Class [Landroidx.room.compiler.processing.javac.JavacAnnotationBox;                   : loaded 2 times (x 69B)
Class androidx.room.Embedded                                                          : loaded 2 times (x 70B)
Class androidx.room.compiler.processing.XType                                         : loaded 2 times (x 70B)
Class androidx.room.solver.shortcut.result.InsertOrUpsertMethodAdapter$Companion$MULTIPLE_ITEM_SET$2: loaded 2 times (x 78B)
Class androidx.room.writer.TypeWriter$addGeneratedAnnotationIfAvailable$1$2           : loaded 2 times (x 79B)
Class org.gradle.tooling.internal.adapter.TargetTypeProvider                          : loaded 2 times (x 70B)
Class com.google.gson.stream.MalformedJsonException                                   : loaded 2 times (x 82B)
Class androidx.room.compiler.processing.javac.JavacBasicAnnotationProcessor$xEnv$2    : loaded 2 times (x 79B)
Class com.android.builder.model.v2.ide.AndroidArtifact                                : loaded 2 times (x 70B)
Class com.google.common.io.ByteArrayDataOutput                                        : loaded 2 times (x 70B)
Class org.jetbrains.kotlin.protobuf.GeneratedMessageLite$ExtendableMessageOrBuilder   : loaded 2 times (x 70B)
Class org.jetbrains.kotlin.metadata.ProtoBuf$FunctionOrBuilder                        : loaded 2 times (x 70B)
Class org.jetbrains.kotlin.protobuf.GeneratedMessageLite$1                            : loaded 2 times (x 71B)
Class org.jetbrains.kotlin.descriptors.ValidateableDescriptor                         : loaded 2 times (x 70B)
Class org.jetbrains.kotlin.metadata.jvm.JvmProtoBuf$JvmPropertySignature$1            : loaded 2 times (x 144B)
Class com.intellij.gradle.toolingExtension.impl.model.dependencyModel.GradleDependencyResolver: loaded 2 times (x 72B)
Class org.jetbrains.kotlin.metadata.jvm.deserialization.JvmMetadataVersion$Companion  : loaded 2 times (x 71B)
Class com.google.common.reflect.Types$JavaVersion$5                                   : loaded 2 times (x 71B)
Class [Lcom.google.common.reflect.Types$ClassOwnership;                               : loaded 2 times (x 69B)
Class kotlin.reflect.jvm.internal.impl.builtins.PrimitiveType$typeFqName$2            : loaded 2 times (x 79B)
Class com.google.common.cache.LocalCache$EntryFactory$2                               : loaded 2 times (x 83B)
Class org.gradle.api.internal.classpath.GlobalCacheRootsProvider                      : loaded 2 times (x 70B)
Class androidx.room.compiler.processing.javac.JavacElement$docComment$2               : loaded 2 times (x 79B)
Class androidx.room.compiler.processing.javac.JavacTypeElement$packageName$2          : loaded 2 times (x 79B)
Class androidx.room.solver.types.PrimitiveColumnTypeAdapter$WhenMappings              : loaded 2 times (x 71B)
Class androidx.room.vo.InsertOrUpsertShortcutMethod                                   : loaded 2 times (x 72B)
Class androidx.room.parser.SQLiteVisitor                                              : loaded 2 times (x 70B)
Class androidx.room.parser.SQLiteParser$Column_constraintContext                      : loaded 2 times (x 172B)
Class org.sqlite.date.FastDatePrinter$NumberRule                                      : loaded 2 times (x 70B)
Class org.sqlite.date.FastDateFormat                                                  : loaded 2 times (x 114B)
Class androidx.room.jarjarred.kotlinx.metadata.internal.metadata.ProtoBuf$Type$Argument: loaded 2 times (x 110B)
Class androidx.room.vo.Field$pathWithDotNotation$2                                    : loaded 2 times (x 79B)
Class androidx.room.processor.Context$CommonTypes                                     : loaded 2 times (x 72B)
Class androidx.room.compiler.processing.javac.kotlin.KmFunctionContainer              : loaded 2 times (x 70B)
Class [Landroidx.room.jarjarred.kotlinx.metadata.MemberKind;                          : loaded 2 times (x 69B)
Class androidx.room.jarjarred.kotlinx.metadata.internal.metadata.ProtoBuf$Class$1     : loaded 2 times (x 144B)
Class androidx.room.jarjarred.kotlinx.metadata.internal.metadata.ProtoBuf$Contract$1  : loaded 2 times (x 144B)
Class androidx.room.jarjarred.kotlinx.metadata.internal.metadata.ProtoBuf$Type$1      : loaded 2 times (x 144B)
Class androidx.room.jarjarred.kotlinx.metadata.KmFunction                             : loaded 2 times (x 82B)
Class androidx.room.solver.shortcut.binderprovider.RxCallableUpsertMethodBinderProvider: loaded 2 times (x 79B)
Class androidx.room.solver.shortcut.binderprovider.RxCallableDeleteOrUpdateMethodBinderProvider$Companion: loaded 2 times (x 71B)
Class androidx.room.solver.shortcut.binderprovider.RxCallableDeleteOrUpdateMethodBinderProvider: loaded 2 times (x 79B)
Class androidx.room.solver.prepared.binderprovider.InstantPreparedQueryResultBinderProvider: loaded 2 times (x 76B)
Class androidx.room.compiler.processing.XMessager                                     : loaded 2 times (x 73B)
Class androidx.room.compiler.processing.javac.JavacTypeElement$allFieldsIncludingPrivateSupers$1: loaded 2 times (x 79B)
Class androidx.room.vo.Field$getterNameWithVariations$2                               : loaded 2 times (x 79B)
Class kotlin.reflect.jvm.internal.KClassImpl$Data$allStaticMembers$2                  : loaded 2 times (x 79B)
Class androidx.room.compiler.processing.XProcessingStep                               : loaded 2 times (x 70B)
Class androidx.room.jarjarred.kotlinx.metadata.internal.metadata.ProtoBuf$Type$ArgumentOrBuilder: loaded 2 times (x 70B)
Class org.sqlite.date.FormatCache                                                     : loaded 2 times (x 78B)
Class org.gradle.internal.impldep.com.google.common.base.Objects                      : loaded 2 times (x 71B)
Class androidx.room.jarjarred.org.antlr.v4.runtime.BaseErrorListener                  : loaded 2 times (x 81B)
Class org.apache.commons.codec.BinaryEncoder                                          : loaded 2 times (x 70B)
Class androidx.room.writer.TypeWriter$addGeneratedAnnotationIfAvailable$1$1           : loaded 2 times (x 79B)
Class org.gradle.api.internal.classpath.ManifestUtil                                  : loaded 2 times (x 71B)
Class org.gradle.tooling.internal.adapter.ProtocolToModelAdapter$InvocationHandlerImpl: loaded 2 times (x 77B)
Class com.google.common.collect.CollectCollectors                                     : loaded 2 times (x 71B)
Class org.objectweb.asm.ModuleWriter                                                  : loaded 2 times (x 82B)
Class com.google.common.cache.LocalCache$EntryFactory$3                               : loaded 2 times (x 83B)
Class com.google.common.base.Ticker$1                                                 : loaded 2 times (x 72B)
Class org.gradle.tooling.model.BuildIdentifier                                        : loaded 2 times (x 70B)
Class androidx.room.compiler.codegen.XFunSpec$Companion                               : loaded 2 times (x 71B)
Class androidx.room.vo.Dao$insertOrUpsertShortcutMethods$2                            : loaded 2 times (x 79B)
Class androidx.room.parser.Section$BindVar                                            : loaded 2 times (x 73B)
Class androidx.room.vo.RelationCollector$LongSparseArrayKeyQueryParameterAdapter      : loaded 2 times (x 73B)
Class androidx.room.jarjarred.org.antlr.v4.runtime.atn.ATNConfigSet$ConfigEqualityComparator: loaded 2 times (x 77B)
Class androidx.room.jarjarred.org.antlr.v4.runtime.misc.IntegerList                   : loaded 2 times (x 72B)
Class androidx.room.jarjarred.org.antlr.v4.runtime.atn.DecisionState                  : loaded 2 times (x 82B)
Class androidx.room.jarjarred.kotlinx.metadata.internal.metadata.ProtoBuf$Type$Argument$1: loaded 2 times (x 144B)
Class androidx.room.compiler.processing.javac.kotlin.JvmDescriptorTypeVisitor         : loaded 2 times (x 99B)
Class androidx.room.jarjarred.kotlinx.metadata.internal.metadata.jvm.JvmProtoBuf$JvmMethodSignatureOrBuilder: loaded 2 times (x 70B)
Class androidx.room.processor.ProcessorErrors$INVALID_ANNOTATION_COUNT_IN_DAO_METHOD$1: loaded 2 times (x 78B)
Class androidx.room.processor.DaoProcessor$Companion                                  : loaded 2 times (x 71B)
Class androidx.room.solver.types.PrimitiveColumnTypeAdapter                           : loaded 2 times (x 85B)
Class androidx.room.log.RLog                                                          : loaded 2 times (x 72B)
Class org.gradle.tooling.model.build.GradleEnvironment                                : loaded 2 times (x 70B)
Class org.jetbrains.kotlin.idea.gradleTooling.reflect.GradleReflectionLogger          : loaded 2 times (x 75B)
Class com.google.common.util.concurrent.ExecutionError                                : loaded 2 times (x 82B)
Class com.google.common.collect.ImmutableEnumSet                                      : loaded 2 times (x 146B)
Class com.android.builder.model.v2.models.VariantDependenciesAdjacencyList            : loaded 2 times (x 70B)
Class org.jetbrains.org.objectweb.asm.tree.InsnNode                                   : loaded 2 times (x 78B)
Class [Lkotlin.jvm.functions.Function1;                                               : loaded 2 times (x 69B)
Class com.google.common.collect.ImmutableBiMap$SerializedForm                         : loaded 2 times (x 75B)
Class com.google.common.collect.CollectSpliterators$1                                 : loaded 2 times (x 90B)
Class com.android.builder.model.v2.ide.VectorDrawablesOptions                         : loaded 2 times (x 70B)
Class com.google.common.cache.LocalCache$EntryFactory$4                               : loaded 2 times (x 83B)
Class com.google.common.collect.AbstractMapBasedMultimap$WrappedCollection            : loaded 2 times (x 124B)
Class com.google.common.collect.ImmutableSet$Builder                                  : loaded 2 times (x 85B)
Class [Lcom.google.common.cache.RemovalCause;                                         : loaded 2 times (x 69B)
Class com.squareup.javapoet.AnnotationSpec                                            : loaded 2 times (x 72B)
Class com.squareup.javapoet.CodeBlock                                                 : loaded 2 times (x 72B)
Class [Lcom.squareup.kotlinpoet.TypeName;                                             : loaded 2 times (x 69B)
Class androidx.room.jarjarred.org.antlr.v4.runtime.atn.SemanticContext$Empty          : loaded 2 times (x 73B)
Class androidx.room.parser.SQLiteParser$Column_nameContext                            : loaded 2 times (x 152B)
Class androidx.room.jarjarred.org.antlr.v4.runtime.Parser                             : loaded 2 times (x 153B)
Class androidx.room.jarjarred.org.antlr.v4.runtime.misc.Array2DHashSet                : loaded 2 times (x 140B)
Class androidx.room.jarjarred.org.antlr.v4.runtime.atn.PlusBlockStartState            : loaded 2 times (x 83B)
Class androidx.room.jarjarred.kotlinx.metadata.KmConstructorVisitor                   : loaded 2 times (x 76B)
Class androidx.room.jarjarred.kotlinx.metadata.internal.metadata.ProtoBuf$Property    : loaded 2 times (x 148B)
Class androidx.room.jarjarred.kotlinx.metadata.internal.metadata.ProtoBuf$Function$1  : loaded 2 times (x 144B)
Class androidx.room.processor.TableEntityProcessor$process$1                          : loaded 2 times (x 79B)
Class androidx.room.BuiltInTypeConverters$State                                       : loaded 2 times (x 79B)
Class kotlin.reflect.jvm.internal.impl.builtins.functions.FunctionClassKind           : loaded 2 times (x 80B)
Class kotlin.reflect.jvm.internal.KCallableImpl$_parameters$1                         : loaded 2 times (x 79B)
Class org.jetbrains.org.objectweb.asm.tree.Util                                       : loaded 2 times (x 71B)
Class com.intellij.gradle.toolingExtension.impl.model.dependencyModel.GradleDependencyTraverser: loaded 2 times (x 80B)
Class [Lorg.jetbrains.kotlin.metadata.ProtoBuf$Modality;                              : loaded 2 times (x 69B)
Class com.intellij.gradle.toolingExtension.impl.model.sourceSetDependencyModel.DefaultGradleSourceSetDependencyModel: loaded 2 times (x 77B)
Class org.jetbrains.kotlin.descriptors.Visibility                                     : loaded 2 times (x 79B)
Class org.jetbrains.kotlin.protobuf.RopeByteString$RopeInputStream                    : loaded 2 times (x 92B)
Class org.jetbrains.kotlin.protobuf.CodedInputStream                                  : loaded 2 times (x 72B)
Class com.intellij.gradle.toolingExtension.impl.model.utilDummyModel.DefaultDummyModel: loaded 2 times (x 73B)
Class com.intellij.gradle.toolingExtension.impl.initScript.util.GradleLifecycleUtil   : loaded 2 times (x 71B)
Class com.google.auto.common.MoreTypes$DeclaredTypeVisitor                            : loaded 2 times (x 102B)
Class com.google.common.io.ByteStreams$1                                              : loaded 2 times (x 85B)
Class com.android.builder.model.v2.ide.Edge                                           : loaded 2 times (x 70B)
Class com.android.builder.model.v2.models.VariantDependenciesFlatList                 : loaded 2 times (x 70B)
Class com.google.common.cache.LocalCache$EntryFactory$5                               : loaded 2 times (x 83B)
Class com.google.common.collect.ReverseOrdering                                       : loaded 2 times (x 115B)
Class org.gradle.tooling.model.build.JavaEnvironment                                  : loaded 2 times (x 70B)
Class androidx.room.writer.EntityInsertionAdapterWriter$createAnonymous$1$1$query$1$1 : loaded 2 times (x 78B)
Class androidx.room.jarjarred.org.antlr.v4.runtime.Lexer                              : loaded 2 times (x 142B)
Class org.sqlite.SQLiteLimits                                                         : loaded 2 times (x 79B)
Class org.sqlite.date.FastDatePrinter                                                 : loaded 2 times (x 99B)
Class org.sqlite.jdbc3.JDBC3DatabaseMetaData                                          : loaded 2 times (x 441B)
Class androidx.room.compiler.processing.javac.JavacConstructorElement                 : loaded 2 times (x 256B)
Class androidx.room.jarjarred.kotlinx.metadata.Attributes$kind$11                     : loaded 2 times (x 137B)
Class androidx.room.jarjarred.kotlinx.metadata.jvm.JvmMethodSignature                 : loaded 2 times (x 74B)
Class androidx.room.jarjarred.kotlinx.metadata.internal.metadata.deserialization.ProtoBufUtilKt: loaded 2 times (x 71B)
Class androidx.room.jarjarred.kotlinx.metadata.jvm.JvmTypeExtensionVisitor$Companion  : loaded 2 times (x 71B)
Class androidx.room.jarjarred.kotlinx.metadata.internal.metadata.ProtoBuf$TypeParameter$Variance: loaded 2 times (x 82B)
Class androidx.room.jarjarred.kotlinx.metadata.jvm.KotlinClassMetadata                : loaded 2 times (x 72B)
Class [Landroidx.room.Index;                                                          : loaded 2 times (x 69B)
Class androidx.room.compiler.processing.javac.JavacAnnotationBoxKt$ANNOTATION_VALUE_TO_STRING_VISITOR$1: loaded 2 times (x 105B)
Class androidx.room.solver.prepared.binderprovider.RxPreparedQueryResultBinderProvider$hasRxJavaArtifact$2: loaded 2 times (x 79B)
Class androidx.room.solver.binderprovider.CoroutineFlowResultBinderProviderImpl$Companion: loaded 2 times (x 71B)
Class androidx.room.ext.RoomPagingTypeNames                                           : loaded 2 times (x 71B)
Class androidx.room.ext.Package_extKt$PACKAGE_NAME_OVERRIDES$2                        : loaded 2 times (x 78B)
Class androidx.room.solver.types.ByteArrayColumnTypeAdapter$Companion                 : loaded 2 times (x 71B)
Class androidx.room.solver.types.BoxedPrimitiveColumnTypeAdapter$Companion            : loaded 2 times (x 71B)
Class kotlin.reflect.jvm.internal.KClassImpl$Data$simpleName$2                        : loaded 2 times (x 79B)
Class androidx.room.solver.shortcut.binderprovider.GuavaListenableFutureInsertMethodBinderProvider$hasGuavaRoom$2: loaded 2 times (x 79B)
Class kotlin.reflect.jvm.internal.CachesKt$CACHE_FOR_BASE_CLASSIFIERS$1               : loaded 2 times (x 78B)
Class androidx.room.solver.shortcut.binderprovider.InstantInsertMethodBinderProvider  : loaded 2 times (x 76B)
Class androidx.room.compiler.processing.javac.JavacProcessingEnv$Companion            : loaded 2 times (x 71B)
Class androidx.room.compiler.processing.XProcessingEnv                                : loaded 2 times (x 70B)
Class androidx.room.jarjarred.kotlinx.metadata.internal.metadata.ProtoBuf$TypeTable   : loaded 2 times (x 109B)
Class androidx.room.jarjarred.kotlinx.metadata.Attributes$isNullCheckPredicate$2      : loaded 2 times (x 137B)
Class org.sqlite.SQLiteJDBCLoader                                                     : loaded 2 times (x 71B)
Class org.sqlite.SQLiteConfig$Pragma                                                  : loaded 2 times (x 79B)
Class org.jetbrains.kotlin.mpp.DeclarationSymbolMarker                                : loaded 2 times (x 70B)
Class org.sqlite.ExtendedCommand                                                      : loaded 2 times (x 71B)
Class org.jetbrains.kotlin.protobuf.MessageLite$Builder                               : loaded 2 times (x 70B)
Class org.apache.commons.io.output.AppendableWriter                                   : loaded 2 times (x 100B)
Class org.jetbrains.kotlin.config.JVMAssertionsMode$Companion                         : loaded 2 times (x 71B)
Class com.android.builder.model.v2.ide.SourceSetContainer                             : loaded 2 times (x 70B)
Class com.google.common.cache.LocalCache$EntryFactory$6                               : loaded 2 times (x 83B)
Class org.gradle.internal.time.Timer                                                  : loaded 2 times (x 70B)
Class org.gradle.internal.installation.CurrentGradleInstallationLocator               : loaded 2 times (x 71B)
Class androidx.room.writer.EntityInsertionAdapterWriter$createAnonymous$1$1$query$1$2 : loaded 2 times (x 79B)
Class androidx.room.parser.ParsedQuery$queryWithReplacedBindParams$2                  : loaded 2 times (x 79B)
Class androidx.room.jarjarred.org.antlr.v4.runtime.tree.ParseTreeListener             : loaded 2 times (x 70B)
Class androidx.room.jarjarred.org.antlr.v4.runtime.atn.ATNState                       : loaded 2 times (x 82B)
Class androidx.room.processor.MethodProcessorDelegateKt                               : loaded 2 times (x 71B)
Class androidx.room.processor.InternalQueryProcessor$Companion                        : loaded 2 times (x 71B)
Class org.sqlite.date.FastDateParser                                                  : loaded 2 times (x 91B)
Class [Lorg.sqlite.SQLiteConfig$TempStore;                                            : loaded 2 times (x 69B)
Class org.sqlite.Collation                                                            : loaded 2 times (x 73B)
Class androidx.room.compiler.processing.javac.JavacMethodElement$parameters$2$1$1     : loaded 2 times (x 79B)
Class androidx.room.jarjarred.kotlinx.metadata.NodesKt                                : loaded 2 times (x 71B)
Class androidx.room.jarjarred.kotlinx.metadata.internal.metadata.ProtoBuf$PropertyOrBuilder: loaded 2 times (x 70B)
Class androidx.room.Entity                                                            : loaded 2 times (x 70B)
Class androidx.room.jarjarred.org.antlr.v4.runtime.ANTLRErrorStrategy                 : loaded 2 times (x 70B)
Class androidx.room.solver.shortcut.binderprovider.RxCompletableDeleteOrUpdateMethodBinderProvider$completableType$2: loaded 2 times (x 79B)
Class androidx.room.solver.shortcut.binderprovider.RxCompletableInsertMethodBinderProvider: loaded 2 times (x 79B)
Class androidx.room.compiler.processing.javac.kotlin.KmClassContainer$Companion       : loaded 2 times (x 71B)
Class androidx.room.compiler.codegen.XTypeName$Companion                              : loaded 2 times (x 71B)
Class androidx.room.compiler.codegen.XTypeName                                        : loaded 2 times (x 75B)
Class com.android.ide.gradle.model.impl.GradlePluginModelImpl                         : loaded 2 times (x 76B)
Class androidx.room.parser.SQLiteParser$Comma_separated_exprContext                   : loaded 2 times (x 155B)
Class org.jetbrains.kotlin.protobuf.FieldSet$1                                        : loaded 2 times (x 71B)
Class org.jetbrains.org.objectweb.asm.tree.LdcInsnNode                                : loaded 2 times (x 78B)
Class [Lkotlin.io.FileWalkDirection;                                                  : loaded 2 times (x 69B)
Class org.apache.commons.io.output.ThresholdingOutputStream                           : loaded 2 times (x 95B)
Class com.google.common.io.ByteSource$SlicedByteSource                                : loaded 2 times (x 85B)
Class org.jetbrains.kotlin.cli.common.messages.CompilerMessageSeverity$Companion      : loaded 2 times (x 71B)
Class com.google.common.collect.ImmutableMultimap$Builder                             : loaded 2 times (x 86B)
Class com.android.builder.model.v2.ide.LintOptions                                    : loaded 2 times (x 70B)
Class com.google.common.collect.Maps$KeySet                                           : loaded 2 times (x 137B)
Class com.google.common.cache.LocalCache$EntryFactory$7                               : loaded 2 times (x 83B)
Class com.google.common.collect.ImmutableSet$EmptySetBuilderImpl                      : loaded 2 times (x 76B)
Class org.gradle.tooling.internal.adapter.ProtocolToModelAdapter$ViewGraphDetails     : loaded 2 times (x 72B)
Class org.gradle.tooling.model.idea.IdeaProject                                       : loaded 2 times (x 70B)
Class org.gradle.tooling.model.DomainObjectSet                                        : loaded 2 times (x 70B)
Class org.gradle.internal.service.DefaultServiceLocator                               : loaded 2 times (x 83B)
Class androidx.room.ext.Xelement_extKt                                                : loaded 2 times (x 71B)
Class androidx.room.ext.AndroidTypeNames                                              : loaded 2 times (x 71B)
Class org.gradle.internal.classloader.ClassLoaderHierarchy                            : loaded 2 times (x 70B)
Class androidx.room.solver.CodeGenScope                                               : loaded 2 times (x 72B)
Class androidx.room.compiler.codegen.java.JavaCodeBlock                               : loaded 2 times (x 78B)
Class androidx.room.jarjarred.org.antlr.v4.runtime.atn.SemanticContext$Operator       : loaded 2 times (x 74B)
Class androidx.room.jarjarred.org.antlr.v4.runtime.atn.ArrayPredictionContext         : loaded 2 times (x 80B)
Class androidx.room.parser.SQLiteParser$Literal_valueContext                          : loaded 2 times (x 159B)
Class [Landroidx.room.jarjarred.org.antlr.v4.runtime.dfa.DFA;                         : loaded 2 times (x 69B)
Class [Landroidx.room.jarjarred.org.antlr.v4.runtime.atn.RuleStartState;              : loaded 2 times (x 69B)
Class androidx.room.jarjarred.org.antlr.v4.runtime.CodePointBuffer$Builder            : loaded 2 times (x 79B)
Class androidx.room.vo.FieldGetter                                                    : loaded 2 times (x 72B)
Class androidx.room.compiler.processing.javac.JavacExecutableType                     : loaded 2 times (x 81B)
Class androidx.room.jarjarred.kotlinx.metadata.internal.FlagDelegatesImplKt$typeBooleanFlag$1: loaded 2 times (x 137B)
Class androidx.room.jarjarred.kotlinx.metadata.KmPropertyVisitor                      : loaded 2 times (x 80B)
Class [Landroidx.room.jarjarred.kotlinx.metadata.internal.metadata.jvm.JvmProtoBuf$StringTableTypes$Record$Operation;: loaded 2 times (x 69B)
Class [Lcom.google.common.base.AbstractIterator$State;                                : loaded 2 times (x 69B)
Class com.google.common.io.FileWriteMode                                              : loaded 2 times (x 79B)
Class [Lcom.google.common.collect.MapMakerInternalMap$Segment;                        : loaded 2 times (x 69B)
Class com.google.common.cache.LocalCache$ValueIterator                                : loaded 2 times (x 86B)
Class org.jetbrains.kotlin.idea.gradleTooling.KotlinGradlePluginVersion$Companion     : loaded 2 times (x 71B)
Class jdk.internal.jimage.BasicImageReader                                            : loaded 2 times (x 95B)
Class org.jetbrains.kotlin.load.kotlin.FileBasedKotlinClass$OuterAndInnerName         : loaded 2 times (x 72B)
Class org.jetbrains.kotlin.metadata.ProtoBuf$ContractOrBuilder                        : loaded 2 times (x 70B)
Class [Lorg.jetbrains.kotlin.metadata.ProtoBuf$Visibility;                            : loaded 2 times (x 69B)
Class com.intellij.gradle.toolingExtension.impl.model.utilTurnOffDefaultTasksModel.DefaultTurnOffDefaultTasks: loaded 2 times (x 71B)
Class org.jetbrains.kotlin.metadata.ProtoBuf$Class$Kind$1                             : loaded 2 times (x 74B)
Class org.jetbrains.kotlin.protobuf.SmallSortedMap$Entry                              : loaded 2 times (x 88B)
Class org.jetbrains.kotlin.metadata.ProtoBuf$Package$1                                : loaded 2 times (x 144B)
Class kotlin.reflect.jvm.internal.KCallableImpl$_annotations$1                        : loaded 2 times (x 79B)
Class org.jetbrains.org.objectweb.asm.tree.UnsupportedClassVersionException           : loaded 2 times (x 82B)
Class kotlin.io.FileTreeWalk                                                          : loaded 2 times (x 75B)
Class jdk.internal.jrtfs.JrtDirectoryStream                                           : loaded 2 times (x 89B)
Class com.google.common.cache.LocalCache$SoftValueReference                           : loaded 2 times (x 97B)
Class com.google.common.collect.Maps$EntrySet                                         : loaded 2 times (x 136B)
Class com.google.common.collect.ImmutableMultimap$EntryCollection                     : loaded 2 times (x 128B)
Class com.android.builder.model.v2.ide.BasicArtifact                                  : loaded 2 times (x 70B)
Class org.jetbrains.kotlin.util.capitalizeDecapitalize.CapitalizeDecapitalizeKt       : loaded 2 times (x 71B)
Class com.google.common.cache.LocalCache$EntryFactory$8                               : loaded 2 times (x 83B)
Class com.google.common.collect.ComparisonChain$InactiveComparisonChain               : loaded 2 times (x 80B)
Class org.gradle.util.GradleVersion                                                   : loaded 2 times (x 79B)
Class org.gradle.internal.installation.CurrentGradleInstallation                      : loaded 2 times (x 73B)
Class kotlin.reflect.jvm.internal.KClassImpl$Data$inheritedNonStaticMembers$2         : loaded 2 times (x 79B)
Class androidx.room.processor.Context$queryRewriter$2                                 : loaded 2 times (x 79B)
Class androidx.room.compiler.processing.XFiler$Mode                                   : loaded 2 times (x 79B)
Class androidx.room.ext.ReactiveStreamsTypeNames                                      : loaded 2 times (x 71B)
Class androidx.room.jarjarred.org.antlr.v4.runtime.RuleContext                        : loaded 2 times (x 132B)
Class androidx.room.jarjarred.org.antlr.v4.runtime.atn.OrderedATNConfigSet            : loaded 2 times (x 148B)
Class [Landroidx.room.jarjarred.org.antlr.v4.runtime.atn.ATNState;                    : loaded 2 times (x 69B)
Class org.sqlite.core.CoreResultSet                                                   : loaded 2 times (x 82B)
Class org.sqlite.SQLiteConfig$TempStore                                               : loaded 2 times (x 82B)
Class androidx.room.jarjarred.kotlinx.metadata.KmClassifier$TypeParameter             : loaded 2 times (x 71B)
Class androidx.room.jarjarred.kotlinx.metadata.jvm.JvmPropertyExtensionVisitor$Companion: loaded 2 times (x 71B)
Class androidx.room.jarjarred.kotlinx.metadata.internal.metadata.deserialization.Flags$FlagField: loaded 2 times (x 73B)
Class androidx.room.jarjarred.kotlinx.metadata.internal.metadata.jvm.deserialization.JvmNameResolverBase$WhenMappings: loaded 2 times (x 71B)
Class androidx.room.jarjarred.kotlinx.metadata.internal.metadata.jvm.deserialization.JvmMetadataVersion: loaded 2 times (x 74B)
Class androidx.room.solver.TypeAdapterStore                                           : loaded 2 times (x 72B)
Class androidx.room.solver.types.ColumnTypeAdapter                                    : loaded 2 times (x 85B)
Class [Landroidx.room.processor.FieldProcessor$BindingScope;                          : loaded 2 times (x 69B)
Class androidx.room.compiler.processing.javac.kotlin.KmClassContainer                 : loaded 2 times (x 79B)
Class androidx.room.solver.shortcut.binderprovider.RxCallableInsertMethodBinderProvider: loaded 2 times (x 79B)
Class androidx.room.Insert                                                            : loaded 2 times (x 70B)
Class androidx.room.processor.Context$schemaOutFolderPath$2                           : loaded 2 times (x 79B)
Class androidx.room.compiler.processing.javac.JavacArrayType                          : loaded 2 times (x 211B)
Class org.jetbrains.kotlin.idea.gradleTooling.KotlinTasksPropertyUtilsKt              : loaded 2 times (x 71B)
Class androidx.room.solver.types.TypeConverter$Cost$Companion                         : loaded 2 times (x 71B)
Class androidx.room.compiler.processing.javac.JavacAnnotationBoxKt$ANNOTATION_VALUE_TO_FLOAT_VISITOR$1: loaded 2 times (x 105B)
Class androidx.room.jarjarred.kotlinx.metadata.internal.protobuf.LazyFieldLite        : loaded 2 times (x 82B)
Class androidx.room.jarjarred.kotlinx.metadata.internal.metadata.jvm.JvmProtoBuf$StringTableTypes$Record: loaded 2 times (x 119B)
Class androidx.room.jarjarred.kotlinx.metadata.internal.ReadersKt                     : loaded 2 times (x 71B)
Class androidx.room.jarjarred.kotlinx.metadata.internal.BooleanFlagDelegate           : loaded 2 times (x 72B)
Class org.jetbrains.kotlin.protobuf.FieldSet$FieldDescriptorLite                      : loaded 2 times (x 70B)
Class org.jetbrains.kotlin.protobuf.AbstractMessageLite                               : loaded 2 times (x 98B)
Class com.google.common.cache.CacheLoader$1                                           : loaded 2 times (x 75B)
Class androidx.room.compiler.processing.javac.kotlin.KmClassContainer$typeParameters$2: loaded 2 times (x 79B)
Class kotlin.jvm.internal.Ref$BooleanRef                                              : loaded 2 times (x 71B)
Class kotlin.jvm.internal.StringCompanionObject                                       : loaded 2 times (x 71B)
Class org.gradle.tooling.internal.adapter.ProtocolToModelAdapter$MethodInvocationCache$MethodInvocationKey: loaded 2 times (x 73B)
Class org.gradle.util.internal.GUtil                                                  : loaded 2 times (x 71B)
Class androidx.room.writer.DaoWriter$createConverterListMethod$1                      : loaded 2 times (x 78B)
Class androidx.room.vo.Dao$typeName$2                                                 : loaded 2 times (x 79B)
Class org.sqlite.SQLiteConnectionConfig                                               : loaded 2 times (x 88B)
Class [Lorg.sqlite.SQLiteConfig$JournalMode;                                          : loaded 2 times (x 69B)
Class androidx.room.parser.SqlParser                                                  : loaded 2 times (x 71B)
Class androidx.room.compiler.processing.XFieldElement                                 : loaded 2 times (x 70B)
Class androidx.room.jarjarred.kotlinx.metadata.KmProperty                             : loaded 2 times (x 81B)
Class androidx.room.jarjarred.kotlinx.metadata.internal.protobuf.GeneratedMessageLite$ExtendableMessageOrBuilder: loaded 2 times (x 70B)
Class [Landroidx.room.compiler.processing.XAnnotationBox;                             : loaded 2 times (x 69B)
Class androidx.room.compiler.processing.javac.AnnotationClassVisitor                  : loaded 2 times (x 105B)
Class androidx.room.solver.shortcut.binderprovider.InstantUpsertMethodBinderProvider  : loaded 2 times (x 76B)
Class androidx.room.solver.binderprovider.DataSourceQueryResultBinderProvider$positionalDataSourceType$2: loaded 2 times (x 79B)
Class androidx.room.solver.types.StringColumnTypeAdapter$Companion                    : loaded 2 times (x 71B)
Class androidx.room.solver.types.BoxedPrimitiveColumnTypeAdapter                      : loaded 2 times (x 85B)
Class org.sqlite.SQLiteConfig$Encoding                                                : loaded 2 times (x 82B)
Class androidx.room.compiler.processing.javac.JavacFiler                              : loaded 2 times (x 78B)
Class [Lorg.sqlite.SQLiteConfig$HexKeyMode;                                           : loaded 2 times (x 69B)
Class org.jetbrains.plugins.gradle.model.DefaultGradleExtensions                      : loaded 2 times (x 88B)
Class org.jetbrains.kotlin.idea.gradleTooling.model.kapt.KaptSourceSetModelImpl       : loaded 2 times (x 85B)
Class org.sqlite.date.FastDateParser$4                                                : loaded 2 times (x 79B)
Class androidx.room.parser.SQLiteParser$Function_nameContext                          : loaded 2 times (x 152B)
Class androidx.room.jarjarred.org.antlr.v4.runtime.WritableToken                      : loaded 2 times (x 70B)
Class androidx.room.jarjarred.org.antlr.v4.runtime.misc.FlexibleHashMap               : loaded 2 times (x 125B)
Class com.intellij.gradle.toolingExtension.impl.model.dependencyDownloadPolicyModel.DefaultGradleDependencyDownloadPolicy: loaded 2 times (x 77B)
Class androidx.room.processor.QueryRewriter$Companion$NoOpRewriter$1                  : loaded 2 times (x 74B)
Class org.gradle.internal.classloader.FilteringClassLoader                            : loaded 2 times (x 105B)
Class kotlin.text.MatcherMatchResult                                                  : loaded 2 times (x 80B)
Class org.jetbrains.kotlin.metadata.jvm.JvmProtoBuf$StringTableTypes$Record           : loaded 2 times (x 119B)
Class org.jetbrains.kotlin.protobuf.FieldSet                                          : loaded 2 times (x 72B)
Class kotlin.text.MatchGroupCollection                                                : loaded 2 times (x 70B)
Class com.google.common.io.ByteSource                                                 : loaded 2 times (x 84B)
Class com.google.common.util.concurrent.AbstractFuture$SetFuture                      : loaded 2 times (x 75B)
Class com.android.utils.StringHelper                                                  : loaded 2 times (x 71B)
Class com.google.common.cache.AbstractCache$StatsCounter                              : loaded 2 times (x 70B)
Class androidx.room.writer.DaoWriter$createConverterListMethod$2                      : loaded 2 times (x 78B)
Class androidx.room.solver.types.CustomTypeConverterWrapperKt                         : loaded 2 times (x 71B)
Class androidx.room.migration.bundle.DatabaseBundle$viewsByName$2                     : loaded 2 times (x 79B)
Class androidx.room.parser.Section$Text                                               : loaded 2 times (x 73B)
Class androidx.room.parser.SQLiteParser$Join_constraintContext                        : loaded 2 times (x 160B)
Class androidx.room.jarjarred.org.antlr.v4.runtime.FailedPredicateException           : loaded 2 times (x 93B)
Class org.sqlite.jdbc3.JDBC3Statement                                                 : loaded 2 times (x 128B)
Class [Lorg.sqlite.SQLiteConfig$TransactionMode;                                      : loaded 2 times (x 69B)
Class [Landroidx.room.vo.CallType;                                                    : loaded 2 times (x 69B)
Class androidx.room.compiler.processing.javac.JavacFieldElement$setter$2              : loaded 2 times (x 79B)
Class androidx.room.compiler.processing.javac.kotlin.JvmDescriptorTypeVisitor$WhenMappings: loaded 2 times (x 71B)
Class androidx.room.compiler.processing.javac.JavacMethodElement$executableType$2     : loaded 2 times (x 79B)
Class [Landroidx.room.jarjarred.kotlinx.metadata.Visibility;                          : loaded 2 times (x 69B)
Class com.android.builder.model.v2.ide.ViewBindingOptions                             : loaded 2 times (x 70B)
Class com.google.common.io.LineReader                                                 : loaded 2 times (x 72B)
Class kotlin.io.TextStreamsKt                                                         : loaded 2 times (x 71B)
Class org.jetbrains.kotlin.descriptors.SourceElement                                  : loaded 2 times (x 70B)
Class androidx.room.processor.DatabaseProcessor$roomDatabaseType$2                    : loaded 2 times (x 79B)
Class androidx.room.processor.CustomConverterProcessor                                : loaded 2 times (x 72B)
Class androidx.room.solver.binderprovider.RxJava3PagingSourceQueryResultBinderProviderKt: loaded 2 times (x 71B)
Class org.jetbrains.kotlin.metadata.ProtoBuf$TypeParameter$Variance$1                 : loaded 2 times (x 74B)
Class androidx.room.processor.CustomConverterProcessor$ProcessResult$Companion        : loaded 2 times (x 71B)
Class androidx.room.compiler.processing.XEquality                                     : loaded 2 times (x 70B)
Class org.jetbrains.kotlin.idea.gradleTooling.reflect.KotlinSourceSetReflectionImpl   : loaded 2 times (x 82B)
Class com.intellij.gradle.toolingExtension.impl.model.sourceSetModel.DefaultGradleSourceSetModel: loaded 2 times (x 80B)
Class androidx.room.jarjarred.kotlinx.metadata.internal.protobuf.GeneratedMessageLite$ExtendableMessage: loaded 2 times (x 113B)
Class [Lorg.jetbrains.kotlin.metadata.ProtoBuf$MemberKind;                            : loaded 2 times (x 69B)
Class org.jetbrains.kotlin.metadata.ProtoBuf$Package                                  : loaded 2 times (x 129B)
Class org.jetbrains.kotlin.metadata.ProtoBuf$TypeTableOrBuilder                       : loaded 2 times (x 70B)
Class org.jetbrains.kotlin.metadata.ProtoBuf$TypeOrBuilder                            : loaded 2 times (x 70B)
Class com.google.common.io.LineBuffer                                                 : loaded 2 times (x 75B)
Class com.google.common.collect.MapMakerInternalMap$1                                 : loaded 2 times (x 83B)
Class com.google.common.reflect.Types$TypeVariableImpl                                : loaded 2 times (x 72B)
Class com.android.builder.model.v2.dsl.BuildType                                      : loaded 2 times (x 70B)
Class org.gradle.tooling.internal.adapter.WeakIdentityHashMap                         : loaded 2 times (x 76B)
Class org.gradle.tooling.GradleConnectionException                                    : loaded 2 times (x 83B)
Class org.gradle.tooling.internal.adapter.ProtocolToModelAdapter$1                    : loaded 2 times (x 75B)
Class org.gradle.tooling.internal.adapter.ProtocolToModelAdapter$ViewDecoration       : loaded 2 times (x 70B)
Class org.gradle.internal.installation.GradleInstallation                             : loaded 2 times (x 75B)
Class androidx.room.solver.TypeAdapterStore$findRowAdapter$1                          : loaded 2 times (x 79B)
Class androidx.room.jarjarred.org.antlr.v4.runtime.dfa.DFASerializer                  : loaded 2 times (x 74B)
Class androidx.room.compiler.codegen.XTypeName$WhenMappings                           : loaded 2 times (x 71B)
Class org.sqlite.date.FastDateParser$1                                                : loaded 2 times (x 79B)
Class kotlin.reflect.jvm.internal.KPackageImpl$data$1                                 : loaded 2 times (x 79B)
Class androidx.room.jarjarred.kotlinx.metadata.internal.metadata.ProtoBuf$Function    : loaded 2 times (x 149B)
Class androidx.room.solver.prepared.binderprovider.RxCompletablePreparedQueryResultBinderProvider: loaded 2 times (x 79B)
Class androidx.room.solver.binderprovider.RxJava2PagingSourceQueryResultBinderProviderKt: loaded 2 times (x 71B)
Class [Landroidx.room.solver.types.TypeConverter;                                     : loaded 2 times (x 69B)
Class com.squareup.kotlinpoet.ClassNames                                              : loaded 2 times (x 71B)
Class com.squareup.javapoet.ClassName                                                 : loaded 2 times (x 84B)
Class org.jetbrains.plugins.gradle.model.DefaultFileCollectionDependency              : loaded 2 times (x 110B)
Class androidx.room.jarjarred.kotlinx.metadata.internal.metadata.jvm.deserialization.JvmNameResolverBase$Companion: loaded 2 times (x 71B)
Class androidx.room.jarjarred.kotlinx.metadata.KmTypeExtensionVisitor                 : loaded 2 times (x 70B)
Class com.intellij.gradle.toolingExtension.impl.util.javaPluginUtil.ExtensionJavaPluginAccessor: loaded 2 times (x 82B)
Class androidx.room.jarjarred.kotlinx.metadata.Attributes$hasAnnotations$2            : loaded 2 times (x 137B)
Class [Lorg.jetbrains.kotlin.descriptors.DescriptorVisibility;                        : loaded 2 times (x 69B)
Class kotlin.collections.CollectionsKt__IteratorsJVMKt$iterator$1                     : loaded 2 times (x 79B)
Class jdk.internal.jimage.decompressor.ResourceDecompressor$StringsProvider           : loaded 2 times (x 70B)
Class com.google.common.base.Splitter$Strategy                                        : loaded 2 times (x 70B)
Class org.jetbrains.kotlin.config.LanguageFeature$State                               : loaded 2 times (x 82B)
Class com.google.common.collect.Iterables                                             : loaded 2 times (x 71B)
Class com.google.common.collect.ForwardingCollection                                  : loaded 2 times (x 130B)
Class com.google.common.collect.LexicographicalOrdering                               : loaded 2 times (x 115B)
Class org.gradle.tooling.internal.adapter.MethodInvoker                               : loaded 2 times (x 70B)
Class androidx.room.jarjarred.kotlinx.metadata.internal.FlagDelegatesImplKt$functionBooleanFlag$1: loaded 2 times (x 137B)
Class androidx.room.compiler.codegen.XTypeSpec$Builder$Companion$WhenMappings         : loaded 2 times (x 71B)
Class [Lcom.squareup.kotlinpoet.Annotatable;                                          : loaded 2 times (x 69B)
Class androidx.room.parser.QueryVisitor                                               : loaded 2 times (x 257B)
Class androidx.room.jarjarred.org.antlr.v4.runtime.atn.SemanticContext$PrecedencePredicate: loaded 2 times (x 78B)
Class androidx.room.parser.SQLiteParser$Release_stmtContext                           : loaded 2 times (x 154B)
Class org.sqlite.date.FastDateParser$2                                                : loaded 2 times (x 79B)
Class androidx.room.processor.PojoProcessor$doProcess$unfilteredMyFields$1$1          : loaded 2 times (x 79B)
Class androidx.room.compiler.processing.javac.kotlin.KmClassContainer$superTypes$2    : loaded 2 times (x 79B)
Class androidx.room.jarjarred.kotlinx.metadata.KmConstructor                          : loaded 2 times (x 77B)
Class androidx.room.jarjarred.kotlinx.metadata.internal.protobuf.AbstractMessageLite$Builder: loaded 2 times (x 122B)
Class androidx.room.jarjarred.kotlinx.metadata.internal.metadata.jvm.deserialization.JvmNameResolver: loaded 2 times (x 80B)
Class androidx.room.jarjarred.kotlinx.metadata.internal.protobuf.InvalidProtocolBufferException: loaded 2 times (x 84B)
Class androidx.room.jarjarred.kotlinx.metadata.internal.extensions.KmExtension        : loaded 2 times (x 70B)
Class androidx.room.compiler.processing.javac.JavacAnnotationBoxKt                    : loaded 2 times (x 71B)
Class androidx.room.solver.shortcut.binderprovider.RxCompletableDeleteOrUpdateMethodBinderProvider: loaded 2 times (x 79B)
Class androidx.room.compiler.processing.javac.JavacProcessingEnvMessager              : loaded 2 times (x 73B)
Class androidx.room.compiler.processing.javac.JavacTypeElement$superClass$2           : loaded 2 times (x 79B)
Class kotlin.reflect.jvm.internal.impl.builtins.functions.FunctionClassKind$Companion : loaded 2 times (x 71B)
Class androidx.room.compiler.processing.ksp.KSTypeJavaPoetExtKt$typeVarNameConstructor$2: loaded 2 times (x 78B)
Class androidx.room.vo.Fields                                                         : loaded 2 times (x 173B)
Class [Landroidx.room.jarjarred.kotlinx.metadata.KmVariance;                          : loaded 2 times (x 69B)
Class org.jetbrains.plugins.gradle.tooling.util.GradleContainerUtil                   : loaded 2 times (x 71B)
Class org.jetbrains.plugins.gradle.model.DefaultGradleExtension                       : loaded 2 times (x 80B)
Class org.jetbrains.kotlin.idea.gradleTooling.reflect.KotlinCompilerArgumentsResolverReflectionImpl: loaded 2 times (x 75B)
Class androidx.room.jarjarred.kotlinx.metadata.KmTypeProjection$Companion             : loaded 2 times (x 71B)
Class org.sqlite.Function$Window                                                      : loaded 2 times (x 77B)
Class org.sqlite.date.FastDateParser$3                                                : loaded 2 times (x 79B)
Class androidx.room.jarjarred.org.antlr.v4.runtime.TokenSource                        : loaded 2 times (x 70B)
Class androidx.room.parser.SQLiteParser$Table_or_subqueryContext                      : loaded 2 times (x 171B)
Class androidx.room.parser.SQLiteParser$Table_aliasContext                            : loaded 2 times (x 156B)
Class [Landroidx.room.compiler.codegen.XCodeBlock;                                    : loaded 2 times (x 69B)
Class org.jetbrains.kotlin.metadata.jvm.JvmProtoBuf$StringTableTypes$Record$Operation : loaded 2 times (x 82B)
Class kotlin.io.FileWalkDirection                                                     : loaded 2 times (x 79B)
Class com.android.ide.common.gradle.Part                                              : loaded 2 times (x 77B)
Class androidx.room.writer.SQLiteOpenHelperWriter                                     : loaded 2 times (x 72B)
Class org.gradle.tooling.model.gradle.GradleScript                                    : loaded 2 times (x 70B)

---------------  S Y S T E M  ---------------

OS:
 Windows 11 , 64 bit Build 26100 (10.0.26100.7309)
OS uptime: 0 days 4:14 hours
Hyper-V role detected

CPU: total 12 (initial active 12) (12 cores per cpu, 2 threads per core) family 25 model 80 stepping 0 microcode 0xa50000c, cx8, cmov, fxsr, ht, mmx, 3dnowpref, sse, sse2, sse3, ssse3, sse4a, sse4.1, sse4.2, popcnt, lzcnt, tsc, tscinvbit, avx, avx2, aes, erms, clmul, bmi1, bmi2, adx, sha, fma, vzeroupper, clflush, clflushopt, hv, rdtscp, rdpid, fsrm, f16c, cet_ss
Processor Information for the first 12 processors :
  Max Mhz: 3901, Current Mhz: 3901, Mhz Limit: 3901

Memory: 4k page, system-wide physical 15741M (962M free)
TotalPageFile size 26664M (AvailPageFile size 3M)
current process WorkingSet (physical memory assigned to process): 1023M, peak: 2707M
current process commit charge ("private bytes"): 2800M, peak: 2913M

vm_info: OpenJDK 64-Bit Server VM (21.0.8+-14196175-b1038.72) for windows-amd64 JRE (21.0.8+-14196175-b1038.72), built on 2025-10-01T10:24:33Z by "builder" with MS VC++ 16.10 / 16.11 (VS2019)

END.
